Record_ID,State,District,Year,Season,Crop_Type,Rainfall_mm,Avg_Temperature_C,Humidity_percent,Soil_Type,Irrigation_Type,Fertilizer_Used_kg,Pesticide_Used_kg,Cultivated_Area_hectares,Yield_ton_per_hectare,Market_Price_per_ton,Farmer_Profit_INR
1,Uttarakhand,Dehradun,2014,Kharif,Rice,445.02,23.5,47.3,Black,Sprinkler,344.59,42.22,4471.68,1.83,34361.86,67904.0
2,Uttarakhand,Dehradun,2014,Rabi,Wheat,1410.24,32.3,73.6,Red,Rain-fed,217.81,29.71,1463.13,7.55,52216.79,106009.99999999999
3,Uttarakhand,Dehradun,2014,Kharif,Maize,787.56,33.3,40.6,Laterite,Canal,201.97,24.74,1785.38,3.13,14302.87,70380.0
4,Uttarakhand,Dehradun,2014,Kharif,Cotton,1892.93,30.4,82.4,Alluvial,Tube Well,280.94,43.75,324.54,2.86,27337.56,8166.0
5,Uttarakhand,Dehradun,2014,Zaid,Cotton,1216.14,34.7,43.9,Black,Drip,192.11,41.86,3538.92,6.19,15784.33,314345.0
6,Uttarakhand,Dehradun,2014,Rabi,Millets,1083.02,37.8,70.2,Laterite,Rain-fed,272.78,42.65,4229.97,6.86,24139.55,241455.00000000003
7,Uttarakhand,Dehradun,2014,Kharif,Rice,779.77,36.9,83.2,Sandy,Sprinkler,175.87,41.05,2038.6,7.88,36319.15,171064.0
8,Uttarakhand,Dehradun,2014,Kharif,Cotton,1744.62,26.6,67.1,Black,Tube Well,194.8,59.85,777.83,4.8,52056.45,62019.00000000001
9,Uttarakhand,Dehradun,2014,Rabi,Rice,1092.58,29.9,60.7,Red,Canal,150.57,35.43,4717.91,6.17,18071.24,490434.0
10,Uttarakhand,Dehradun,2014,Rabi,Cotton,1182.58,27.1,87.5,Sandy,Sprinkler,400.34,19.49,2552.87,2.5,60369.28,106615.00000000001
11,Uttarakhand,Dehradun,2014,Rabi,Sugarcane,675.11,33.3,64.7,Black,Canal,361.45,34.17,102.8,3.57,13032.27,6346.0
12,Uttarakhand,Dehradun,2014,Zaid,Sugarcane,1980.42,36.9,39.7,Black,Rain-fed,244.4,8.81,3826.95,6.79,18804.75,331382.0
13,Uttarakhand,Dehradun,2014,Rabi,Barley,2135.85,36.6,76.5,Alluvial,Drip,325.95,44.21,2055.06,6.1,31791.29,213061.0
14,Uttarakhand,Dehradun,2014,Rabi,Sugarcane,515.25,18.4,65.5,Alluvial,Sprinkler,285.38,5.4,3568.42,1.63,15572.22,48359.0
15,Uttarakhand,Dehradun,2014,Kharif,Sugarcane,901.26,27.7,64.7,Alluvial,Tube Well,339.34,53.53,2923.44,2.97,37067.57,104804.0
16,Uttarakhand,Dehradun,2014,Kharif,Pulses,1162.44,27.3,75.1,Black,Drip,319.35,59.13,582.25,4.14,29983.04,40055.0
17,Uttarakhand,Dehradun,2014,Zaid,Millets,652.33,21.7,60.4,Alluvial,Canal,399.79,9.15,4059.31,7.45,17189.16,439156.00000000006
18,Uttarakhand,Dehradun,2014,Rabi,Sugarcane,699.36,27.7,46.8,Red,Tube Well,210.42,8.22,1956.97,8.39,26055.76,260088.0
19,Uttarakhand,Haridwar,2014,Zaid,Millets,678.63,23.9,88.3,Black,Canal,281.67,34.82,3765.08,1.62,42961.41,79466.0
20,Uttarakhand,Haridwar,2014,Kharif,Rice,1932.42,19.4,38.7,Laterite,Sprinkler,394.73,27.21,4713.82,5.36,42682.71,212169.99999999997
21,Uttarakhand,Haridwar,2014,Kharif,Pulses,2082.47,22.1,74.4,Alluvial,Tube Well,145.47,26.77,3391.28,3.39,28757.39,178409.0
22,Uttarakhand,Haridwar,2014,Zaid,Rice,531.87,22.3,49.6,Red,Sprinkler,423.3,53.45,4408.42,3.9,20360.58,280887.0
23,Uttarakhand,Haridwar,2014,Rabi,Wheat,1602.15,29.1,86.2,Sandy,Drip,91.43,53.3,1395.88,7.69,51348.08,102560.99999999999
24,Uttarakhand,Haridwar,2014,Kharif,Pulses,766.48,30.7,49.5,Red,Drip,245.41,54.79,4245.91,1.87,34449.52,85487.0
25,Uttarakhand,Haridwar,2014,Rabi,Cotton,690.85,26.8,73.8,Sandy,Sprinkler,274.36,11.15,4730.75,6.24,19899.88,246794.99999999997
26,Uttarakhand,Haridwar,2014,Rabi,Maize,1173.62,18.8,55.1,Sandy,Tube Well,423.24,58.47,295.48,3.81,48149.53,16514.0
27,Uttarakhand,Haridwar,2014,Rabi,Maize,2066.37,22.7,43.9,Black,Rain-fed,369.95,14.74,2120.24,2.51,60997.83,84211.0
28,Uttarakhand,Haridwar,2014,Kharif,Maize,1817.27,20.2,83.0,Black,Canal,393.44,17.23,4101.27,4.56,28175.12,298358.0
29,Uttarakhand,Haridwar,2014,Kharif,Sugarcane,1117.24,23.6,38.8,Alluvial,Rain-fed,359.33,24.31,2596.09,6.16,56714.04,180893.0
30,Uttarakhand,Haridwar,2014,Zaid,Maize,1445.06,37.7,37.1,Black,Rain-fed,288.63,24.01,3953.5,4.39,64164.5,158918.0
31,Uttarakhand,Haridwar,2014,Zaid,Wheat,1675.81,18.0,85.9,Red,Sprinkler,265.38,44.57,3735.56,6.1,31303.74,198240.0
32,Uttarakhand,Haridwar,2014,Zaid,Pulses,1594.1,20.5,84.5,Laterite,Drip,252.85,41.68,1698.3,6.29,41383.86,105951.0
33,Uttarakhand,Haridwar,2014,Zaid,Cotton,1130.94,34.7,51.7,Laterite,Drip,134.07,48.22,3072.64,3.55,35414.66,160960.0
34,Uttarakhand,Haridwar,2014,Kharif,Rice,910.82,31.3,69.1,Black,Tube Well,87.35,57.36,1250.86,3.47,54747.83,41120.0
35,Uttarakhand,Haridwar,2014,Kharif,Rice,1219.75,35.7,66.7,Laterite,Drip,337.34,26.12,2058.3,2.28,48443.99,79435.0
36,Uttarakhand,Haridwar,2014,Zaid,Maize,1847.4,31.9,60.6,Sandy,Rain-fed,272.96,55.46,694.66,2.17,36626.09,20066.0
37,Uttarakhand,Nainital,2014,Kharif,Millets,1502.77,32.4,62.8,Red,Sprinkler,382.23,35.13,4496.32,6.63,37157.75,315751.0
38,Uttarakhand,Nainital,2014,Zaid,Millets,1528.15,23.5,39.3,Black,Drip,164.29,19.94,1666.58,5.14,19333.83,88340.0
39,Uttarakhand,Nainital,2014,Zaid,Rice,1146.76,24.6,60.6,Laterite,Tube Well,74.91,50.81,2008.44,6.82,62141.29,112256.0
40,Uttarakhand,Nainital,2014,Rabi,Wheat,2096.93,24.0,56.4,Black,Rain-fed,406.66,50.97,2737.28,6.56,54393.01,304868.0
41,Uttarakhand,Nainital,2014,Rabi,Barley,1274.16,25.8,71.8,Sandy,Sprinkler,369.26,44.83,4218.48,7.91,63978.26,445172.99999999994
42,Uttarakhand,Nainital,2014,Rabi,Wheat,551.11,26.6,82.7,Laterite,Rain-fed,122.69,19.31,1704.03,4.52,29887.53,129369.0
43,Uttarakhand,Nainital,2014,Kharif,Rice,1246.55,33.0,37.9,Black,Canal,430.77,17.33,436.23,8.19,14133.68,29689.999999999996
44,Uttarakhand,Nainital,2014,Zaid,Maize,829.38,27.5,41.3,Alluvial,Drip,429.1,30.58,1355.59,3.89,44112.31,93006.0
45,Uttarakhand,Nainital,2014,Zaid,Cotton,594.58,18.5,52.2,Black,Canal,320.94,57.7,2043.61,6.42,16027.81,195568.0
46,Uttarakhand,Nainital,2014,Rabi,Cotton,1930.53,30.0,41.7,Alluvial,Tube Well,443.54,48.04,1801.3,4.33,31640.26,101860.0
47,Uttarakhand,Nainital,2014,Zaid,Millets,589.97,37.2,70.0,Laterite,Tube Well,381.48,43.9,2233.89,6.56,63170.11,156813.0
48,Uttarakhand,Nainital,2014,Zaid,Barley,1886.32,29.8,52.7,Laterite,Rain-fed,148.2,56.4,1466.75,4.49,51775.24,90214.0
49,Uttarakhand,Nainital,2014,Zaid,Wheat,1289.75,24.5,61.8,Black,Canal,191.93,19.21,1470.33,5.55,58645.69,110636.99999999999
50,Uttarakhand,Nainital,2014,Zaid,Sugarcane,1696.13,27.8,76.7,Black,Rain-fed,326.24,40.52,2505.02,6.99,16931.83,178882.0
51,Uttarakhand,Nainital,2014,Kharif,Pulses,1251.87,28.6,58.4,Red,Canal,348.37,23.19,3543.99,3.18,25324.39,103757.0
52,Uttarakhand,Nainital,2014,Rabi,Maize,744.77,32.8,50.2,Black,Rain-fed,285.83,46.81,3024.27,8.36,56129.3,277163.0
53,Uttarakhand,Nainital,2014,Kharif,Wheat,1674.43,20.5,37.5,Sandy,Rain-fed,71.81,21.07,4726.04,5.86,51897.99,249967.99999999997
54,Uttarakhand,Nainital,2014,Zaid,Millets,1261.69,24.8,88.1,Alluvial,Drip,150.99,52.39,659.03,1.68,38062.57,15246.0
55,Uttarakhand,Almora,2014,Rabi,Maize,1860.06,37.0,39.7,Laterite,Tube Well,149.28,35.69,2139.25,5.55,44776.17,187080.0
56,Uttarakhand,Almora,2014,Zaid,Cotton,1948.3,37.8,51.8,Alluvial,Drip,298.41,38.53,3726.44,8.12,23012.76,305923.0
57,Uttarakhand,Almora,2014,Rabi,Sugarcane,712.86,19.5,35.1,Alluvial,Drip,230.2,37.66,1527.17,2.89,49468.66,66335.0
58,Uttarakhand,Almora,2014,Kharif,Cotton,1818.09,30.5,71.4,Alluvial,Drip,423.47,28.38,2768.36,5.93,60145.81,267034.0
59,Uttarakhand,Almora,2014,Rabi,Cotton,1471.08,34.5,85.7,Alluvial,Sprinkler,225.66,30.78,1590.05,4.14,26429.05,88208.0
60,Uttarakhand,Almora,2014,Zaid,Wheat,2000.96,32.7,68.2,Red,Sprinkler,60.35,17.59,3404.06,7.48,43117.52,208981.0
61,Uttarakhand,Almora,2014,Rabi,Wheat,1773.6,21.5,63.5,Red,Tube Well,226.89,20.3,4985.03,4.38,55154.98,386263.0
62,Uttarakhand,Almora,2014,Kharif,Pulses,977.9,20.1,43.8,Red,Rain-fed,214.66,32.25,3346.66,4.12,52306.49,115366.00000000001
63,Uttarakhand,Almora,2014,Zaid,Pulses,608.66,33.5,82.6,Laterite,Tube Well,379.97,5.06,4359.9,4.57,14872.82,262696.0
64,Uttarakhand,Almora,2014,Kharif,Wheat,766.4,29.0,86.0,Red,Sprinkler,225.25,43.4,694.99,8.3,44270.2,59951.0
65,Uttarakhand,Almora,2014,Zaid,Wheat,1394.05,19.9,89.6,Red,Tube Well,415.17,30.38,675.58,7.27,38413.9,74487.0
66,Uttarakhand,Almora,2014,Rabi,Millets,2164.44,22.9,65.3,Red,Sprinkler,203.43,55.7,2590.38,7.62,57793.43,212437.0
67,Uttarakhand,Almora,2014,Zaid,Cotton,1876.99,23.7,51.4,Sandy,Tube Well,284.78,59.94,2499.24,2.28,40544.77,65252.0
68,Uttarakhand,Almora,2014,Rabi,Millets,2079.13,35.4,88.9,Laterite,Drip,145.52,26.06,4294.46,4.2,28863.35,229603.00000000003
69,Uttarakhand,Almora,2014,Kharif,Millets,2136.68,20.5,88.1,Laterite,Drip,182.8,10.52,4240.69,1.93,60253.41,66732.0
70,Uttarakhand,Almora,2014,Rabi,Rice,1245.08,37.4,53.6,Laterite,Sprinkler,327.08,40.74,4273.65,7.42,57545.14,374187.0
71,Uttarakhand,Almora,2014,Kharif,Wheat,1511.43,22.7,72.6,Laterite,Drip,164.95,17.51,542.86,8.34,52299.59,68088.0
72,Uttarakhand,Almora,2014,Kharif,Cotton,2026.16,18.9,78.8,Black,Canal,167.35,25.62,813.29,5.08,41994.19,65795.0
73,Uttarakhand,Pauri,2014,Rabi,Barley,1515.48,22.8,85.2,Sandy,Drip,107.25,30.36,1344.49,3.06,12498.06,66017.0
74,Uttarakhand,Pauri,2014,Rabi,Rice,1195.11,24.9,67.3,Alluvial,Drip,305.58,28.34,1325.48,7.37,22558.5,115730.0
75,Uttarakhand,Pauri,2014,Zaid,Barley,1429.46,29.5,89.6,Alluvial,Sprinkler,168.09,58.79,3325.33,3.2,41994.24,158105.0
76,Uttarakhand,Pauri,2014,Zaid,Millets,1899.11,36.1,77.7,Black,Canal,142.05,49.11,1173.12,2.59,25283.22,47264.0
77,Uttarakhand,Pauri,2014,Zaid,Wheat,956.08,26.8,66.9,Red,Sprinkler,342.94,9.96,1546.04,6.66,21308.92,95981.0
78,Uttarakhand,Pauri,2014,Kharif,Cotton,1894.85,23.1,80.4,Black,Tube Well,242.74,49.36,3758.14,3.67,18103.99,243144.99999999997
79,Uttarakhand,Pauri,2014,Rabi,Pulses,562.55,25.9,49.5,Alluvial,Drip,99.44,25.27,3770.16,3.11,32194.35,168673.0
80,Uttarakhand,Pauri,2014,Rabi,Millets,445.04,35.7,65.9,Alluvial,Drip,416.1,17.18,409.76,7.21,60197.54,32563.0
81,Uttarakhand,Pauri,2014,Zaid,Wheat,2103.27,24.1,62.1,Laterite,Sprinkler,88.88,53.8,764.75,4.51,47535.77,53223.0
82,Uttarakhand,Pauri,2014,Kharif,Maize,1993.74,31.1,80.9,Red,Canal,296.26,56.65,1470.73,6.24,23515.29,114230.0
83,Uttarakhand,Pauri,2014,Zaid,Pulses,1380.04,37.6,54.7,Sandy,Canal,209.26,15.44,698.58,7.39,36100.02,75516.0
84,Uttarakhand,Pauri,2014,Rabi,Wheat,1816.23,22.9,41.9,Black,Sprinkler,275.83,8.77,3849.27,2.71,23445.42,174175.0
85,Uttarakhand,Pauri,2014,Kharif,Wheat,899.09,37.7,89.3,Sandy,Rain-fed,266.09,48.92,638.64,7.53,18985.57,55699.0
86,Uttarakhand,Pauri,2014,Zaid,Wheat,713.64,19.0,75.8,Black,Sprinkler,260.43,46.01,2433.61,6.88,39201.61,152205.0
87,Uttarakhand,Pauri,2014,Kharif,Wheat,1709.04,36.2,71.2,Laterite,Tube Well,170.65,40.38,252.64,8.49,56906.82,26302.999999999996
88,Uttarakhand,Pauri,2014,Rabi,Rice,2018.68,24.4,43.2,Laterite,Sprinkler,100.48,39.34,2968.29,6.4,32187.93,265463.0
89,Uttarakhand,Pauri,2014,Rabi,Barley,578.52,32.0,81.9,Laterite,Tube Well,310.37,47.29,3632.12,2.77,35932.41,103476.0
90,Uttarakhand,Pauri,2014,Rabi,Barley,1713.3,24.3,52.2,Alluvial,Rain-fed,151.96,57.45,3465.42,4.66,16834.91,142976.0
91,Uttar Pradesh,Lucknow,2014,Zaid,Maize,1401.47,29.7,65.9,Alluvial,Rain-fed,181.86,11.72,1832.63,6.06,51765.07,185254.0
92,Uttar Pradesh,Lucknow,2014,Zaid,Cotton,1032.96,29.6,46.7,Black,Tube Well,312.69,17.33,630.27,7.37,31480.74,72584.0
93,Uttar Pradesh,Lucknow,2014,Kharif,Wheat,1496.19,31.2,73.1,Sandy,Tube Well,61.58,20.03,3835.81,7.93,30604.24,298524.0
94,Uttar Pradesh,Lucknow,2014,Zaid,Rice,655.37,30.7,36.7,Sandy,Canal,348.44,16.83,2157.18,3.69,31612.81,121119.0
95,Uttar Pradesh,Lucknow,2014,Zaid,Wheat,680.04,33.1,37.7,Alluvial,Rain-fed,82.63,29.37,2177.67,5.63,33951.74,124511.99999999999
96,Uttar Pradesh,Lucknow,2014,Kharif,Barley,599.6,31.6,67.6,Black,Rain-fed,260.77,21.96,1180.54,8.39,14903.44,99485.0
97,Uttar Pradesh,Lucknow,2014,Kharif,Cotton,990.62,18.2,76.1,Laterite,Canal,120.28,25.91,3547.99,4.85,56167.77,276391.0
98,Uttar Pradesh,Lucknow,2014,Rabi,Barley,433.73,36.4,82.4,Black,Sprinkler,280.3,36.54,3576.54,4.25,18104.19,124773.0
99,Uttar Pradesh,Lucknow,2014,Rabi,Millets,1897.65,36.4,39.8,Black,Rain-fed,387.79,18.38,2985.47,5.02,32975.63,166398.0
100,Uttar Pradesh,Lucknow,2014,Kharif,Maize,537.48,30.7,64.2,Black,Rain-fed,127.56,47.69,1820.39,8.2,46208.48,141464.0
101,Uttar Pradesh,Lucknow,2014,Zaid,Sugarcane,712.3,21.1,76.8,Sandy,Sprinkler,80.14,57.32,3176.95,4.59,41877.98,201157.0
102,Uttar Pradesh,Lucknow,2014,Rabi,Pulses,1955.64,30.5,43.3,Laterite,Tube Well,77.31,29.32,1583.82,3.21,14977.12,66466.0
103,Uttar Pradesh,Lucknow,2014,Zaid,Wheat,502.4,34.6,39.2,Alluvial,Tube Well,395.7,52.04,3113.54,4.9,36523.72,206619.0
104,Uttar Pradesh,Lucknow,2014,Kharif,Sugarcane,978.75,27.5,43.3,Alluvial,Drip,74.75,10.69,4505.72,3.71,49858.72,218071.0
105,Uttar Pradesh,Lucknow,2014,Zaid,Millets,2183.77,28.5,68.5,Red,Canal,195.56,55.49,1998.34,6.85,47981.58,116677.0
106,Uttar Pradesh,Lucknow,2014,Kharif,Pulses,570.11,31.6,50.6,Red,Rain-fed,339.49,41.11,4541.08,7.57,29668.19,475330.0
107,Uttar Pradesh,Lucknow,2014,Zaid,Barley,632.11,32.2,39.7,Sandy,Canal,273.57,40.39,1709.54,2.13,49250.04,63617.99999999999
108,Uttar Pradesh,Lucknow,2014,Rabi,Barley,1315.28,18.4,52.0,Alluvial,Sprinkler,430.47,23.8,3854.17,2.6,64998.76,95694.0
109,Uttar Pradesh,Kanpur,2014,Zaid,Wheat,1591.47,35.5,69.0,Laterite,Canal,288.9,13.48,986.15,6.26,45111.25,105109.99999999999
110,Uttar Pradesh,Kanpur,2014,Rabi,Barley,1055.74,32.4,88.3,Black,Rain-fed,294.24,46.38,3940.62,2.91,24675.93,202465.0
111,Uttar Pradesh,Kanpur,2014,Zaid,Millets,1231.02,23.6,56.0,Laterite,Rain-fed,260.98,58.14,4102.77,7.05,19335.12,303708.0
112,Uttar Pradesh,Kanpur,2014,Kharif,Rice,1680.52,28.3,41.9,Laterite,Rain-fed,83.55,13.82,2301.66,4.95,56045.48,101595.0
113,Uttar Pradesh,Kanpur,2014,Rabi,Wheat,1146.81,25.9,55.6,Black,Drip,204.47,9.49,1200.24,3.53,17251.41,64176.0
114,Uttar Pradesh,Kanpur,2014,Kharif,Wheat,916.38,34.6,73.3,Sandy,Sprinkler,105.52,43.8,2298.15,1.24,16198.97,30091.000000000004
115,Uttar Pradesh,Kanpur,2014,Zaid,Barley,600.14,23.8,51.6,Sandy,Canal,69.1,28.09,3990.11,4.54,17875.47,308889.0
116,Uttar Pradesh,Kanpur,2014,Zaid,Sugarcane,1693.38,23.8,35.1,Sandy,Sprinkler,191.13,36.39,1017.84,6.08,39744.68,71824.0
117,Uttar Pradesh,Kanpur,2014,Zaid,Wheat,1102.82,27.4,70.0,Alluvial,Sprinkler,442.42,18.95,179.59,6.96,30274.53,19161.0
118,Uttar Pradesh,Kanpur,2014,Kharif,Pulses,640.14,25.0,53.6,Alluvial,Tube Well,307.12,50.67,3454.94,8.36,37362.15,283714.0
119,Uttar Pradesh,Kanpur,2014,Zaid,Wheat,928.2,18.9,46.0,Black,Rain-fed,66.76,56.34,2625.38,8.42,40780.63,232842.0
120,Uttar Pradesh,Kanpur,2014,Rabi,Pulses,1951.85,19.0,71.1,Black,Tube Well,159.29,48.96,2241.06,4.12,35306.04,162179.0
121,Uttar Pradesh,Kanpur,2014,Kharif,Millets,1061.22,33.9,49.7,Alluvial,Rain-fed,83.04,28.35,2209.98,8.46,21564.19,204495.0
122,Uttar Pradesh,Kanpur,2014,Rabi,Cotton,951.69,30.1,58.4,Alluvial,Canal,325.91,24.34,307.54,7.55,30685.64,41752.0
123,Uttar Pradesh,Kanpur,2014,Zaid,Barley,1053.96,34.0,72.4,Red,Rain-fed,431.12,12.85,3077.11,6.9,13844.35,184131.0
124,Uttar Pradesh,Kanpur,2014,Rabi,Barley,2109.04,18.6,43.4,Red,Drip,229.97,25.4,2275.3,1.76,19297.84,46731.0
125,Uttar Pradesh,Kanpur,2014,Zaid,Rice,446.64,21.7,63.5,Laterite,Drip,415.42,11.48,3897.33,6.34,23372.23,348862.0
126,Uttar Pradesh,Kanpur,2014,Zaid,Rice,644.31,19.5,44.5,Alluvial,Sprinkler,335.35,59.85,4071.51,8.26,64288.46,493643.99999999994
127,Uttar Pradesh,Varanasi,2014,Kharif,Cotton,2004.4,35.0,74.1,Black,Tube Well,420.93,40.07,3989.11,4.91,18432.21,196057.0
128,Uttar Pradesh,Varanasi,2014,Rabi,Wheat,1049.61,29.4,60.7,Sandy,Tube Well,443.2,12.14,4432.81,1.68,33102.48,112968.0
129,Uttar Pradesh,Varanasi,2014,Zaid,Barley,1882.01,19.5,88.5,Sandy,Drip,306.94,29.75,3432.53,3.71,58531.89,201242.0
130,Uttar Pradesh,Varanasi,2014,Zaid,Maize,1178.71,36.2,38.0,Red,Canal,99.66,13.42,906.82,3.56,49594.6,36997.0
131,Uttar Pradesh,Varanasi,2014,Kharif,Cotton,753.34,37.1,50.1,Sandy,Sprinkler,300.01,38.79,557.8,5.88,43365.85,45283.0
132,Uttar Pradesh,Varanasi,2014,Rabi,Pulses,1916.55,29.3,80.4,Sandy,Canal,61.35,7.5,3243.12,5.41,46509.89,274927.0
133,Uttar Pradesh,Varanasi,2014,Kharif,Millets,2000.19,28.9,70.3,Laterite,Tube Well,170.84,18.47,4056.01,4.16,36037.84,251173.99999999997
134,Uttar Pradesh,Varanasi,2014,Zaid,Millets,1236.0,24.8,42.9,Sandy,Canal,394.59,22.56,4941.31,3.72,33131.98,286876.0
135,Uttar Pradesh,Varanasi,2014,Kharif,Pulses,835.13,20.5,59.7,Red,Sprinkler,106.35,7.78,4732.39,7.51,34161.14,626463.0
136,Uttar Pradesh,Varanasi,2014,Kharif,Pulses,741.7,21.2,89.8,Black,Sprinkler,236.73,53.35,2537.11,1.86,32841.84,59329.0
137,Uttar Pradesh,Varanasi,2014,Rabi,Pulses,487.58,23.6,67.9,Red,Tube Well,387.14,41.99,1500.17,1.26,17697.35,17653.0
138,Uttar Pradesh,Varanasi,2014,Zaid,Pulses,481.44,19.0,65.9,Sandy,Canal,195.01,20.87,1993.11,4.49,41142.43,145450.0
139,Uttar Pradesh,Varanasi,2014,Kharif,Maize,2155.15,25.9,78.7,Alluvial,Drip,185.63,56.64,3799.33,2.65,38983.49,130895.0
140,Uttar Pradesh,Varanasi,2014,Rabi,Pulses,1847.14,28.4,43.2,Sandy,Rain-fed,407.25,12.69,4663.71,3.53,32826.59,233196.99999999997
141,Uttar Pradesh,Varanasi,2014,Zaid,Millets,1675.73,24.0,79.9,Alluvial,Sprinkler,197.34,42.06,4901.5,5.46,54228.01,408210.0
142,Uttar Pradesh,Varanasi,2014,Rabi,Millets,877.95,31.1,88.5,Black,Drip,281.39,17.51,351.64,4.71,39784.31,25194.0
143,Uttar Pradesh,Varanasi,2014,Rabi,Wheat,1430.63,32.0,45.5,Alluvial,Drip,226.42,28.03,2123.5,2.69,38596.43,80627.0
144,Uttar Pradesh,Varanasi,2014,Zaid,Sugarcane,1409.6,38.0,61.3,Red,Sprinkler,200.73,57.62,2352.35,5.09,40952.48,176713.0
145,Uttar Pradesh,Agra,2014,Rabi,Millets,746.08,22.9,65.7,Laterite,Rain-fed,139.95,58.51,1558.31,3.31,22985.72,77627.0
146,Uttar Pradesh,Agra,2014,Zaid,Cotton,918.02,29.5,64.9,Alluvial,Rain-fed,408.3,26.7,1791.16,6.84,19763.23,103166.00000000001
147,Uttar Pradesh,Agra,2014,Kharif,Millets,1580.75,32.9,46.8,Black,Canal,381.18,19.91,2853.89,3.18,17789.01,139842.0
148,Uttar Pradesh,Agra,2014,Rabi,Sugarcane,1548.3,19.0,57.7,Laterite,Tube Well,336.94,10.53,3876.75,1.24,41168.69,83121.0
149,Uttar Pradesh,Agra,2014,Kharif,Sugarcane,1760.64,23.7,50.7,Black,Tube Well,73.67,47.28,3296.26,2.9,51150.39,157758.0
150,Uttar Pradesh,Agra,2014,Rabi,Maize,2081.06,18.7,81.0,Sandy,Sprinkler,365.18,15.25,3770.12,7.57,27341.75,239011.0
151,Uttar Pradesh,Agra,2014,Kharif,Rice,2071.22,24.7,60.0,Red,Drip,306.52,33.84,4457.37,2.18,38723.27,104248.0
152,Uttar Pradesh,Agra,2014,Rabi,Millets,1566.91,32.4,35.8,Laterite,Sprinkler,184.84,21.23,3404.57,2.61,44380.59,127844.0
153,Uttar Pradesh,Agra,2014,Rabi,Pulses,556.13,31.4,45.2,Red,Sprinkler,106.24,22.8,1315.43,3.1,24482.63,63360.0
154,Uttar Pradesh,Agra,2014,Rabi,Wheat,870.8,25.2,48.0,Alluvial,Rain-fed,317.11,30.6,882.61,6.21,60924.62,92509.0
155,Uttar Pradesh,Agra,2014,Zaid,Pulses,1506.33,22.4,42.3,Black,Drip,111.27,46.13,3068.12,4.24,41109.43,165320.0
156,Uttar Pradesh,Agra,2014,Kharif,Rice,1345.91,28.6,54.9,Red,Sprinkler,416.9,11.17,4160.99,7.79,22714.31,433267.0
157,Uttar Pradesh,Agra,2014,Kharif,Millets,609.23,22.1,67.1,Sandy,Tube Well,86.38,33.07,4062.59,4.51,39202.14,230273.99999999997
158,Uttar Pradesh,Agra,2014,Kharif,Cotton,1701.9,25.9,79.9,Laterite,Canal,348.32,36.81,321.92,3.72,15379.28,21485.0
159,Uttar Pradesh,Agra,2014,Rabi,Cotton,1135.96,33.4,77.1,Laterite,Canal,441.33,40.52,2159.77,8.45,32271.42,304707.0
160,Uttar Pradesh,Agra,2014,Rabi,Maize,1576.36,25.0,44.8,Laterite,Sprinkler,264.9,34.09,3666.5,2.83,12184.08,85369.0
161,Uttar Pradesh,Agra,2014,Rabi,Barley,1357.48,34.5,48.6,Sandy,Canal,188.46,20.16,4693.31,6.49,17980.77,490239.99999999994
162,Uttar Pradesh,Agra,2014,Kharif,Sugarcane,770.95,20.0,36.8,Alluvial,Drip,289.11,43.68,338.51,6.61,33320.06,23144.0
163,Uttar Pradesh,Meerut,2014,Zaid,Cotton,821.49,36.3,66.7,Black,Tube Well,280.99,47.49,4110.07,2.93,58441.69,215042.0
164,Uttar Pradesh,Meerut,2014,Zaid,Cotton,895.28,29.1,67.5,Laterite,Sprinkler,344.08,14.63,3425.88,5.26,14484.86,206225.0
165,Uttar Pradesh,Meerut,2014,Rabi,Pulses,1653.36,26.2,51.5,Alluvial,Sprinkler,123.55,34.59,1280.74,2.85,57449.69,34470.0
166,Uttar Pradesh,Meerut,2014,Zaid,Barley,2142.02,29.1,42.4,Black,Canal,147.14,16.18,3268.86,7.93,56898.07,231344.99999999997
167,Uttar Pradesh,Meerut,2014,Rabi,Cotton,1078.9,30.1,37.2,Red,Canal,79.11,49.26,2979.16,6.1,23501.88,183344.0
168,Uttar Pradesh,Meerut,2014,Zaid,Sugarcane,2086.89,37.2,41.5,Red,Rain-fed,449.83,31.34,1288.71,5.61,22839.2,123998.0
169,Uttar Pradesh,Meerut,2014,Rabi,Barley,1239.25,31.0,52.0,Black,Rain-fed,193.86,53.55,2383.42,7.06,50287.92,262774.0
170,Uttar Pradesh,Meerut,2014,Rabi,Pulses,1145.07,29.3,47.2,Black,Tube Well,108.37,19.34,4680.32,5.43,34131.64,242046.99999999997
171,Uttar Pradesh,Meerut,2014,Rabi,Sugarcane,1298.74,31.1,72.7,Black,Drip,152.93,50.19,4835.89,5.88,38001.57,275318.0
172,Uttar Pradesh,Meerut,2014,Kharif,Millets,731.29,35.8,89.5,Laterite,Drip,432.89,33.82,4211.44,1.74,55353.78,62178.0
173,Uttar Pradesh,Meerut,2014,Kharif,Sugarcane,522.34,21.0,47.0,Alluvial,Sprinkler,232.4,8.32,3224.87,8.02,60375.83,377421.0
174,Uttar Pradesh,Meerut,2014,Kharif,Barley,421.33,28.6,50.1,Alluvial,Sprinkler,440.99,5.94,4084.47,6.12,54726.89,427391.0
175,Uttar Pradesh,Meerut,2014,Zaid,Maize,833.74,30.4,48.9,Black,Rain-fed,191.78,48.72,487.19,8.2,36326.88,41676.0
176,Uttar Pradesh,Meerut,2014,Rabi,Rice,1576.72,35.2,76.8,Laterite,Rain-fed,87.4,25.86,2808.24,1.61,12500.86,43919.0
177,Uttar Pradesh,Meerut,2014,Rabi,Rice,2010.62,36.4,47.6,Sandy,Sprinkler,410.51,43.08,2877.24,3.18,60980.44,135820.0
178,Uttar Pradesh,Meerut,2014,Zaid,Wheat,722.84,35.0,35.9,Black,Sprinkler,132.86,12.93,4121.38,7.19,61230.37,325746.0
179,Uttar Pradesh,Meerut,2014,Kharif,Barley,1618.66,28.8,56.1,Laterite,Drip,345.9,48.48,3477.62,1.77,51509.2,70532.0
180,Uttar Pradesh,Meerut,2014,Rabi,Rice,1013.07,33.4,87.5,Sandy,Tube Well,208.68,47.55,245.17,3.2,64607.05,10125.0
181,Punjab,Ludhiana,2014,Zaid,Barley,734.33,29.7,55.9,Black,Tube Well,358.87,21.25,1307.6,1.74,26202.52,26848.0
182,Punjab,Ludhiana,2014,Zaid,Pulses,1049.26,19.8,86.9,Laterite,Canal,227.89,46.87,600.93,1.84,34841.91,15004.0
183,Punjab,Ludhiana,2014,Zaid,Wheat,561.31,29.1,67.8,Black,Sprinkler,363.78,52.5,160.47,4.22,53295.96,10326.0
184,Punjab,Ludhiana,2014,Rabi,Maize,1633.57,21.4,49.8,Red,Drip,157.36,13.03,919.32,3.21,27886.87,46705.0
185,Punjab,Ludhiana,2014,Rabi,Millets,1468.85,21.9,40.9,Laterite,Sprinkler,171.86,57.19,1727.86,5.73,54616.05,111832.0
186,Punjab,Ludhiana,2014,Zaid,Maize,940.78,30.1,73.2,Black,Rain-fed,241.6,14.77,2051.37,3.53,50948.34,103760.99999999999
187,Punjab,Ludhiana,2014,Zaid,Barley,904.54,33.7,55.1,Laterite,Drip,422.83,15.99,4986.6,2.51,52683.75,103500.0
188,Punjab,Ludhiana,2014,Kharif,Millets,1835.83,34.6,38.8,Laterite,Tube Well,389.12,48.73,3397.59,2.22,28050.13,79400.0
189,Punjab,Ludhiana,2014,Zaid,Rice,1208.32,30.0,67.0,Sandy,Sprinkler,263.75,55.79,4361.21,4.25,13948.55,327781.0
190,Punjab,Ludhiana,2014,Rabi,Rice,596.86,23.0,71.6,Laterite,Canal,116.54,38.7,2859.78,5.91,46277.41,298614.0
191,Punjab,Ludhiana,2014,Zaid,Wheat,577.49,22.4,76.1,Sandy,Drip,273.2,42.82,1183.06,3.93,36542.35,68791.0
192,Punjab,Ludhiana,2014,Kharif,Pulses,2195.86,27.7,51.2,Sandy,Tube Well,418.22,9.72,4173.46,6.53,30461.42,311516.0
193,Punjab,Ludhiana,2014,Zaid,Pulses,1257.09,26.8,73.3,Black,Drip,177.56,21.51,4069.91,2.04,57006.54,120219.0
194,Punjab,Ludhiana,2014,Zaid,Maize,1393.44,24.6,58.5,Sandy,Drip,234.82,48.88,3185.83,2.56,46837.32,97508.0
195,Punjab,Ludhiana,2014,Kharif,Millets,1465.97,25.8,73.8,Red,Rain-fed,132.31,46.38,4062.78,1.66,17392.86,112761.99999999999
196,Punjab,Ludhiana,2014,Rabi,Sugarcane,1223.59,23.2,82.4,Sandy,Drip,261.09,40.15,3025.16,5.66,43111.25,196552.0
197,Punjab,Ludhiana,2014,Zaid,Cotton,2053.63,29.8,72.0,Black,Sprinkler,175.27,18.12,673.05,3.93,19492.0,31436.0
198,Punjab,Ludhiana,2014,Rabi,Barley,1161.47,27.7,64.6,Sandy,Canal,417.66,56.19,948.85,2.42,27308.24,22666.0
199,Punjab,Amritsar,2014,Rabi,Pulses,2113.32,27.7,45.7,Laterite,Drip,203.58,35.89,3300.04,4.19,38061.47,208810.0
200,Punjab,Amritsar,2014,Rabi,Rice,1417.72,33.9,47.1,Sandy,Sprinkler,63.08,17.37,1514.48,6.9,41979.47,164330.0
201,Punjab,Amritsar,2014,Rabi,Rice,1430.89,23.4,64.9,Alluvial,Drip,446.36,34.81,3808.25,6.75,35392.43,261823.0
202,Punjab,Amritsar,2014,Zaid,Cotton,1974.66,18.6,49.5,Sandy,Rain-fed,394.88,9.78,4339.92,2.06,55030.11,90285.0
203,Punjab,Amritsar,2014,Zaid,Barley,698.77,20.8,46.4,Red,Rain-fed,132.78,8.26,1819.0,3.25,40554.73,66428.0
204,Punjab,Amritsar,2014,Zaid,Cotton,2114.32,28.3,84.5,Black,Drip,376.07,12.46,3775.46,4.2,15142.15,170830.0
205,Punjab,Amritsar,2014,Kharif,Sugarcane,663.24,24.4,48.6,Alluvial,Tube Well,387.42,26.6,796.64,5.82,45274.08,54486.0
206,Punjab,Amritsar,2014,Zaid,Cotton,1650.47,35.5,60.0,Red,Canal,245.22,37.01,4357.65,7.38,16936.51,569914.0
207,Punjab,Amritsar,2014,Rabi,Barley,792.09,26.6,46.7,Alluvial,Canal,157.41,50.56,1755.0,5.42,42005.53,122263.00000000001
208,Punjab,Amritsar,2014,Kharif,Rice,1527.12,34.7,35.9,Red,Drip,421.77,13.69,2336.94,8.44,34673.36,354179.0
209,Punjab,Amritsar,2014,Rabi,Cotton,568.01,25.2,39.5,Alluvial,Canal,315.8,40.69,353.76,5.77,50477.38,31745.0
210,Punjab,Amritsar,2014,Zaid,Wheat,784.16,19.6,67.7,Black,Tube Well,257.78,29.48,139.51,3.71,18391.47,8594.0
211,Punjab,Amritsar,2014,Zaid,Rice,812.1,19.8,79.3,Black,Canal,91.28,25.22,1566.35,3.99,55108.5,104652.0
212,Punjab,Amritsar,2014,Kharif,Wheat,1498.57,21.3,54.3,Black,Canal,135.22,46.15,4607.48,5.7,35446.35,267155.0
213,Punjab,Amritsar,2014,Zaid,Barley,1032.76,26.6,78.5,Alluvial,Rain-fed,149.11,40.45,1316.02,5.59,50222.52,79813.0
214,Punjab,Amritsar,2014,Rabi,Sugarcane,1331.95,28.2,76.1,Sandy,Canal,168.22,8.0,4499.77,8.17,38229.05,335553.0
215,Punjab,Amritsar,2014,Kharif,Wheat,2176.39,36.7,42.3,Alluvial,Sprinkler,394.33,36.26,1890.52,6.19,52424.47,205312.0
216,Punjab,Amritsar,2014,Rabi,Rice,424.83,22.3,85.7,Alluvial,Sprinkler,429.47,26.89,1503.79,6.4,52656.83,117759.99999999999
217,Punjab,Patiala,2014,Zaid,Maize,899.44,24.2,63.1,Alluvial,Rain-fed,131.28,49.44,2728.31,4.05,45617.6,180610.0
218,Punjab,Patiala,2014,Zaid,Barley,1713.93,34.9,38.2,Black,Canal,84.49,28.9,2321.52,5.64,28392.37,201860.0
219,Punjab,Patiala,2014,Rabi,Wheat,1674.22,32.0,44.0,Alluvial,Canal,431.21,33.77,3936.64,6.46,20849.04,235725.0
220,Punjab,Patiala,2014,Zaid,Pulses,1852.79,23.4,38.5,Black,Rain-fed,334.93,36.72,477.64,4.52,31086.57,28058.0
221,Punjab,Patiala,2014,Rabi,Maize,859.21,20.1,66.6,Red,Tube Well,339.11,17.56,2593.24,1.52,57735.21,41173.0
222,Punjab,Patiala,2014,Rabi,Maize,722.13,37.2,36.9,Red,Canal,371.25,44.27,3312.95,2.84,25157.95,161441.0
223,Punjab,Patiala,2014,Rabi,Pulses,614.92,31.5,37.9,Red,Canal,139.27,33.37,325.05,4.13,58480.54,22366.0
224,Punjab,Patiala,2014,Kharif,Millets,414.34,22.0,66.0,Sandy,Drip,171.56,39.25,2373.24,5.52,38148.12,206017.0
225,Punjab,Patiala,2014,Zaid,Maize,411.48,26.2,47.8,Red,Canal,188.57,51.18,4398.27,8.14,12077.49,521743.0
226,Punjab,Patiala,2014,Zaid,Sugarcane,1353.67,22.8,62.1,Laterite,Rain-fed,73.96,59.83,3587.1,1.88,60827.54,114460.99999999999
227,Punjab,Patiala,2014,Kharif,Millets,2154.2,19.7,40.3,Red,Rain-fed,103.41,50.1,466.67,5.35,35054.09,44047.0
228,Punjab,Patiala,2014,Kharif,Pulses,2066.88,25.9,80.8,Black,Canal,180.5,29.9,1244.7,8.09,19213.93,158108.0
229,Punjab,Patiala,2014,Zaid,Maize,1209.22,24.3,41.6,Red,Sprinkler,193.31,47.37,2314.39,4.58,57181.56,94384.0
230,Punjab,Patiala,2014,Kharif,Wheat,787.04,35.1,43.2,Alluvial,Tube Well,334.46,58.26,2041.6,1.56,27838.56,51598.0
231,Punjab,Patiala,2014,Kharif,Millets,1400.72,29.0,40.2,Laterite,Rain-fed,90.76,48.66,695.12,1.65,53390.88,11725.0
232,Punjab,Patiala,2014,Rabi,Rice,1448.18,23.2,79.7,Alluvial,Canal,58.72,8.55,4522.23,4.44,18825.95,342358.0
233,Punjab,Patiala,2014,Rabi,Millets,491.15,36.5,58.8,Red,Tube Well,339.77,32.29,1975.37,4.31,30758.99,145442.0
234,Punjab,Patiala,2014,Kharif,Maize,462.37,30.4,48.5,Sandy,Drip,168.04,27.66,2798.37,1.65,26828.13,43275.0
235,Punjab,Jalandhar,2014,Rabi,Wheat,2180.93,33.6,54.8,Sandy,Drip,267.81,31.66,4572.12,4.87,32584.21,218167.99999999997
236,Punjab,Jalandhar,2014,Zaid,Wheat,2012.38,33.6,38.2,Black,Rain-fed,446.61,34.12,3857.53,8.5,63620.93,295145.0
237,Punjab,Jalandhar,2014,Rabi,Wheat,1775.29,37.0,66.7,Red,Sprinkler,443.07,26.36,4682.51,8.44,21206.74,409649.0
238,Punjab,Jalandhar,2014,Kharif,Wheat,1666.22,25.0,66.2,Laterite,Canal,106.84,57.16,4199.81,7.12,63430.55,401331.0
239,Punjab,Jalandhar,2014,Rabi,Rice,501.1,30.0,36.1,Alluvial,Canal,241.2,23.25,3109.26,7.09,30060.23,215478.00000000003
240,Punjab,Jalandhar,2014,Kharif,Maize,1455.9,36.3,77.6,Red,Rain-fed,388.59,52.34,4806.74,3.93,61921.93,225854.0
241,Punjab,Jalandhar,2014,Zaid,Pulses,645.61,21.2,87.2,Red,Drip,366.74,57.84,3280.98,2.47,63343.37,121038.00000000001
242,Punjab,Jalandhar,2014,Zaid,Maize,1081.09,32.7,51.2,Alluvial,Drip,121.08,5.1,3539.84,5.38,57090.12,299154.0
243,Punjab,Jalandhar,2014,Kharif,Pulses,2057.87,37.4,47.1,Alluvial,Rain-fed,276.22,56.52,789.15,6.64,24613.78,93396.0
244,Punjab,Jalandhar,2014,Kharif,Millets,420.51,22.2,73.1,Laterite,Tube Well,190.19,48.29,3630.03,1.55,35225.67,68624.0
245,Punjab,Jalandhar,2014,Kharif,Barley,1032.22,25.5,80.6,Red,Canal,365.49,36.79,3815.39,2.85,35918.23,173894.0
246,Punjab,Jalandhar,2014,Zaid,Pulses,870.03,20.1,53.8,Laterite,Canal,405.17,13.85,467.51,8.08,63836.2,42986.0
247,Punjab,Jalandhar,2014,Zaid,Barley,2096.4,21.3,83.9,Sandy,Rain-fed,112.84,10.57,1107.2,2.59,48951.43,43647.0
248,Punjab,Jalandhar,2014,Zaid,Cotton,935.32,19.9,56.6,Sandy,Tube Well,269.87,32.0,367.07,1.23,16644.3,7331.999999999999
249,Punjab,Jalandhar,2014,Rabi,Sugarcane,574.58,22.1,70.1,Alluvial,Sprinkler,440.82,31.05,665.99,6.93,36960.06,78224.0
250,Punjab,Jalandhar,2014,Zaid,Barley,732.79,35.7,55.3,Alluvial,Canal,228.31,19.48,2378.78,2.85,26233.79,58415.0
251,Punjab,Jalandhar,2014,Rabi,Pulses,1854.72,26.3,76.6,Sandy,Drip,141.01,8.35,1996.82,5.01,63178.27,148767.0
252,Punjab,Jalandhar,2014,Rabi,Millets,937.93,25.9,82.0,Black,Drip,63.89,36.42,2632.41,5.37,64086.0,133932.0
253,Punjab,Bathinda,2014,Zaid,Sugarcane,1855.23,20.5,58.3,Alluvial,Canal,445.31,28.95,4986.62,5.78,56207.73,304911.0
254,Punjab,Bathinda,2014,Kharif,Barley,1401.46,29.0,82.1,Laterite,Drip,257.88,55.44,160.58,6.31,43141.53,16027.000000000002
255,Punjab,Bathinda,2014,Rabi,Maize,1419.87,29.7,88.1,Red,Tube Well,90.08,10.81,3919.77,6.94,57976.19,457051.0
256,Punjab,Bathinda,2014,Zaid,Millets,1429.64,27.5,44.5,Black,Canal,211.19,39.0,3435.98,4.13,32977.02,238254.0
257,Punjab,Bathinda,2014,Kharif,Millets,2057.5,35.9,36.1,Black,Rain-fed,376.95,21.67,1473.7,4.79,48897.69,63404.99999999999
258,Punjab,Bathinda,2014,Zaid,Millets,1793.26,24.4,75.1,Red,Canal,291.99,9.91,2264.41,7.87,33580.03,228902.0
259,Punjab,Bathinda,2014,Kharif,Maize,518.11,32.2,57.2,Black,Canal,362.21,33.84,2886.49,2.47,58384.57,71348.0
260,Punjab,Bathinda,2014,Rabi,Millets,491.01,25.2,46.0,Sandy,Tube Well,197.34,30.53,2045.02,7.94,48102.24,169184.0
261,Punjab,Bathinda,2014,Kharif,Maize,2128.94,27.5,65.3,Black,Sprinkler,187.7,51.07,1367.43,7.27,16790.77,82259.0
262,Punjab,Bathinda,2014,Kharif,Sugarcane,1942.8,30.9,72.3,Black,Sprinkler,157.63,27.52,198.26,6.9,52681.35,11066.0
263,Punjab,Bathinda,2014,Kharif,Wheat,802.79,30.2,86.9,Laterite,Rain-fed,335.1,44.02,1449.35,7.74,57134.07,141234.0
264,Punjab,Bathinda,2014,Rabi,Barley,1452.08,18.1,90.0,Alluvial,Rain-fed,436.59,51.17,2851.14,5.53,26981.87,234044.99999999997
265,Punjab,Bathinda,2014,Zaid,Cotton,1553.07,35.2,49.4,Laterite,Rain-fed,334.44,54.08,1564.08,2.29,52570.14,60878.0
266,Punjab,Bathinda,2014,Kharif,Maize,1698.31,31.1,89.9,Red,Drip,153.77,28.02,2002.55,1.46,49527.65,40115.0
267,Punjab,Bathinda,2014,Rabi,Millets,2031.75,31.4,62.9,Sandy,Drip,388.17,51.24,4394.82,2.52,17172.96,102769.0
268,Punjab,Bathinda,2014,Kharif,Pulses,1577.98,22.4,47.3,Laterite,Canal,398.57,28.13,4445.53,3.91,43035.25,219667.0
269,Punjab,Bathinda,2014,Rabi,Rice,1250.0,21.9,41.6,Laterite,Sprinkler,322.28,34.14,2124.23,7.56,19991.26,287836.0
270,Punjab,Bathinda,2014,Kharif,Millets,657.8,35.2,44.9,Black,Sprinkler,82.32,23.29,4934.54,3.49,15074.72,215623.0
271,Maharashtra,Pune,2014,Kharif,Maize,1281.24,33.3,39.8,Red,Canal,295.79,39.84,2076.63,8.25,32315.77,143521.0
272,Maharashtra,Pune,2014,Zaid,Pulses,1762.33,28.6,36.0,Sandy,Rain-fed,51.65,45.35,1208.7,7.6,28540.89,82924.0
273,Maharashtra,Pune,2014,Rabi,Maize,517.52,18.9,87.2,Red,Drip,232.37,33.62,2668.18,4.37,48399.35,108879.0
274,Maharashtra,Pune,2014,Rabi,Maize,2106.55,36.4,57.2,Alluvial,Tube Well,141.37,44.99,742.91,6.56,43253.72,47223.0
275,Maharashtra,Pune,2014,Kharif,Cotton,1788.25,30.5,67.7,Sandy,Rain-fed,69.18,10.95,4196.99,1.55,18136.86,80947.0
276,Maharashtra,Pune,2014,Rabi,Millets,1663.36,22.1,72.7,Alluvial,Sprinkler,53.72,28.15,594.8,5.0,45008.28,44632.0
277,Maharashtra,Pune,2014,Kharif,Rice,908.87,33.7,62.4,Alluvial,Sprinkler,293.6,47.79,4174.34,8.3,30969.86,419145.0
278,Maharashtra,Pune,2014,Kharif,Millets,2038.64,31.8,61.4,Sandy,Canal,143.8,5.7,536.11,2.01,42430.1,13944.999999999998
279,Maharashtra,Pune,2014,Rabi,Rice,2028.6,30.9,60.1,Red,Tube Well,440.92,19.53,345.39,7.14,58329.44,40746.0
280,Maharashtra,Pune,2014,Zaid,Rice,571.0,33.2,37.5,Alluvial,Rain-fed,390.8,41.48,935.51,3.81,35198.87,50677.0
281,Maharashtra,Pune,2014,Kharif,Pulses,729.16,26.0,87.9,Black,Canal,158.73,26.21,4268.29,7.04,46388.86,479852.00000000006
282,Maharashtra,Pune,2014,Zaid,Maize,586.68,36.2,61.5,Black,Tube Well,277.58,29.1,3095.48,6.89,44402.0,354592.0
283,Maharashtra,Pune,2014,Zaid,Millets,603.29,26.2,37.5,Black,Rain-fed,154.65,22.28,3552.38,6.15,52679.02,300758.0
284,Maharashtra,Pune,2014,Kharif,Rice,1179.13,32.5,61.5,Black,Sprinkler,315.48,40.28,828.41,7.23,59279.28,84625.0
285,Maharashtra,Pune,2014,Rabi,Millets,1933.37,35.4,39.1,Black,Canal,246.66,18.25,4853.71,1.57,23803.45,109984.99999999999
286,Maharashtra,Pune,2014,Kharif,Millets,1199.54,29.5,39.8,Sandy,Sprinkler,249.38,22.38,4905.29,6.64,12941.76,391974.0
287,Maharashtra,Pune,2014,Kharif,Wheat,1886.64,33.8,88.0,Black,Tube Well,305.02,53.96,2855.43,5.98,36179.02,194806.0
288,Maharashtra,Pune,2014,Zaid,Pulses,1408.27,30.4,61.0,Red,Sprinkler,312.87,44.38,658.71,6.74,23752.6,50673.0
289,Maharashtra,Nashik,2014,Rabi,Pulses,1663.77,18.9,44.0,Black,Tube Well,106.18,44.43,3635.64,1.98,44375.14,71089.0
290,Maharashtra,Nashik,2014,Zaid,Sugarcane,1690.22,20.2,57.8,Black,Tube Well,420.65,51.06,2985.17,6.84,35876.74,297796.0
291,Maharashtra,Nashik,2014,Zaid,Wheat,1354.66,19.0,86.4,Black,Canal,385.53,31.56,2590.83,7.92,21391.73,282871.0
292,Maharashtra,Nashik,2014,Rabi,Barley,1583.54,30.1,52.7,Red,Tube Well,402.56,28.03,3084.07,6.26,25156.66,231264.0
293,Maharashtra,Nashik,2014,Kharif,Maize,648.72,30.1,83.8,Black,Drip,254.92,51.37,2784.25,3.49,51051.39,131528.0
294,Maharashtra,Nashik,2014,Rabi,Cotton,1635.9,36.4,42.3,Sandy,Tube Well,334.16,58.63,971.28,5.16,45754.5,75696.0
295,Maharashtra,Nashik,2014,Kharif,Barley,1613.64,35.9,64.4,Black,Rain-fed,400.99,28.23,162.58,1.98,32186.13,2746.0
296,Maharashtra,Nashik,2014,Zaid,Maize,2170.36,31.7,43.1,Sandy,Drip,74.81,48.14,1099.6,5.15,31010.17,70934.0
297,Maharashtra,Nashik,2014,Rabi,Barley,827.67,33.7,78.9,Sandy,Canal,165.06,41.55,4639.78,4.03,62705.2,332049.0
298,Maharashtra,Nashik,2014,Zaid,Wheat,1738.61,22.1,82.8,Sandy,Sprinkler,394.18,29.37,1205.19,5.83,49605.91,82049.0
299,Maharashtra,Nashik,2014,Rabi,Sugarcane,1797.06,37.3,51.2,Red,Sprinkler,120.97,42.55,1016.19,2.47,39233.88,29548.0
300,Maharashtra,Nashik,2014,Zaid,Cotton,634.12,29.7,49.0,Sandy,Rain-fed,182.23,44.03,858.55,2.32,29099.39,16948.0
301,Maharashtra,Nashik,2014,Zaid,Millets,1821.83,29.0,39.0,Sandy,Tube Well,333.07,33.9,4789.24,5.0,53671.69,229733.0
302,Maharashtra,Nashik,2014,Zaid,Rice,1028.93,35.7,71.5,Alluvial,Canal,182.43,21.15,4756.51,5.71,37167.43,369734.0
303,Maharashtra,Nashik,2014,Rabi,Pulses,1202.2,36.1,68.8,Red,Sprinkler,298.45,57.74,3444.5,3.54,60544.42,212776.00000000003
304,Maharashtra,Nashik,2014,Kharif,Cotton,444.47,28.3,77.4,Alluvial,Drip,255.72,32.98,2485.34,3.36,46530.99,93554.0
305,Maharashtra,Nashik,2014,Zaid,Wheat,1528.48,22.2,69.6,Laterite,Canal,135.27,42.7,4194.76,2.7,55923.68,190120.0
306,Maharashtra,Nashik,2014,Rabi,Maize,442.76,32.3,37.1,Laterite,Tube Well,79.3,14.79,1334.35,1.71,55545.82,39040.0
307,Maharashtra,Nagpur,2014,Kharif,Barley,1179.45,18.3,72.0,Red,Sprinkler,263.93,40.28,3129.91,6.72,43037.22,315680.0
308,Maharashtra,Nagpur,2014,Kharif,Rice,921.71,31.7,68.4,Black,Tube Well,162.61,55.97,1968.93,7.2,13633.42,135571.0
309,Maharashtra,Nagpur,2014,Zaid,Cotton,2128.24,20.9,72.3,Black,Canal,415.67,48.73,3673.69,3.92,62321.65,194919.0
310,Maharashtra,Nagpur,2014,Zaid,Wheat,409.05,29.9,64.5,Sandy,Drip,428.79,21.76,3766.65,7.8,30224.14,356276.0
311,Maharashtra,Nagpur,2014,Zaid,Maize,731.19,30.3,48.9,Laterite,Sprinkler,95.85,41.9,2879.73,1.6,51805.22,82479.0
312,Maharashtra,Nagpur,2014,Zaid,Rice,923.17,19.3,40.4,Alluvial,Drip,340.24,31.8,1721.17,2.14,46740.07,33151.0
313,Maharashtra,Nagpur,2014,Rabi,Pulses,1274.55,24.6,71.3,Black,Drip,327.38,13.38,2877.62,7.1,62808.92,197904.0
314,Maharashtra,Nagpur,2014,Zaid,Barley,898.02,25.2,72.4,Sandy,Canal,182.63,31.4,2282.25,6.86,37809.48,142289.0
315,Maharashtra,Nagpur,2014,Kharif,Cotton,1945.68,20.8,64.6,Sandy,Sprinkler,155.29,53.75,474.67,1.75,12987.41,10858.0
316,Maharashtra,Nagpur,2014,Zaid,Barley,1784.56,22.3,37.0,Red,Drip,154.25,54.17,2744.42,5.97,19877.55,195381.0
317,Maharashtra,Nagpur,2014,Kharif,Millets,1302.02,19.8,55.0,Laterite,Drip,54.24,18.14,4823.6,8.37,48260.57,628699.0
318,Maharashtra,Nagpur,2014,Rabi,Maize,1419.44,29.3,83.0,Red,Drip,108.48,45.26,4701.96,1.5,52358.04,72769.0
319,Maharashtra,Nagpur,2014,Zaid,Wheat,1603.45,28.4,78.5,Red,Rain-fed,205.24,55.48,4419.6,1.49,46371.81,59479.0
320,Maharashtra,Nagpur,2014,Rabi,Maize,1077.99,25.6,67.3,Laterite,Tube Well,409.29,9.28,1332.77,8.3,23813.66,133390.0
321,Maharashtra,Nagpur,2014,Kharif,Wheat,1303.31,20.8,44.1,Black,Tube Well,80.84,40.39,1136.43,2.56,31197.82,44142.0
322,Maharashtra,Nagpur,2014,Kharif,Pulses,1696.46,27.6,61.3,Black,Sprinkler,134.28,13.87,4183.49,1.36,14286.65,78145.0
323,Maharashtra,Nagpur,2014,Zaid,Wheat,2003.44,20.9,44.1,Red,Canal,418.98,33.42,2086.74,8.28,45794.0,290016.0
324,Maharashtra,Nagpur,2014,Zaid,Sugarcane,1208.57,37.9,82.7,Sandy,Rain-fed,118.23,50.67,3044.11,7.0,55484.02,209227.0
325,Maharashtra,Aurangabad,2014,Zaid,Maize,1703.54,24.9,59.9,Laterite,Drip,286.24,17.64,1988.76,1.99,22724.47,65681.0
326,Maharashtra,Aurangabad,2014,Zaid,Rice,719.36,36.0,68.0,Alluvial,Tube Well,401.1,34.23,3786.68,1.88,46947.81,121164.00000000001
327,Maharashtra,Aurangabad,2014,Zaid,Barley,1066.68,18.9,64.1,Sandy,Canal,141.79,49.13,3968.82,3.98,43219.55,243477.0
328,Maharashtra,Aurangabad,2014,Kharif,Barley,640.99,27.5,47.8,Sandy,Sprinkler,393.62,20.58,4396.15,4.18,22018.11,277320.0
329,Maharashtra,Aurangabad,2014,Zaid,Rice,1335.57,25.5,46.3,Laterite,Sprinkler,371.71,27.49,622.26,4.31,43024.62,28464.0
330,Maharashtra,Aurangabad,2014,Rabi,Pulses,1501.39,37.8,56.9,Sandy,Rain-fed,131.48,35.37,2832.06,2.5,41631.97,90892.0
331,Maharashtra,Aurangabad,2014,Rabi,Barley,1724.41,35.1,71.3,Sandy,Sprinkler,349.13,29.56,3526.63,2.38,23366.28,100768.0
332,Maharashtra,Aurangabad,2014,Kharif,Wheat,689.33,37.3,35.3,Sandy,Canal,86.44,12.99,4636.72,4.38,15396.26,207510.0
333,Maharashtra,Aurangabad,2014,Kharif,Barley,2075.23,26.0,71.1,Black,Sprinkler,164.59,57.99,381.57,6.85,21289.37,33832.0
334,Maharashtra,Aurangabad,2014,Kharif,Cotton,750.54,33.7,63.1,Red,Tube Well,329.38,38.84,3402.72,3.83,46716.01,231410.0
335,Maharashtra,Aurangabad,2014,Zaid,Pulses,1605.39,26.1,46.0,Red,Rain-fed,56.15,43.7,4603.97,5.21,50485.35,326006.0
336,Maharashtra,Aurangabad,2014,Rabi,Cotton,807.33,37.3,60.0,Alluvial,Sprinkler,211.58,5.26,957.67,4.9,41607.43,61152.0
337,Maharashtra,Aurangabad,2014,Rabi,Cotton,1977.0,34.3,66.6,Laterite,Sprinkler,327.68,58.13,2859.53,6.82,52146.08,343477.0
338,Maharashtra,Aurangabad,2014,Zaid,Wheat,1267.55,23.2,56.0,Alluvial,Rain-fed,365.46,17.12,3535.76,7.04,33858.58,287026.0
339,Maharashtra,Aurangabad,2014,Kharif,Sugarcane,917.12,26.0,76.2,Black,Tube Well,186.8,35.5,974.58,3.49,23584.01,46724.0
340,Maharashtra,Aurangabad,2014,Kharif,Sugarcane,822.75,22.8,49.6,Laterite,Sprinkler,141.68,50.92,4198.04,3.8,53283.74,146744.0
341,Maharashtra,Aurangabad,2014,Rabi,Wheat,1775.64,28.8,37.3,Black,Sprinkler,242.92,39.14,2512.47,8.39,59540.99,351770.0
342,Maharashtra,Aurangabad,2014,Kharif,Cotton,1116.18,33.0,42.1,Laterite,Canal,260.29,28.27,4704.31,1.44,30406.31,112479.0
343,Maharashtra,Kolhapur,2014,Rabi,Millets,968.17,18.2,72.1,Laterite,Sprinkler,201.77,10.54,1871.85,7.49,21919.08,149013.0
344,Maharashtra,Kolhapur,2014,Zaid,Pulses,1058.66,28.0,46.6,Black,Canal,330.29,25.48,4286.2,3.24,21534.13,129309.99999999999
345,Maharashtra,Kolhapur,2014,Kharif,Cotton,1847.36,29.1,82.1,Sandy,Sprinkler,128.43,49.0,3718.86,4.65,12516.34,211234.0
346,Maharashtra,Kolhapur,2014,Zaid,Pulses,1813.6,24.0,65.9,Alluvial,Tube Well,277.13,26.91,3483.66,1.64,55132.36,72931.0
347,Maharashtra,Kolhapur,2014,Zaid,Pulses,867.58,25.2,65.7,Sandy,Sprinkler,374.01,23.93,2117.63,3.76,48018.05,111916.00000000001
348,Maharashtra,Kolhapur,2014,Kharif,Maize,2162.87,23.7,52.9,Black,Rain-fed,254.18,47.61,2289.96,1.77,44524.18,51223.0
349,Maharashtra,Kolhapur,2014,Zaid,Barley,1536.29,29.4,81.7,Laterite,Rain-fed,78.54,13.91,1218.27,3.51,27441.89,45646.0
350,Maharashtra,Kolhapur,2014,Rabi,Millets,1805.75,36.8,76.1,Alluvial,Drip,258.37,29.77,919.86,7.44,18627.12,70807.0
351,Maharashtra,Kolhapur,2014,Zaid,Maize,1114.68,19.9,86.5,Black,Canal,239.27,7.96,3877.58,5.03,64788.73,176304.0
352,Maharashtra,Kolhapur,2014,Rabi,Barley,956.87,22.9,50.6,Laterite,Tube Well,300.59,12.22,4208.74,1.41,47168.1,98532.0
353,Maharashtra,Kolhapur,2014,Zaid,Cotton,1387.38,20.7,87.2,Sandy,Rain-fed,265.72,37.5,2337.06,6.67,58496.57,192511.0
354,Maharashtra,Kolhapur,2014,Kharif,Pulses,1266.97,22.5,39.9,Red,Rain-fed,173.15,27.67,863.02,1.28,39735.76,17214.0
355,Maharashtra,Kolhapur,2014,Zaid,Millets,1363.18,31.8,62.1,Red,Drip,352.19,21.48,3852.76,7.03,43641.2,432483.0
356,Maharashtra,Kolhapur,2014,Zaid,Barley,1987.89,26.7,48.7,Sandy,Rain-fed,335.98,40.53,4159.29,2.81,16198.12,166586.0
357,Maharashtra,Kolhapur,2014,Zaid,Cotton,1567.22,28.6,49.8,Sandy,Tube Well,125.2,8.77,769.46,2.01,36133.18,19375.0
358,Maharashtra,Kolhapur,2014,Kharif,Sugarcane,977.16,21.0,88.3,Black,Canal,58.85,58.48,1482.36,2.11,35236.08,25279.0
359,Maharashtra,Kolhapur,2014,Kharif,Millets,790.94,26.4,78.2,Alluvial,Rain-fed,249.36,25.43,3514.98,1.43,16251.82,77938.0
360,Maharashtra,Kolhapur,2014,Rabi,Barley,528.49,27.4,45.6,Black,Canal,386.62,49.95,4158.44,2.09,52711.72,91167.0
361,Karnataka,Bengaluru,2014,Kharif,Sugarcane,1229.5,33.4,63.7,Sandy,Sprinkler,442.85,31.01,3439.07,3.48,29122.35,171042.0
362,Karnataka,Bengaluru,2014,Kharif,Rice,855.96,30.8,45.9,Red,Sprinkler,405.01,52.5,1167.16,2.02,45544.18,26512.0
363,Karnataka,Bengaluru,2014,Rabi,Rice,1112.45,22.9,88.3,Alluvial,Sprinkler,282.43,42.99,3473.19,2.33,52852.24,84868.0
364,Karnataka,Bengaluru,2014,Zaid,Pulses,2075.53,37.9,69.4,Red,Tube Well,73.91,40.45,3536.51,6.98,18668.86,254914.0
365,Karnataka,Bengaluru,2014,Zaid,Sugarcane,438.44,25.6,74.8,Black,Sprinkler,150.28,7.17,3562.47,5.28,40764.91,242664.0
366,Karnataka,Bengaluru,2014,Zaid,Pulses,982.63,27.4,82.7,Red,Tube Well,289.47,52.33,885.68,5.08,35817.36,72862.0
367,Karnataka,Bengaluru,2014,Zaid,Wheat,1796.65,28.1,75.4,Laterite,Drip,403.17,39.09,1883.97,5.73,28996.79,93199.0
368,Karnataka,Bengaluru,2014,Kharif,Millets,1778.32,21.1,50.6,Alluvial,Drip,213.92,22.71,571.66,6.01,14320.19,59704.99999999999
369,Karnataka,Bengaluru,2014,Zaid,Rice,1273.67,20.0,66.4,Alluvial,Canal,384.52,41.19,2676.52,6.32,25564.74,197296.0
370,Karnataka,Bengaluru,2014,Zaid,Sugarcane,1580.35,36.6,80.8,Alluvial,Sprinkler,237.22,40.14,1868.54,6.63,59192.82,200943.0
371,Karnataka,Bengaluru,2014,Kharif,Cotton,1352.24,32.7,80.9,Sandy,Drip,81.17,16.87,2645.48,1.94,24243.95,60834.0
372,Karnataka,Bengaluru,2014,Kharif,Maize,1405.16,29.2,76.0,Sandy,Tube Well,356.51,36.71,3405.01,6.33,34634.97,194868.0
373,Karnataka,Bengaluru,2014,Zaid,Pulses,1583.56,28.7,68.0,Laterite,Rain-fed,423.41,54.64,2795.4,8.48,56777.26,287386.0
374,Karnataka,Bengaluru,2014,Rabi,Sugarcane,1413.66,22.3,77.1,Sandy,Canal,420.46,18.97,4812.09,4.47,33045.8,328311.0
375,Karnataka,Bengaluru,2014,Zaid,Maize,2188.14,24.0,51.5,Sandy,Sprinkler,138.75,52.06,206.34,7.2,48555.12,15985.0
376,Karnataka,Bengaluru,2014,Zaid,Maize,569.72,27.2,43.6,Black,Canal,156.0,53.93,1324.3,3.07,27916.03,55719.00000000001
377,Karnataka,Bengaluru,2014,Zaid,Pulses,1827.23,21.5,80.4,Laterite,Canal,325.84,36.69,4547.51,5.55,27920.84,386351.0
378,Karnataka,Bengaluru,2014,Kharif,Wheat,2059.37,24.7,83.4,Laterite,Canal,223.72,56.16,690.65,6.82,51626.97,77694.0
379,Karnataka,Mysuru,2014,Zaid,Cotton,1343.89,24.4,66.1,Sandy,Sprinkler,180.73,43.38,850.67,6.12,64860.47,92202.0
380,Karnataka,Mysuru,2014,Zaid,Rice,799.75,23.8,56.7,Laterite,Drip,102.88,9.54,2900.06,1.56,33157.14,40042.0
381,Karnataka,Mysuru,2014,Rabi,Maize,1265.66,22.0,56.7,Red,Sprinkler,278.53,35.86,4985.69,5.03,24842.7,267396.0
382,Karnataka,Mysuru,2014,Rabi,Rice,602.55,26.3,55.1,Sandy,Drip,126.2,23.95,3311.51,6.82,20970.53,259658.0
383,Karnataka,Mysuru,2014,Kharif,Millets,480.78,34.4,46.0,Red,Canal,199.53,46.68,4278.54,2.02,14890.51,151155.0
384,Karnataka,Mysuru,2014,Rabi,Pulses,1648.83,20.2,59.8,Sandy,Drip,59.1,16.5,2736.23,2.69,39733.09,77922.0
385,Karnataka,Mysuru,2014,Kharif,Wheat,1077.89,36.1,64.0,Alluvial,Tube Well,152.18,8.31,1083.41,6.28,26377.92,86066.0
386,Karnataka,Mysuru,2014,Zaid,Cotton,1593.37,36.3,54.8,Alluvial,Rain-fed,93.16,21.09,4428.67,4.02,63929.02,232963.0
387,Karnataka,Mysuru,2014,Rabi,Millets,1960.19,28.6,45.3,Laterite,Tube Well,250.26,30.19,4639.11,1.36,25111.78,83875.0
388,Karnataka,Mysuru,2014,Rabi,Maize,433.07,31.7,54.5,Alluvial,Sprinkler,170.93,59.78,4895.08,3.21,15286.51,166195.0
389,Karnataka,Mysuru,2014,Rabi,Cotton,806.05,24.8,56.6,Black,Sprinkler,104.9,45.14,2651.52,6.15,58253.18,242405.00000000003
390,Karnataka,Mysuru,2014,Kharif,Maize,1167.64,24.2,68.3,Red,Sprinkler,229.67,12.25,3297.12,5.44,48254.58,179778.0
391,Karnataka,Mysuru,2014,Kharif,Maize,1174.12,36.2,77.4,Red,Drip,312.49,36.07,874.43,1.7,40246.96,22587.0
392,Karnataka,Mysuru,2014,Kharif,Wheat,1777.78,35.6,57.8,Alluvial,Drip,214.5,29.37,4675.47,7.73,61462.25,388085.0
393,Karnataka,Mysuru,2014,Rabi,Maize,447.16,37.7,68.9,Black,Sprinkler,292.24,38.68,3022.17,2.89,13382.48,76814.0
394,Karnataka,Mysuru,2014,Rabi,Millets,1681.63,25.5,81.9,Laterite,Drip,246.58,12.56,1046.97,1.44,52520.56,12287.0
395,Karnataka,Mysuru,2014,Rabi,Sugarcane,1764.0,19.3,86.0,Alluvial,Sprinkler,444.25,52.69,2500.72,3.57,36249.88,93452.0
396,Karnataka,Mysuru,2014,Rabi,Barley,1696.36,25.9,86.7,Alluvial,Drip,278.77,34.49,3242.83,6.34,14041.13,186951.0
397,Karnataka,Hubli,2014,Rabi,Barley,2170.9,18.8,56.3,Laterite,Drip,356.06,57.94,1030.27,4.41,58873.07,71500.0
398,Karnataka,Hubli,2014,Zaid,Barley,929.96,36.4,72.9,Sandy,Drip,411.47,30.5,3265.9,1.86,38534.86,59516.99999999999
399,Karnataka,Hubli,2014,Zaid,Barley,1144.41,27.0,44.8,Black,Canal,286.13,44.19,1089.47,4.52,25254.36,73458.0
400,Karnataka,Hubli,2014,Rabi,Rice,605.5,27.0,55.0,Alluvial,Drip,259.53,26.12,3976.23,4.94,62336.96,231523.0
401,Karnataka,Hubli,2014,Rabi,Pulses,1417.88,31.2,43.3,Red,Drip,397.53,14.84,3589.03,4.26,28404.47,239832.00000000003
402,Karnataka,Hubli,2014,Rabi,Rice,2017.38,37.2,35.2,Black,Drip,356.16,5.67,2538.38,4.84,54795.09,172982.0
403,Karnataka,Hubli,2014,Kharif,Millets,1216.73,26.8,68.1,Black,Canal,52.63,53.52,1462.75,5.79,55466.43,85340.0
404,Karnataka,Hubli,2014,Zaid,Pulses,466.1,35.1,71.7,Red,Sprinkler,385.21,21.41,4609.89,1.56,34098.72,70350.0
405,Karnataka,Hubli,2014,Zaid,Maize,2139.33,33.0,54.8,Alluvial,Rain-fed,64.34,47.27,1681.83,7.75,55474.03,203130.0
406,Karnataka,Hubli,2014,Zaid,Millets,642.18,31.9,50.1,Sandy,Canal,260.82,33.86,3509.56,5.67,17793.02,304404.0
407,Karnataka,Hubli,2014,Kharif,Millets,1703.33,30.1,78.4,Sandy,Sprinkler,332.72,28.49,4254.21,3.1,42482.56,187698.0
408,Karnataka,Hubli,2014,Zaid,Millets,1335.47,30.6,62.1,Alluvial,Drip,121.96,38.52,3572.08,8.35,12083.79,245769.0
409,Karnataka,Hubli,2014,Zaid,Barley,1145.27,24.7,65.8,Sandy,Rain-fed,305.0,5.62,1085.82,3.26,53880.36,39213.0
410,Karnataka,Hubli,2014,Rabi,Wheat,604.91,24.7,56.8,Laterite,Canal,277.57,57.81,4177.01,2.62,56192.74,188482.0
411,Karnataka,Hubli,2014,Rabi,Maize,1266.69,30.5,84.1,Sandy,Rain-fed,264.79,23.43,3941.55,4.22,51356.99,271973.0
412,Karnataka,Hubli,2014,Zaid,Wheat,774.87,31.7,79.0,Sandy,Drip,405.21,24.45,4851.11,3.25,13652.18,281207.0
413,Karnataka,Hubli,2014,Rabi,Barley,737.28,20.3,78.0,Laterite,Rain-fed,173.31,52.18,3578.22,3.18,16600.28,190827.0
414,Karnataka,Hubli,2014,Kharif,Sugarcane,1345.18,21.5,55.6,Black,Rain-fed,64.96,16.12,553.76,4.89,54348.34,46168.0
415,Karnataka,Belagavi,2014,Zaid,Millets,1718.39,28.5,77.7,Alluvial,Tube Well,107.32,52.95,4128.48,8.05,47866.02,309982.0
416,Karnataka,Belagavi,2014,Zaid,Barley,1684.62,28.4,35.2,Red,Canal,422.93,42.79,3012.01,1.84,36744.42,46894.0
417,Karnataka,Belagavi,2014,Kharif,Cotton,1549.93,22.2,46.0,Alluvial,Sprinkler,164.63,34.28,3886.66,6.1,26450.67,227009.0
418,Karnataka,Belagavi,2014,Rabi,Rice,771.84,25.0,52.5,Sandy,Tube Well,106.62,43.74,1488.01,2.99,15775.87,62878.0
419,Karnataka,Belagavi,2014,Zaid,Wheat,634.13,27.4,72.2,Laterite,Sprinkler,92.37,7.96,2189.68,2.51,43594.43,76547.0
420,Karnataka,Belagavi,2014,Zaid,Pulses,962.39,34.3,74.2,Laterite,Canal,318.35,34.34,4871.04,6.72,36681.85,305008.0
421,Karnataka,Belagavi,2014,Kharif,Millets,958.71,30.9,77.2,Red,Rain-fed,238.22,57.11,804.24,7.74,25676.8,72423.0
422,Karnataka,Belagavi,2014,Rabi,Millets,1277.51,19.3,41.2,Alluvial,Rain-fed,241.46,51.52,1483.06,3.74,42457.95,72547.0
423,Karnataka,Belagavi,2014,Zaid,Rice,1826.38,28.7,57.0,Sandy,Tube Well,215.38,39.15,2784.95,8.31,32342.27,263995.0
424,Karnataka,Belagavi,2014,Zaid,Barley,1420.98,24.8,73.2,Laterite,Rain-fed,119.23,41.83,3722.9,6.4,56347.65,217852.0
425,Karnataka,Belagavi,2014,Zaid,Rice,1879.64,21.5,87.6,Alluvial,Canal,77.84,10.98,4088.93,6.83,32082.28,361463.0
426,Karnataka,Belagavi,2014,Zaid,Sugarcane,1870.66,35.7,84.7,Laterite,Drip,304.45,5.01,818.95,2.29,40156.56,22317.0
427,Karnataka,Belagavi,2014,Kharif,Sugarcane,1626.73,24.3,66.4,Sandy,Canal,415.28,21.75,4722.33,4.37,64076.76,236137.0
428,Karnataka,Belagavi,2014,Rabi,Barley,1925.75,35.1,38.4,Alluvial,Drip,410.43,58.23,104.13,5.29,63870.9,5011.0
429,Karnataka,Belagavi,2014,Rabi,Barley,1664.0,25.9,52.5,Red,Tube Well,203.12,25.99,2771.08,6.04,37168.18,165403.0
430,Karnataka,Belagavi,2014,Kharif,Maize,919.25,35.5,41.9,Alluvial,Drip,54.64,40.66,805.58,7.66,46870.11,109529.0
431,Karnataka,Belagavi,2014,Kharif,Barley,1948.27,35.9,73.2,Black,Tube Well,422.12,39.28,2326.53,4.3,55463.79,118520.0
432,Karnataka,Belagavi,2014,Zaid,Wheat,1440.29,34.9,48.0,Red,Canal,250.69,27.6,2776.21,3.88,63846.37,147373.0
433,Karnataka,Mangalore,2014,Zaid,Millets,2131.13,19.6,75.2,Alluvial,Drip,260.56,52.26,3777.85,3.24,39398.33,161982.0
434,Karnataka,Mangalore,2014,Kharif,Millets,1535.19,31.3,71.8,Laterite,Tube Well,323.63,34.66,2940.18,5.68,59890.02,222954.0
435,Karnataka,Mangalore,2014,Zaid,Millets,1433.14,24.6,54.4,Red,Canal,441.1,21.2,920.79,6.27,43674.74,63741.99999999999
436,Karnataka,Mangalore,2014,Rabi,Millets,1440.65,29.5,71.1,Red,Drip,166.7,45.56,233.76,4.74,18721.53,9716.0
437,Karnataka,Mangalore,2014,Zaid,Cotton,895.39,23.1,75.8,Black,Tube Well,291.53,55.06,3720.94,6.01,31597.64,218127.0
438,Karnataka,Mangalore,2014,Rabi,Maize,1838.87,35.2,53.9,Black,Tube Well,83.76,12.98,4676.32,2.33,38285.26,195426.0
439,Karnataka,Mangalore,2014,Zaid,Maize,779.54,32.7,54.0,Sandy,Drip,306.9,46.55,668.37,2.42,33133.47,17814.0
440,Karnataka,Mangalore,2014,Zaid,Barley,1630.32,25.8,49.4,Alluvial,Canal,262.18,28.91,1515.08,7.02,32246.22,118663.00000000001
441,Karnataka,Mangalore,2014,Zaid,Pulses,2121.13,26.6,85.5,Black,Sprinkler,393.34,23.42,1408.73,1.92,46680.19,32218.0
442,Karnataka,Mangalore,2014,Zaid,Sugarcane,1335.91,31.6,89.6,Laterite,Rain-fed,175.31,5.58,141.53,1.7,33796.18,3189.0
443,Karnataka,Mangalore,2014,Kharif,Sugarcane,1705.45,23.0,36.9,Alluvial,Canal,297.76,8.13,3011.28,7.73,23491.71,325738.0
444,Karnataka,Mangalore,2014,Kharif,Maize,1076.73,33.3,70.6,Laterite,Rain-fed,371.28,15.16,643.14,2.55,27612.14,23952.0
445,Karnataka,Mangalore,2014,Rabi,Barley,1646.0,31.4,77.4,Red,Drip,152.93,47.94,1458.71,1.66,32595.29,43488.0
446,Karnataka,Mangalore,2014,Kharif,Millets,524.92,37.6,46.0,Laterite,Rain-fed,207.05,40.5,631.31,5.15,34856.44,45972.0
447,Karnataka,Mangalore,2014,Rabi,Rice,462.75,19.4,75.0,Red,Drip,360.89,6.03,2538.74,5.97,12045.99,126984.99999999999
448,Karnataka,Mangalore,2014,Zaid,Pulses,2028.31,29.5,63.3,Black,Canal,425.96,31.99,2236.68,7.36,53389.66,260985.0
449,Karnataka,Mangalore,2014,Zaid,Barley,2117.48,34.4,61.5,Alluvial,Rain-fed,276.9,56.43,1858.7,6.18,33232.58,164522.0
450,Karnataka,Mangalore,2014,Kharif,Pulses,544.82,27.2,77.2,Red,Tube Well,309.12,14.71,292.72,4.0,22123.17,17515.0
451,Tamil Nadu,Chennai,2014,Zaid,Rice,1993.39,26.8,45.4,Red,Tube Well,64.28,6.4,4982.28,2.94,32604.68,233303.00000000003
452,Tamil Nadu,Chennai,2014,Zaid,Millets,2139.83,18.3,53.7,Sandy,Drip,185.09,44.66,2086.99,2.75,46654.05,75937.0
453,Tamil Nadu,Chennai,2014,Kharif,Sugarcane,2064.67,18.7,42.8,Alluvial,Rain-fed,311.53,30.92,4598.29,1.53,49168.73,65466.99999999999
454,Tamil Nadu,Chennai,2014,Rabi,Rice,1221.13,21.4,67.5,Red,Tube Well,377.12,10.85,2536.0,7.03,23690.34,286043.0
455,Tamil Nadu,Chennai,2014,Rabi,Pulses,617.44,31.7,65.0,Black,Tube Well,178.64,58.06,1144.84,1.53,21192.73,15119.999999999998
456,Tamil Nadu,Chennai,2014,Kharif,Maize,1653.33,29.1,59.1,Laterite,Canal,420.27,7.24,589.84,7.39,44459.4,68769.0
457,Tamil Nadu,Chennai,2014,Kharif,Wheat,413.0,36.5,73.9,Red,Sprinkler,287.49,20.61,3498.17,6.98,37228.66,226321.0
458,Tamil Nadu,Chennai,2014,Rabi,Millets,1141.66,36.8,68.6,Laterite,Canal,65.05,14.9,2549.45,8.14,45241.16,328426.0
459,Tamil Nadu,Chennai,2014,Kharif,Sugarcane,745.43,37.7,88.7,Red,Canal,297.57,52.45,4935.23,4.91,36603.45,345661.0
460,Tamil Nadu,Chennai,2014,Kharif,Sugarcane,602.82,21.0,81.4,Laterite,Rain-fed,414.59,32.36,882.82,7.94,14863.46,81605.0
461,Tamil Nadu,Chennai,2014,Kharif,Pulses,1510.27,35.8,59.9,Black,Tube Well,91.77,7.89,2733.07,2.35,13540.46,84453.0
462,Tamil Nadu,Chennai,2014,Kharif,Pulses,1154.32,32.9,84.4,Alluvial,Tube Well,142.03,11.06,1216.13,2.93,33867.56,35631.0
463,Tamil Nadu,Chennai,2014,Rabi,Millets,497.81,26.7,46.9,Black,Rain-fed,293.77,14.79,1930.08,4.54,22290.21,101522.0
464,Tamil Nadu,Chennai,2014,Kharif,Maize,457.77,29.4,50.4,Sandy,Drip,94.44,30.6,2149.3,6.75,23652.24,158884.0
465,Tamil Nadu,Chennai,2014,Kharif,Sugarcane,555.65,35.1,61.9,Black,Rain-fed,448.27,37.54,4201.25,3.24,50690.94,209105.00000000003
466,Tamil Nadu,Chennai,2014,Zaid,Barley,1443.04,35.8,67.5,Alluvial,Tube Well,109.59,36.55,124.88,8.36,14123.11,13266.0
467,Tamil Nadu,Chennai,2014,Kharif,Barley,1262.68,34.0,80.2,Red,Rain-fed,230.98,18.23,2836.59,1.29,50784.67,64034.0
468,Tamil Nadu,Chennai,2014,Kharif,Sugarcane,1565.75,19.8,61.4,Laterite,Drip,171.93,43.68,4303.82,6.66,13293.91,359681.0
469,Tamil Nadu,Coimbatore,2014,Zaid,Pulses,1528.26,32.1,35.1,Sandy,Sprinkler,300.92,26.17,3484.68,5.08,27719.27,274895.0
470,Tamil Nadu,Coimbatore,2014,Rabi,Sugarcane,1817.85,19.6,83.4,Laterite,Sprinkler,344.3,8.01,4732.08,6.12,59062.83,263819.0
471,Tamil Nadu,Coimbatore,2014,Rabi,Wheat,1058.03,21.5,65.7,Sandy,Drip,76.8,44.01,1103.09,8.36,24647.53,84247.0
472,Tamil Nadu,Coimbatore,2014,Rabi,Sugarcane,976.83,36.0,62.7,Sandy,Sprinkler,219.17,8.0,1926.79,4.5,38576.86,141292.0
473,Tamil Nadu,Coimbatore,2014,Rabi,Cotton,1213.56,25.4,72.0,Black,Rain-fed,327.29,58.79,4427.34,2.57,58850.89,100960.0
474,Tamil Nadu,Coimbatore,2014,Zaid,Rice,596.86,23.5,73.3,Black,Tube Well,248.53,53.12,2651.37,5.78,27537.98,271186.0
475,Tamil Nadu,Coimbatore,2014,Zaid,Pulses,1156.23,32.8,36.2,Red,Rain-fed,125.62,6.21,4029.75,7.3,39539.89,334143.0
476,Tamil Nadu,Coimbatore,2014,Rabi,Millets,1468.04,31.9,81.3,Red,Rain-fed,228.1,21.72,746.58,6.96,21102.07,55079.99999999999
477,Tamil Nadu,Coimbatore,2014,Zaid,Wheat,667.01,23.7,87.6,Black,Drip,297.45,13.84,2723.05,2.53,21294.05,103899.0
478,Tamil Nadu,Coimbatore,2014,Kharif,Sugarcane,610.45,37.9,66.6,Red,Tube Well,226.36,25.33,1105.26,6.36,47274.32,124984.99999999999
479,Tamil Nadu,Coimbatore,2014,Zaid,Maize,1360.56,20.4,36.4,Sandy,Rain-fed,422.43,47.27,4744.17,7.97,20270.82,669312.0
480,Tamil Nadu,Coimbatore,2014,Zaid,Cotton,1253.04,23.8,86.9,Alluvial,Tube Well,442.28,36.56,820.71,5.33,60064.68,54334.0
481,Tamil Nadu,Coimbatore,2014,Zaid,Wheat,650.96,29.0,51.9,Sandy,Drip,210.65,51.25,2285.27,1.88,14916.78,61923.0
482,Tamil Nadu,Coimbatore,2014,Zaid,Cotton,752.29,19.7,81.7,Alluvial,Rain-fed,320.83,57.67,4881.61,4.08,37994.66,279469.0
483,Tamil Nadu,Coimbatore,2014,Zaid,Barley,666.3,35.1,55.3,Laterite,Tube Well,199.13,20.66,1821.64,8.34,58337.99,134848.0
484,Tamil Nadu,Coimbatore,2014,Rabi,Millets,919.54,34.1,88.4,Sandy,Rain-fed,219.53,54.3,783.88,5.49,16562.13,43370.0
485,Tamil Nadu,Coimbatore,2014,Kharif,Rice,2079.68,29.8,55.7,Black,Drip,52.65,40.13,1439.31,2.48,36492.36,48828.0
486,Tamil Nadu,Coimbatore,2014,Kharif,Barley,921.03,27.8,80.3,Red,Rain-fed,170.8,37.19,2521.09,6.6,23899.57,264766.0
487,Tamil Nadu,Madurai,2014,Kharif,Millets,623.52,31.3,50.8,Sandy,Rain-fed,121.75,54.87,3259.45,1.41,52530.07,59426.0
488,Tamil Nadu,Madurai,2014,Kharif,Millets,1418.03,35.4,69.5,Sandy,Canal,240.42,43.18,685.96,4.94,42488.98,55753.0
489,Tamil Nadu,Madurai,2014,Zaid,Maize,975.43,35.6,42.5,Alluvial,Sprinkler,115.32,20.0,2155.62,7.86,30867.17,184656.0
490,Tamil Nadu,Madurai,2014,Zaid,Sugarcane,1779.6,21.7,40.2,Red,Canal,351.05,34.9,4374.97,7.24,48303.26,348762.0
491,Tamil Nadu,Madurai,2014,Kharif,Pulses,1881.97,18.3,63.5,Black,Sprinkler,199.21,31.67,1767.53,7.85,17428.15,132446.0
492,Tamil Nadu,Madurai,2014,Zaid,Rice,1151.22,36.3,41.4,Sandy,Rain-fed,102.49,5.96,1806.23,6.24,19367.74,139977.0
493,Tamil Nadu,Madurai,2014,Kharif,Maize,1677.81,18.6,79.8,Laterite,Canal,138.94,52.12,797.56,2.85,18643.24,21144.0
494,Tamil Nadu,Madurai,2014,Kharif,Rice,433.85,27.7,58.7,Alluvial,Rain-fed,128.54,6.8,3332.97,5.53,36861.36,314905.0
495,Tamil Nadu,Madurai,2014,Rabi,Wheat,1758.19,33.6,85.6,Sandy,Rain-fed,132.16,54.56,1005.43,3.77,16811.3,62386.0
496,Tamil Nadu,Madurai,2014,Kharif,Pulses,689.0,28.0,75.1,Red,Drip,146.73,36.36,585.62,5.42,12741.17,32280.0
497,Tamil Nadu,Madurai,2014,Kharif,Wheat,2152.44,20.0,46.8,Red,Tube Well,251.68,43.93,1895.67,5.5,35302.29,183266.0
498,Tamil Nadu,Madurai,2014,Zaid,Barley,785.69,22.6,41.2,Alluvial,Canal,443.85,11.8,640.55,2.19,52400.51,21108.0
499,Tamil Nadu,Madurai,2014,Rabi,Pulses,1288.68,25.7,60.1,Black,Canal,344.47,42.79,4221.34,2.85,33585.96,214746.0
500,Tamil Nadu,Madurai,2014,Rabi,Millets,2090.35,25.3,35.7,Laterite,Sprinkler,319.66,41.97,2042.21,5.02,47855.49,94237.0
501,Tamil Nadu,Madurai,2014,Rabi,Rice,1734.58,35.8,44.3,Laterite,Rain-fed,195.48,15.95,1081.29,7.36,33427.32,82199.0
502,Tamil Nadu,Madurai,2014,Rabi,Cotton,1761.35,34.0,86.9,Alluvial,Canal,192.44,41.67,4755.68,8.41,39104.97,378905.0
503,Tamil Nadu,Madurai,2014,Zaid,Cotton,1280.81,22.6,86.8,Red,Drip,61.89,45.58,4168.53,4.84,13417.69,197539.0
504,Tamil Nadu,Madurai,2014,Rabi,Cotton,1519.54,19.9,39.2,Sandy,Rain-fed,350.64,47.22,3984.38,2.67,47090.94,137261.0
505,Tamil Nadu,Salem,2014,Zaid,Wheat,2114.64,18.6,58.7,Red,Drip,415.98,26.1,1641.34,3.95,36361.78,53997.0
506,Tamil Nadu,Salem,2014,Zaid,Millets,1175.23,24.2,56.4,Black,Sprinkler,355.6,36.29,2503.71,5.24,40587.8,166593.0
507,Tamil Nadu,Salem,2014,Rabi,Wheat,1104.49,27.9,88.4,Red,Sprinkler,296.78,24.4,4891.14,3.54,13491.79,146329.0
508,Tamil Nadu,Salem,2014,Rabi,Wheat,1777.35,30.5,55.9,Sandy,Canal,221.26,59.56,2118.46,1.61,24944.13,35288.0
509,Tamil Nadu,Salem,2014,Kharif,Rice,1964.09,20.3,44.3,Laterite,Sprinkler,265.37,7.06,3323.06,4.28,39282.27,173684.0
510,Tamil Nadu,Salem,2014,Zaid,Wheat,2174.38,25.6,56.5,Red,Drip,279.02,49.46,590.28,6.13,29806.28,47140.0
511,Tamil Nadu,Salem,2014,Zaid,Cotton,1054.0,26.7,62.3,Laterite,Drip,388.93,48.29,4217.86,5.11,27229.84,182671.0
512,Tamil Nadu,Salem,2014,Rabi,Rice,1691.87,29.6,67.6,Sandy,Rain-fed,159.35,36.15,2702.21,4.32,30407.77,102338.0
513,Tamil Nadu,Salem,2014,Zaid,Barley,1594.22,24.3,57.8,Black,Sprinkler,150.51,33.35,3390.65,5.2,58687.52,251748.99999999997
514,Tamil Nadu,Salem,2014,Zaid,Millets,783.32,37.2,75.8,Alluvial,Sprinkler,236.92,56.54,2710.32,5.69,52763.32,190262.0
515,Tamil Nadu,Salem,2014,Kharif,Sugarcane,1055.69,21.0,43.3,Laterite,Rain-fed,324.12,21.52,2233.41,3.53,56001.36,68151.0
516,Tamil Nadu,Salem,2014,Zaid,Cotton,1562.88,23.1,68.1,Laterite,Tube Well,212.35,11.25,1040.39,2.99,55843.13,39325.0
517,Tamil Nadu,Salem,2014,Kharif,Wheat,763.58,23.5,36.6,Alluvial,Canal,365.87,20.28,2798.46,5.9,14238.32,251373.99999999997
518,Tamil Nadu,Salem,2014,Kharif,Pulses,1482.88,35.3,84.5,Black,Canal,212.8,24.99,3321.41,1.86,61987.59,94165.0
519,Tamil Nadu,Salem,2014,Rabi,Rice,1339.52,34.6,87.2,Sandy,Tube Well,422.62,18.85,4434.37,2.94,18480.67,209465.0
520,Tamil Nadu,Salem,2014,Zaid,Sugarcane,2083.9,22.4,40.9,Alluvial,Rain-fed,135.64,20.1,2101.04,7.5,14964.05,210126.00000000003
521,Tamil Nadu,Salem,2014,Zaid,Barley,1254.74,22.9,50.3,Alluvial,Canal,363.71,12.97,2428.59,3.88,28333.08,136199.0
522,Tamil Nadu,Salem,2014,Kharif,Sugarcane,855.37,25.7,70.1,Laterite,Rain-fed,330.25,54.67,3457.72,5.1,24528.24,219090.0
523,Tamil Nadu,Tiruchirappalli,2014,Rabi,Cotton,562.45,34.5,48.0,Alluvial,Rain-fed,134.15,53.96,4587.86,5.81,58611.76,417622.0
524,Tamil Nadu,Tiruchirappalli,2014,Zaid,Rice,1881.76,36.8,60.9,Red,Sprinkler,215.18,51.26,3615.19,7.6,55472.79,446310.99999999994
525,Tamil Nadu,Tiruchirappalli,2014,Zaid,Rice,1033.34,30.0,79.7,Black,Canal,345.11,29.93,234.02,1.58,46004.4,5288.0
526,Tamil Nadu,Tiruchirappalli,2014,Zaid,Barley,760.14,24.1,66.7,Laterite,Rain-fed,94.33,18.73,3596.46,6.8,46406.57,227463.0
527,Tamil Nadu,Tiruchirappalli,2014,Rabi,Millets,1261.06,32.7,49.3,Sandy,Drip,324.99,50.47,4017.69,2.65,33968.31,104541.00000000001
528,Tamil Nadu,Tiruchirappalli,2014,Rabi,Wheat,2106.6,36.5,70.6,Sandy,Tube Well,300.65,54.88,4873.23,2.65,49166.84,125106.0
529,Tamil Nadu,Tiruchirappalli,2014,Rabi,Cotton,668.65,37.2,44.4,Alluvial,Drip,276.9,5.78,2676.6,6.85,61199.1,298353.0
530,Tamil Nadu,Tiruchirappalli,2014,Rabi,Sugarcane,742.98,35.2,78.0,Black,Tube Well,165.18,32.18,737.98,7.45,43804.39,98700.0
531,Tamil Nadu,Tiruchirappalli,2014,Kharif,Maize,1135.34,20.9,51.0,Laterite,Drip,154.72,38.97,4545.91,3.9,48266.16,223061.0
532,Tamil Nadu,Tiruchirappalli,2014,Kharif,Pulses,2153.92,26.0,46.7,Laterite,Rain-fed,203.4,28.28,3026.26,1.73,41521.0,44612.0
533,Tamil Nadu,Tiruchirappalli,2014,Kharif,Wheat,409.65,28.1,56.0,Sandy,Tube Well,441.01,41.92,747.97,7.71,14179.62,56479.0
534,Tamil Nadu,Tiruchirappalli,2014,Rabi,Pulses,1980.21,20.6,52.5,Red,Tube Well,262.17,12.8,672.53,1.52,18777.19,17089.0
535,Tamil Nadu,Tiruchirappalli,2014,Kharif,Cotton,2025.03,23.3,80.6,Sandy,Tube Well,420.69,33.43,2235.3,2.4,51054.07,69273.0
536,Tamil Nadu,Tiruchirappalli,2014,Rabi,Wheat,740.06,19.1,45.1,Red,Sprinkler,238.1,14.0,2388.95,2.05,59444.29,63416.0
537,Tamil Nadu,Tiruchirappalli,2014,Rabi,Millets,1223.97,20.2,74.6,Sandy,Sprinkler,109.22,24.23,1098.3,3.27,56252.54,55665.0
538,Tamil Nadu,Tiruchirappalli,2014,Kharif,Sugarcane,1450.39,37.4,63.9,Red,Canal,278.32,27.9,476.49,6.81,47876.15,54753.0
539,Tamil Nadu,Tiruchirappalli,2014,Rabi,Barley,1072.4,36.6,40.8,Sandy,Canal,179.42,6.59,2355.14,6.37,37432.32,214286.0
540,Tamil Nadu,Tiruchirappalli,2014,Kharif,Pulses,2145.59,31.1,87.3,Red,Rain-fed,179.97,45.23,3698.17,8.19,42165.4,306323.0
541,Rajasthan,Jaipur,2014,Kharif,Wheat,1738.84,28.9,68.1,Black,Tube Well,87.02,19.03,1276.39,6.83,33142.61,71530.0
542,Rajasthan,Jaipur,2014,Kharif,Barley,912.88,33.1,71.0,Red,Canal,98.24,32.0,2218.56,7.09,28435.37,233578.00000000003
543,Rajasthan,Jaipur,2014,Rabi,Pulses,1322.78,27.8,83.7,Laterite,Canal,240.58,35.97,2173.05,6.72,54982.7,206466.0
544,Rajasthan,Jaipur,2014,Rabi,Wheat,1324.01,37.5,72.2,Laterite,Canal,309.04,44.25,4660.27,5.05,46302.95,208037.0
545,Rajasthan,Jaipur,2014,Zaid,Millets,940.71,37.7,72.6,Alluvial,Sprinkler,170.16,18.68,2195.89,5.35,41202.7,201749.0
546,Rajasthan,Jaipur,2014,Rabi,Barley,1143.43,27.3,74.6,Black,Drip,375.13,24.55,2969.28,6.81,12862.24,311505.0
547,Rajasthan,Jaipur,2014,Kharif,Barley,481.47,26.3,73.7,Black,Drip,175.58,44.83,3811.04,4.48,54815.21,194865.0
548,Rajasthan,Jaipur,2014,Zaid,Rice,1744.65,30.1,82.9,Laterite,Sprinkler,92.53,34.39,128.65,2.05,21101.97,3368.0
549,Rajasthan,Jaipur,2014,Kharif,Millets,945.04,34.3,68.9,Alluvial,Canal,326.26,57.97,3408.0,7.07,16644.66,225312.0
550,Rajasthan,Jaipur,2014,Rabi,Sugarcane,1946.22,22.2,70.7,Black,Tube Well,309.9,28.97,3167.69,6.97,22118.47,243069.0
551,Rajasthan,Jaipur,2014,Zaid,Barley,439.27,21.3,43.4,Laterite,Canal,331.04,58.01,2410.3,7.48,43016.99,180532.0
552,Rajasthan,Jaipur,2014,Rabi,Pulses,414.17,30.6,74.2,Laterite,Tube Well,441.79,51.67,3711.68,5.55,41378.14,224698.0
553,Rajasthan,Jaipur,2014,Zaid,Millets,817.43,19.2,36.0,Red,Tube Well,280.56,35.43,1412.46,5.93,59124.45,76802.0
554,Rajasthan,Jaipur,2014,Zaid,Barley,437.45,23.8,45.6,Laterite,Drip,187.54,17.77,1176.54,7.84,29975.11,129331.0
555,Rajasthan,Jaipur,2014,Kharif,Cotton,1701.39,25.8,57.9,Red,Canal,426.48,40.89,1865.25,4.65,63459.91,83440.0
556,Rajasthan,Jaipur,2014,Kharif,Millets,632.37,22.0,68.3,Red,Rain-fed,90.36,27.88,4969.46,3.42,23099.95,143961.0
557,Rajasthan,Jaipur,2014,Rabi,Pulses,1618.47,21.5,82.3,Red,Rain-fed,251.39,49.37,1754.9,2.03,24014.58,48520.0
558,Rajasthan,Jaipur,2014,Rabi,Pulses,1784.87,33.4,65.6,Laterite,Canal,408.53,51.94,4381.11,5.61,17519.53,209017.0
559,Rajasthan,Jodhpur,2014,Rabi,Rice,1806.97,30.2,82.2,Black,Rain-fed,90.75,35.94,2585.8,2.42,18257.15,62913.0
560,Rajasthan,Jodhpur,2014,Kharif,Millets,1771.54,28.0,82.9,Black,Tube Well,111.72,25.01,4113.89,2.1,22700.19,152882.0
561,Rajasthan,Jodhpur,2014,Kharif,Pulses,916.16,21.4,49.6,Black,Tube Well,336.08,27.83,3184.26,2.99,51919.93,126595.0
562,Rajasthan,Jodhpur,2014,Zaid,Barley,2052.44,36.0,87.4,Alluvial,Canal,256.46,42.52,4724.33,4.43,52818.05,317621.0
563,Rajasthan,Jodhpur,2014,Zaid,Pulses,966.65,37.6,44.0,Sandy,Rain-fed,74.59,46.76,3334.86,5.88,59833.09,168208.0
564,Rajasthan,Jodhpur,2014,Kharif,Barley,1123.61,31.6,65.4,Laterite,Tube Well,171.73,45.85,4555.23,1.26,26828.38,76210.0
565,Rajasthan,Jodhpur,2014,Kharif,Sugarcane,1997.64,30.5,69.0,Alluvial,Sprinkler,226.86,23.99,4077.97,5.94,53096.22,407185.0
566,Rajasthan,Jodhpur,2014,Zaid,Pulses,1101.99,32.4,83.4,Black,Canal,258.19,34.74,1147.3,4.94,28549.38,64652.0
567,Rajasthan,Jodhpur,2014,Rabi,Wheat,2002.57,28.8,49.2,Sandy,Rain-fed,382.89,21.72,2171.45,4.89,50795.27,174310.0
568,Rajasthan,Jodhpur,2014,Zaid,Rice,485.92,31.0,41.9,Sandy,Sprinkler,169.18,45.53,2320.42,8.38,54685.54,347873.0
569,Rajasthan,Jodhpur,2014,Zaid,Sugarcane,1030.61,23.7,78.2,Black,Rain-fed,335.94,41.98,3600.32,4.99,25124.57,202624.0
570,Rajasthan,Jodhpur,2014,Zaid,Millets,576.38,32.2,80.6,Laterite,Sprinkler,82.78,8.42,4453.7,4.68,35646.7,243719.99999999997
571,Rajasthan,Jodhpur,2014,Zaid,Barley,1969.63,29.7,70.0,Black,Tube Well,448.6,42.9,4744.32,6.54,34096.88,298749.0
572,Rajasthan,Jodhpur,2014,Kharif,Millets,632.89,32.1,82.5,Sandy,Tube Well,97.22,16.7,2419.44,6.65,62035.69,188137.0
573,Rajasthan,Jodhpur,2014,Kharif,Rice,617.56,29.4,37.2,Sandy,Tube Well,111.32,25.43,4956.0,3.41,37754.05,268913.0
574,Rajasthan,Jodhpur,2014,Rabi,Wheat,2086.28,24.1,50.6,Sandy,Rain-fed,123.23,45.68,110.22,5.2,15580.92,4841.0
575,Rajasthan,Jodhpur,2014,Rabi,Millets,2020.52,33.6,61.1,Black,Rain-fed,338.01,38.31,3833.56,4.88,36429.62,233834.0
576,Rajasthan,Jodhpur,2014,Zaid,Rice,1839.66,31.3,57.5,Alluvial,Drip,143.13,26.75,2750.87,8.19,59172.29,346035.0
577,Rajasthan,Udaipur,2014,Kharif,Wheat,1429.59,33.9,73.9,Sandy,Sprinkler,274.42,11.81,2840.83,2.6,44791.31,101697.0
578,Rajasthan,Udaipur,2014,Zaid,Sugarcane,1751.01,28.1,36.0,Laterite,Canal,313.3,34.25,4815.65,3.21,22907.66,251921.0
579,Rajasthan,Udaipur,2014,Kharif,Pulses,1123.24,18.9,82.4,Alluvial,Sprinkler,59.31,29.04,2133.19,7.48,28821.27,168686.0
580,Rajasthan,Udaipur,2014,Zaid,Maize,913.63,21.7,77.3,Alluvial,Rain-fed,111.69,57.37,3425.18,1.63,62939.54,54795.00000000001
581,Rajasthan,Udaipur,2014,Kharif,Barley,577.74,20.8,84.1,Laterite,Sprinkler,153.17,56.79,4507.56,1.58,24700.02,99494.0
582,Rajasthan,Udaipur,2014,Zaid,Barley,2108.84,23.4,52.5,Sandy,Canal,271.25,8.6,241.64,5.82,60427.96,11513.0
583,Rajasthan,Udaipur,2014,Zaid,Sugarcane,1773.36,31.0,41.9,Black,Drip,277.3,29.53,4246.76,4.85,53492.72,194097.0
584,Rajasthan,Udaipur,2014,Rabi,Barley,2130.43,29.1,37.3,Red,Sprinkler,375.06,57.86,3141.58,5.97,20871.23,161328.0
585,Rajasthan,Udaipur,2014,Rabi,Cotton,1911.08,25.6,54.3,Alluvial,Tube Well,302.88,37.18,2600.61,1.53,51176.7,54236.0
586,Rajasthan,Udaipur,2014,Zaid,Rice,1894.9,32.5,89.9,Red,Tube Well,401.31,16.6,2573.62,7.06,58848.38,317136.0
587,Rajasthan,Udaipur,2014,Rabi,Cotton,842.67,37.7,53.8,Alluvial,Canal,233.92,37.97,177.79,6.25,46261.49,8912.0
588,Rajasthan,Udaipur,2014,Zaid,Maize,1143.69,35.9,73.7,Laterite,Canal,354.99,34.6,3957.8,5.94,16108.73,195350.0
589,Rajasthan,Udaipur,2014,Kharif,Pulses,2149.67,25.5,68.1,Laterite,Canal,204.7,51.15,4078.16,8.38,18612.48,400012.0
590,Rajasthan,Udaipur,2014,Rabi,Sugarcane,1737.66,33.2,72.4,Red,Canal,333.68,15.53,4099.78,5.76,54845.97,241141.0
591,Rajasthan,Udaipur,2014,Kharif,Cotton,1287.11,32.1,68.3,Sandy,Drip,52.85,59.13,3228.34,2.01,26699.42,84378.0
592,Rajasthan,Udaipur,2014,Zaid,Maize,517.65,20.6,38.6,Alluvial,Sprinkler,153.85,36.34,1217.03,5.02,53459.39,60597.0
593,Rajasthan,Udaipur,2014,Rabi,Cotton,1625.22,35.7,35.1,Red,Canal,220.85,42.02,3285.15,7.43,29118.96,401362.0
594,Rajasthan,Udaipur,2014,Rabi,Millets,1292.03,28.3,37.4,Alluvial,Sprinkler,338.49,7.58,4600.12,5.09,28760.82,279069.0
595,Rajasthan,Kota,2014,Kharif,Wheat,2182.48,22.5,72.9,Laterite,Tube Well,433.11,55.43,1064.7,3.6,15330.74,54629.99999999999
596,Rajasthan,Kota,2014,Kharif,Wheat,1466.56,30.5,53.4,Alluvial,Sprinkler,150.16,10.93,1267.96,3.69,14884.94,53038.0
597,Rajasthan,Kota,2014,Kharif,Millets,1775.38,30.5,66.8,Alluvial,Tube Well,84.21,8.34,263.38,3.49,56927.68,7951.000000000001
598,Rajasthan,Kota,2014,Kharif,Wheat,942.65,30.5,38.6,Sandy,Sprinkler,321.03,35.76,1545.09,3.98,17079.0,95437.0
599,Rajasthan,Kota,2014,Zaid,Wheat,1216.14,27.3,58.5,Black,Canal,298.08,10.57,3289.51,6.13,13376.52,265612.0
600,Rajasthan,Kota,2014,Zaid,Rice,422.12,32.3,67.6,Laterite,Drip,386.31,54.74,717.31,4.91,30835.73,45131.0
601,Rajasthan,Kota,2014,Kharif,Sugarcane,647.81,18.9,42.0,Black,Tube Well,283.81,33.22,3293.35,3.81,42934.29,168282.0
602,Rajasthan,Kota,2014,Kharif,Cotton,1485.99,23.8,88.4,Laterite,Rain-fed,257.07,41.17,808.54,2.93,55416.74,32206.0
603,Rajasthan,Kota,2014,Zaid,Sugarcane,2157.72,30.8,46.1,Sandy,Rain-fed,77.36,15.41,2431.05,6.25,36772.33,226758.0
604,Rajasthan,Kota,2014,Zaid,Cotton,1153.65,21.2,60.0,Black,Drip,365.68,7.32,1175.09,1.23,23820.33,14891.0
605,Rajasthan,Kota,2014,Kharif,Millets,1722.26,37.1,53.2,Sandy,Canal,346.03,16.29,1002.8,8.43,31229.31,73862.0
606,Rajasthan,Kota,2014,Zaid,Maize,923.04,21.9,67.2,Black,Rain-fed,356.21,7.41,245.46,2.64,21229.77,10922.0
607,Rajasthan,Kota,2014,Kharif,Sugarcane,721.37,18.4,81.4,Red,Tube Well,414.26,6.15,3419.52,3.97,53732.95,123669.0
608,Rajasthan,Kota,2014,Kharif,Sugarcane,1065.35,25.4,44.4,Black,Drip,260.77,48.95,3153.7,4.37,49679.93,126583.99999999999
609,Rajasthan,Kota,2014,Kharif,Barley,1649.84,24.4,58.6,Red,Drip,304.46,55.66,3839.1,5.49,57285.08,230617.0
610,Rajasthan,Kota,2014,Zaid,Wheat,1533.03,23.6,42.0,Alluvial,Drip,253.31,37.12,2496.05,6.51,53587.26,258526.00000000003
611,Rajasthan,Kota,2014,Rabi,Barley,1752.35,30.9,63.0,Laterite,Rain-fed,249.44,30.53,1676.93,3.93,48809.01,99886.0
612,Rajasthan,Kota,2014,Rabi,Barley,1548.59,33.8,70.7,Sandy,Drip,132.88,54.22,2315.19,2.91,23585.47,82532.0
613,Rajasthan,Ajmer,2014,Rabi,Pulses,858.15,19.7,76.3,Laterite,Tube Well,168.02,33.54,1227.87,1.5,39149.89,20930.0
614,Rajasthan,Ajmer,2014,Zaid,Barley,1061.52,28.0,50.0,Sandy,Sprinkler,59.89,29.29,1401.56,1.75,59778.22,26845.999999999996
615,Rajasthan,Ajmer,2014,Zaid,Rice,1814.57,36.5,40.4,Red,Drip,78.54,7.11,1081.5,2.64,29449.79,31483.999999999996
616,Rajasthan,Ajmer,2014,Rabi,Maize,2197.13,33.0,75.7,Sandy,Canal,414.95,5.47,1567.42,7.2,53505.8,135855.0
617,Rajasthan,Ajmer,2014,Zaid,Millets,1577.36,37.8,87.3,Laterite,Tube Well,396.19,17.52,3644.35,2.73,24387.33,137994.0
618,Rajasthan,Ajmer,2014,Zaid,Pulses,1825.45,24.3,45.3,Black,Rain-fed,358.05,43.39,1126.97,4.48,41597.68,59309.0
619,Rajasthan,Ajmer,2014,Zaid,Wheat,1299.64,31.2,54.5,Alluvial,Sprinkler,140.2,28.41,3787.87,6.77,48597.49,281990.0
620,Rajasthan,Ajmer,2014,Kharif,Wheat,2059.86,21.1,87.4,Laterite,Canal,182.1,39.64,3054.71,5.64,57948.07,306698.0
621,Rajasthan,Ajmer,2014,Zaid,Barley,739.01,20.2,66.3,Sandy,Tube Well,230.61,54.21,556.88,1.96,41304.06,9082.0
622,Rajasthan,Ajmer,2014,Kharif,Wheat,736.05,19.4,88.0,Red,Tube Well,163.53,17.82,3331.89,1.71,15045.02,75124.0
623,Rajasthan,Ajmer,2014,Rabi,Barley,682.66,20.2,64.5,Laterite,Drip,241.3,8.78,4779.97,7.52,18886.41,361494.0
624,Rajasthan,Ajmer,2014,Zaid,Cotton,1457.49,28.0,72.7,Red,Sprinkler,160.18,5.41,799.19,1.67,33159.56,21455.0
625,Rajasthan,Ajmer,2014,Zaid,Millets,1228.37,29.5,75.6,Black,Tube Well,165.16,53.45,2335.9,6.31,49717.34,161759.0
626,Rajasthan,Ajmer,2014,Kharif,Sugarcane,723.24,30.4,58.8,Red,Sprinkler,203.87,41.25,3522.76,1.9,49028.17,56469.00000000001
627,Rajasthan,Ajmer,2014,Kharif,Cotton,1599.98,19.3,75.0,Sandy,Rain-fed,410.89,54.98,2115.26,6.76,18425.22,167119.0
628,Rajasthan,Ajmer,2014,Kharif,Barley,1211.68,23.1,62.8,Laterite,Canal,234.87,9.03,3502.98,6.67,32201.25,361211.0
629,Rajasthan,Ajmer,2014,Rabi,Wheat,851.09,32.2,42.5,Black,Tube Well,318.12,30.53,2360.65,1.8,46822.2,64315.0
630,Rajasthan,Ajmer,2014,Zaid,Cotton,1914.81,21.4,36.0,Red,Drip,90.21,21.18,2719.8,4.05,16112.02,172232.0
631,West Bengal,Kolkata,2014,Zaid,Millets,1044.56,22.3,36.9,Alluvial,Tube Well,320.02,16.89,3514.04,7.31,55010.13,370162.0
632,West Bengal,Kolkata,2014,Kharif,Cotton,1199.18,30.0,37.7,Alluvial,Rain-fed,200.96,16.1,1323.53,7.83,22599.24,84568.0
633,West Bengal,Kolkata,2014,Rabi,Sugarcane,1623.93,19.3,87.7,Red,Sprinkler,88.64,50.95,3354.13,6.49,14332.66,285709.0
634,West Bengal,Kolkata,2014,Kharif,Sugarcane,1524.41,36.7,56.7,Laterite,Drip,221.15,17.78,618.84,3.56,12794.71,32032.0
635,West Bengal,Kolkata,2014,Kharif,Millets,796.17,31.2,50.3,Sandy,Sprinkler,299.56,7.42,4438.75,4.2,52679.89,242277.0
636,West Bengal,Kolkata,2014,Zaid,Maize,853.49,19.9,52.8,Red,Tube Well,302.35,26.37,4630.31,6.83,19045.37,308449.0
637,West Bengal,Kolkata,2014,Zaid,Rice,1003.19,30.2,67.2,Alluvial,Rain-fed,202.95,40.23,1238.88,5.49,64384.19,70232.0
638,West Bengal,Kolkata,2014,Zaid,Sugarcane,1728.24,33.1,69.1,Sandy,Tube Well,73.97,25.6,1553.41,2.31,22832.42,30067.0
639,West Bengal,Kolkata,2014,Zaid,Pulses,641.68,24.4,78.3,Red,Rain-fed,65.84,48.55,2132.98,7.13,51779.2,156493.0
640,West Bengal,Kolkata,2014,Kharif,Sugarcane,770.47,19.1,85.5,Laterite,Canal,445.35,49.08,3511.76,2.82,58253.41,130868.0
641,West Bengal,Kolkata,2014,Kharif,Rice,1965.76,19.4,45.6,Black,Sprinkler,303.75,12.78,1100.68,1.87,43409.42,33575.0
642,West Bengal,Kolkata,2014,Kharif,Rice,1167.23,27.3,44.0,Red,Tube Well,129.01,28.32,3068.67,3.41,42550.36,184978.0
643,West Bengal,Kolkata,2014,Rabi,Rice,2111.82,25.2,55.8,Alluvial,Tube Well,238.29,28.25,3086.03,4.36,20261.56,235969.99999999997
644,West Bengal,Kolkata,2014,Rabi,Barley,1937.28,33.2,85.7,Sandy,Sprinkler,288.07,13.4,3660.58,3.08,36573.52,141339.0
645,West Bengal,Kolkata,2014,Rabi,Millets,529.49,20.7,60.8,Laterite,Rain-fed,111.89,15.43,162.89,4.86,50443.3,10224.0
646,West Bengal,Kolkata,2014,Rabi,Barley,1281.19,30.8,67.4,Red,Rain-fed,213.52,7.14,4615.86,4.01,41977.26,184028.0
647,West Bengal,Kolkata,2014,Zaid,Millets,1542.96,25.4,38.2,Alluvial,Drip,204.13,28.32,1309.28,4.69,60837.83,71317.0
648,West Bengal,Kolkata,2014,Zaid,Cotton,1489.78,36.9,43.1,Laterite,Tube Well,148.97,36.81,3346.76,2.38,18186.72,71075.0
649,West Bengal,Howrah,2014,Rabi,Rice,1333.37,21.8,58.3,Laterite,Canal,381.9,18.91,1580.88,8.26,46899.76,154449.0
650,West Bengal,Howrah,2014,Rabi,Rice,1545.12,33.5,53.9,Alluvial,Canal,107.09,46.18,4657.08,4.11,28329.32,342047.0
651,West Bengal,Howrah,2014,Zaid,Rice,1792.74,26.4,57.9,Alluvial,Tube Well,165.34,28.7,964.37,2.56,19119.6,31760.000000000004
652,West Bengal,Howrah,2014,Zaid,Sugarcane,734.15,19.2,45.1,Black,Canal,353.67,19.26,4521.14,4.18,45222.38,269192.0
653,West Bengal,Howrah,2014,Kharif,Cotton,554.27,20.5,38.5,Sandy,Canal,61.87,17.91,2477.45,6.75,12503.85,178278.0
654,West Bengal,Howrah,2014,Rabi,Rice,779.92,33.8,55.7,Red,Rain-fed,258.03,57.91,1402.6,4.75,52116.32,93564.0
655,West Bengal,Howrah,2014,Zaid,Pulses,1870.32,36.8,71.6,Laterite,Drip,201.37,8.15,1844.54,3.61,17309.4,83696.0
656,West Bengal,Howrah,2014,Rabi,Wheat,1483.44,35.4,50.4,Black,Canal,329.71,49.83,1905.31,5.71,46920.43,138733.0
657,West Bengal,Howrah,2014,Kharif,Pulses,429.93,25.2,37.5,Red,Tube Well,373.02,22.9,2277.1,5.63,33208.76,181095.0
658,West Bengal,Howrah,2014,Zaid,Millets,2176.37,35.1,84.8,Sandy,Canal,343.71,21.16,1055.88,2.25,39562.88,32592.0
659,West Bengal,Howrah,2014,Zaid,Maize,1296.27,19.7,80.8,Black,Drip,448.52,59.3,2387.33,7.74,62617.71,236917.99999999997
660,West Bengal,Howrah,2014,Rabi,Sugarcane,706.78,36.9,73.5,Black,Rain-fed,92.19,59.63,243.19,7.98,29304.54,22967.0
661,West Bengal,Howrah,2014,Zaid,Millets,2112.71,31.4,71.6,Sandy,Canal,419.09,39.85,2510.6,7.01,29638.46,180183.0
662,West Bengal,Howrah,2014,Kharif,Pulses,1078.62,32.3,75.5,Red,Canal,202.66,40.32,2853.31,7.45,54847.72,217578.00000000003
663,West Bengal,Howrah,2014,Kharif,Rice,560.45,32.8,86.5,Red,Canal,347.85,11.39,1901.91,7.43,62565.64,194575.0
664,West Bengal,Howrah,2014,Rabi,Sugarcane,1924.81,37.6,52.6,Alluvial,Sprinkler,196.01,42.36,4003.17,4.99,43885.73,204181.0
665,West Bengal,Howrah,2014,Zaid,Millets,968.67,34.3,51.3,Alluvial,Sprinkler,137.56,42.4,822.38,3.27,51594.18,44348.0
666,West Bengal,Howrah,2014,Rabi,Pulses,956.0,37.8,41.8,Alluvial,Rain-fed,448.74,43.86,2443.59,7.25,38236.35,266474.0
667,West Bengal,Darjeeling,2014,Rabi,Maize,1890.19,22.2,75.3,Red,Drip,374.17,43.52,357.57,7.52,21488.07,34620.0
668,West Bengal,Darjeeling,2014,Kharif,Wheat,1386.3,24.7,72.3,Sandy,Tube Well,446.13,46.67,2016.21,5.05,27001.11,152359.0
669,West Bengal,Darjeeling,2014,Zaid,Rice,635.62,33.0,66.9,Laterite,Rain-fed,372.03,51.74,3576.98,4.54,20675.81,152255.0
670,West Bengal,Darjeeling,2014,Rabi,Maize,777.58,34.1,45.8,Laterite,Drip,310.5,24.92,4295.09,1.94,53631.46,138188.0
671,West Bengal,Darjeeling,2014,Rabi,Wheat,572.89,37.5,44.9,Black,Canal,70.99,58.92,3285.48,5.53,63395.53,259262.0
672,West Bengal,Darjeeling,2014,Rabi,Rice,833.54,27.8,72.8,Laterite,Rain-fed,431.82,40.9,1939.32,6.25,54152.24,176783.0
673,West Bengal,Darjeeling,2014,Rabi,Millets,1061.18,20.4,39.5,Alluvial,Sprinkler,245.69,41.78,2597.77,1.37,42368.04,48851.0
674,West Bengal,Darjeeling,2014,Rabi,Maize,1091.13,38.0,73.7,Alluvial,Tube Well,169.35,11.89,1693.62,6.41,57697.16,145202.0
675,West Bengal,Darjeeling,2014,Zaid,Millets,515.08,34.7,64.6,Black,Canal,377.53,40.84,3792.19,2.71,46904.87,94272.0
676,West Bengal,Darjeeling,2014,Zaid,Millets,1840.92,20.5,42.1,Red,Rain-fed,132.49,13.87,2856.23,7.42,13855.28,377224.0
677,West Bengal,Darjeeling,2014,Zaid,Maize,1161.49,36.9,35.0,Laterite,Rain-fed,170.24,57.04,2645.27,6.91,46935.35,227557.00000000003
678,West Bengal,Darjeeling,2014,Kharif,Pulses,1491.11,28.2,72.8,Sandy,Sprinkler,315.05,7.46,280.0,2.23,57372.51,6339.0
679,West Bengal,Darjeeling,2014,Rabi,Sugarcane,1465.21,23.5,75.1,Laterite,Drip,218.81,35.24,1377.3,5.94,20655.93,102760.99999999999
680,West Bengal,Darjeeling,2014,Rabi,Sugarcane,527.0,32.7,89.7,Black,Rain-fed,328.72,15.59,1923.5,6.0,55486.94,162145.0
681,West Bengal,Darjeeling,2014,Rabi,Barley,1082.1,37.3,48.6,Red,Drip,158.05,34.23,3451.5,4.17,29455.95,127948.0
682,West Bengal,Darjeeling,2014,Zaid,Sugarcane,892.56,20.0,88.9,Laterite,Canal,138.89,57.35,3935.39,2.1,39903.21,138470.0
683,West Bengal,Darjeeling,2014,Zaid,Pulses,1660.82,35.3,65.3,Sandy,Sprinkler,292.99,54.31,936.66,8.11,32646.86,86991.0
684,West Bengal,Darjeeling,2014,Zaid,Barley,1258.35,20.6,35.5,Red,Drip,255.43,13.55,719.2,3.97,50977.39,24351.0
685,West Bengal,Siliguri,2014,Kharif,Barley,1672.22,21.7,89.2,Red,Canal,369.39,32.62,1451.53,4.32,61908.88,105433.0
686,West Bengal,Siliguri,2014,Zaid,Cotton,1131.73,24.3,40.0,Laterite,Canal,81.79,45.15,4729.85,2.41,15042.81,175932.0
687,West Bengal,Siliguri,2014,Kharif,Barley,1618.66,36.6,42.5,Alluvial,Tube Well,249.12,42.68,3416.19,5.09,18608.65,141524.0
688,West Bengal,Siliguri,2014,Zaid,Pulses,839.61,32.8,87.3,Sandy,Drip,379.35,53.42,2687.75,5.65,44190.8,267976.0
689,West Bengal,Siliguri,2014,Kharif,Maize,535.22,34.8,63.3,Sandy,Canal,430.99,28.25,1957.56,3.92,18001.38,131530.0
690,West Bengal,Siliguri,2014,Kharif,Cotton,938.52,23.9,46.7,Laterite,Sprinkler,345.21,36.29,1165.57,3.43,61454.91,57689.0
691,West Bengal,Siliguri,2014,Rabi,Millets,503.49,18.1,60.3,Laterite,Drip,169.34,10.89,1813.64,6.47,33309.61,94914.0
692,West Bengal,Siliguri,2014,Rabi,Rice,1352.37,36.0,57.6,Laterite,Drip,415.24,5.38,3870.29,3.03,36947.03,137711.0
693,West Bengal,Siliguri,2014,Kharif,Cotton,595.65,26.8,81.2,Red,Canal,114.73,24.46,2226.4,3.82,58137.25,84918.0
694,West Bengal,Siliguri,2014,Zaid,Maize,1110.18,32.9,84.6,Laterite,Drip,114.13,15.94,2448.55,6.06,26087.38,181189.0
695,West Bengal,Siliguri,2014,Kharif,Pulses,1751.96,33.6,57.0,Black,Rain-fed,340.4,45.8,4145.63,2.16,62756.97,142620.0
696,West Bengal,Siliguri,2014,Rabi,Wheat,1781.29,22.7,72.3,Black,Sprinkler,186.86,58.7,3713.41,4.37,27341.73,208675.0
697,West Bengal,Siliguri,2014,Kharif,Maize,1712.65,21.7,50.5,Sandy,Sprinkler,96.01,19.49,3534.68,6.06,34745.42,272870.0
698,West Bengal,Siliguri,2014,Kharif,Maize,739.6,35.1,69.6,Sandy,Drip,109.49,11.63,2066.29,3.2,22185.4,62565.0
699,West Bengal,Siliguri,2014,Kharif,Rice,1955.83,25.6,63.9,Red,Canal,330.06,58.91,1186.7,4.31,15251.54,62761.0
700,West Bengal,Siliguri,2014,Rabi,Cotton,1054.44,36.9,74.1,Laterite,Rain-fed,148.79,54.23,990.58,1.2,47002.83,13333.000000000002
701,West Bengal,Siliguri,2014,Rabi,Rice,1175.63,23.0,62.0,Red,Sprinkler,183.71,11.13,3377.84,6.19,52834.57,194517.0
702,West Bengal,Siliguri,2014,Zaid,Pulses,828.85,23.5,67.1,Black,Drip,84.89,10.85,3184.84,5.59,14175.06,314820.0
703,West Bengal,Malda,2014,Kharif,Millets,2065.9,19.5,65.1,Laterite,Sprinkler,187.16,44.89,4949.26,2.67,50200.78,111506.0
704,West Bengal,Malda,2014,Rabi,Cotton,2004.86,33.2,81.5,Laterite,Sprinkler,274.14,24.1,1893.46,5.8,18223.73,135752.0
705,West Bengal,Malda,2014,Rabi,Wheat,700.48,23.5,88.2,Sandy,Sprinkler,165.86,57.57,397.89,8.3,22080.12,53320.00000000001
706,West Bengal,Malda,2014,Zaid,Rice,697.93,33.0,56.1,Alluvial,Sprinkler,361.75,27.05,1430.32,2.54,20480.16,36977.0
707,West Bengal,Malda,2014,Rabi,Millets,1306.87,32.4,49.2,Alluvial,Drip,390.99,21.3,1415.72,2.07,23868.26,39081.0
708,West Bengal,Malda,2014,Zaid,Cotton,2069.05,23.4,78.5,Red,Rain-fed,306.97,18.7,4134.71,5.1,12074.2,241966.0
709,West Bengal,Malda,2014,Rabi,Rice,2103.57,35.7,49.5,Black,Rain-fed,103.44,54.41,1544.99,8.39,45175.63,105049.0
710,West Bengal,Malda,2014,Rabi,Maize,860.78,18.3,71.2,Sandy,Sprinkler,397.19,56.65,2957.98,6.47,48470.12,334086.0
711,West Bengal,Malda,2014,Rabi,Sugarcane,1870.32,22.4,49.8,Black,Tube Well,282.67,49.43,3789.2,2.34,24281.33,135332.0
712,West Bengal,Malda,2014,Kharif,Rice,1292.73,27.2,79.9,Laterite,Sprinkler,120.44,36.33,4722.44,2.52,26948.35,132115.0
713,West Bengal,Malda,2014,Zaid,Sugarcane,525.02,19.4,48.5,Alluvial,Tube Well,413.65,58.37,591.15,5.05,50518.53,48004.0
714,West Bengal,Malda,2014,Kharif,Barley,437.29,34.5,77.0,Alluvial,Canal,307.79,7.41,1316.88,1.81,19559.69,34022.0
715,West Bengal,Malda,2014,Zaid,Pulses,1934.9,19.7,42.7,Red,Sprinkler,353.87,54.08,4095.78,3.44,37382.14,147067.0
716,West Bengal,Malda,2014,Rabi,Rice,438.17,18.9,65.0,Black,Rain-fed,91.03,53.76,2134.89,1.21,23888.58,26520.999999999996
717,West Bengal,Malda,2014,Rabi,Cotton,806.59,35.6,56.2,Red,Canal,403.69,50.25,650.8,2.44,17837.19,14319.0
718,West Bengal,Malda,2014,Kharif,Pulses,613.03,36.5,85.6,Red,Sprinkler,408.23,38.25,972.53,5.07,43779.41,72947.0
719,West Bengal,Malda,2014,Kharif,Cotton,1027.09,20.1,85.4,Black,Rain-fed,314.69,56.31,4072.53,6.39,16047.58,208755.00000000003
720,West Bengal,Malda,2014,Kharif,Maize,1103.08,32.4,78.2,Black,Tube Well,241.37,8.7,2931.43,8.2,26759.24,214042.99999999997
721,Uttarakhand,Dehradun,2015,Rabi,Pulses,974.77,26.5,73.1,Sandy,Tube Well,215.58,48.64,1733.98,7.06,46659.57,128039.00000000001
722,Uttarakhand,Dehradun,2015,Kharif,Millets,1358.45,34.4,56.2,Red,Canal,282.39,28.2,2931.59,6.26,51659.03,275844.0
723,Uttarakhand,Dehradun,2015,Kharif,Sugarcane,2189.03,18.3,65.7,Red,Tube Well,433.05,55.65,391.93,3.75,56983.83,24497.0
724,Uttarakhand,Dehradun,2015,Kharif,Maize,1903.45,29.0,86.2,Laterite,Canal,218.43,16.59,1200.48,6.65,18213.5,119410.99999999999
725,Uttarakhand,Dehradun,2015,Kharif,Barley,1069.03,32.0,71.5,Alluvial,Sprinkler,79.51,51.06,4365.34,1.42,31357.94,54487.0
726,Uttarakhand,Dehradun,2015,Zaid,Barley,669.49,21.6,75.9,Alluvial,Rain-fed,349.24,43.42,1567.59,4.2,29878.86,104117.0
727,Uttarakhand,Dehradun,2015,Zaid,Rice,680.6,35.6,36.8,Red,Sprinkler,350.45,32.68,153.25,7.28,48034.89,18698.0
728,Uttarakhand,Dehradun,2015,Kharif,Cotton,1676.84,26.5,43.6,Laterite,Drip,439.25,33.68,4891.84,2.11,23228.8,146471.0
729,Uttarakhand,Dehradun,2015,Kharif,Rice,1869.81,27.4,52.2,Alluvial,Canal,306.76,50.5,907.64,7.06,46272.3,63741.99999999999
730,Uttarakhand,Dehradun,2015,Zaid,Pulses,1485.74,34.9,36.5,Black,Canal,162.88,34.79,420.06,5.56,52095.64,25904.000000000004
731,Uttarakhand,Dehradun,2015,Rabi,Sugarcane,884.5,37.5,66.1,Red,Tube Well,275.5,48.46,323.84,3.5,62005.98,9164.0
732,Uttarakhand,Dehradun,2015,Kharif,Sugarcane,966.05,25.8,54.6,Alluvial,Sprinkler,101.81,42.11,1723.46,7.74,38689.66,173705.0
733,Uttarakhand,Dehradun,2015,Kharif,Barley,1258.52,35.4,37.1,Black,Drip,114.49,42.53,485.89,5.77,62499.37,28920.999999999996
734,Uttarakhand,Dehradun,2015,Zaid,Pulses,1205.46,20.6,51.0,Sandy,Canal,299.39,56.71,296.06,6.4,48192.29,19689.0
735,Uttarakhand,Dehradun,2015,Rabi,Maize,1420.42,37.9,40.4,Alluvial,Tube Well,55.98,47.15,1616.76,7.53,54261.3,206369.0
736,Uttarakhand,Dehradun,2015,Rabi,Pulses,705.49,23.9,38.7,Laterite,Drip,280.6,24.44,448.56,6.39,36419.28,51196.0
737,Uttarakhand,Dehradun,2015,Zaid,Rice,2149.03,27.8,55.0,Red,Rain-fed,164.65,27.5,3136.45,6.17,35363.87,253990.0
738,Uttarakhand,Dehradun,2015,Zaid,Rice,1627.96,28.1,49.5,Alluvial,Drip,400.21,42.54,3141.01,5.9,51275.26,193625.0
739,Uttarakhand,Haridwar,2015,Rabi,Rice,923.19,21.2,57.0,Alluvial,Canal,79.19,26.35,2365.17,1.88,36691.51,64140.0
740,Uttarakhand,Haridwar,2015,Zaid,Maize,1717.2,36.3,85.7,Laterite,Canal,357.29,15.97,1710.73,3.52,64811.23,77458.0
741,Uttarakhand,Haridwar,2015,Rabi,Cotton,1218.24,28.9,87.2,Laterite,Tube Well,108.21,16.74,2884.21,8.41,53032.89,209186.0
742,Uttarakhand,Haridwar,2015,Rabi,Sugarcane,497.34,35.4,87.4,Laterite,Tube Well,323.47,19.84,3214.87,1.81,15670.73,70122.0
743,Uttarakhand,Haridwar,2015,Rabi,Sugarcane,1605.36,23.2,80.7,Laterite,Tube Well,86.98,54.59,1775.89,6.7,20720.26,136746.0
744,Uttarakhand,Haridwar,2015,Zaid,Maize,2138.06,26.7,85.2,Sandy,Drip,278.13,50.27,2848.45,7.72,22523.68,334847.0
745,Uttarakhand,Haridwar,2015,Rabi,Pulses,1595.31,34.5,75.4,Alluvial,Tube Well,380.09,45.32,169.52,7.74,61492.43,17050.0
746,Uttarakhand,Haridwar,2015,Kharif,Cotton,1337.25,18.1,59.8,Laterite,Sprinkler,383.0,11.91,2301.71,8.28,17164.64,194131.0
747,Uttarakhand,Haridwar,2015,Rabi,Maize,1481.7,22.3,46.5,Sandy,Canal,126.46,42.38,4780.01,3.9,31281.11,205425.0
748,Uttarakhand,Haridwar,2015,Rabi,Millets,1568.04,27.1,57.6,Red,Drip,190.88,34.84,2663.53,6.79,18009.14,176480.0
749,Uttarakhand,Haridwar,2015,Kharif,Maize,1376.97,25.6,81.5,Alluvial,Canal,325.42,29.06,1487.92,5.73,61032.19,141272.0
750,Uttarakhand,Haridwar,2015,Rabi,Wheat,1509.27,26.2,62.3,Laterite,Drip,350.69,56.0,588.54,4.44,42805.38,21758.0
751,Uttarakhand,Haridwar,2015,Zaid,Sugarcane,1798.38,29.0,41.3,Laterite,Canal,392.54,57.28,1818.01,6.99,36589.2,217050.0
752,Uttarakhand,Haridwar,2015,Rabi,Pulses,1807.95,28.2,49.7,Alluvial,Canal,313.47,21.91,4523.1,7.84,47684.94,285163.0
753,Uttarakhand,Haridwar,2015,Rabi,Wheat,676.08,25.5,79.9,Black,Sprinkler,378.01,38.0,1741.94,8.2,64619.94,148814.0
754,Uttarakhand,Haridwar,2015,Rabi,Barley,1891.39,34.0,66.8,Black,Canal,101.55,40.0,4889.04,2.47,59921.08,159073.0
755,Uttarakhand,Haridwar,2015,Kharif,Maize,1307.66,30.6,78.1,Alluvial,Tube Well,387.21,39.5,1375.13,5.24,62281.12,72328.0
756,Uttarakhand,Haridwar,2015,Rabi,Wheat,1532.01,29.9,36.5,Red,Drip,333.03,55.63,485.99,3.99,51344.0,18044.0
757,Uttarakhand,Nainital,2015,Kharif,Sugarcane,1574.54,22.4,45.7,Black,Canal,386.18,44.95,4054.78,3.96,25805.43,136765.0
758,Uttarakhand,Nainital,2015,Kharif,Rice,599.68,36.5,41.7,Laterite,Canal,106.73,19.41,985.08,1.76,56765.05,29694.0
759,Uttarakhand,Nainital,2015,Kharif,Millets,1831.79,26.3,61.8,Black,Rain-fed,300.27,16.57,2157.54,7.69,45578.25,207539.0
760,Uttarakhand,Nainital,2015,Kharif,Wheat,2026.55,31.2,69.7,Black,Sprinkler,391.92,11.45,1779.77,3.73,64730.55,92939.0
761,Uttarakhand,Nainital,2015,Rabi,Cotton,2067.85,21.9,36.6,Black,Drip,59.22,33.15,846.5,7.53,18083.79,64822.0
762,Uttarakhand,Nainital,2015,Rabi,Rice,1709.94,36.8,49.7,Laterite,Sprinkler,242.63,57.43,1807.91,5.23,27599.01,146104.0
763,Uttarakhand,Nainital,2015,Kharif,Barley,2060.23,23.0,45.9,Black,Tube Well,388.41,44.46,4813.17,1.95,54037.12,130233.99999999999
764,Uttarakhand,Nainital,2015,Zaid,Barley,1989.14,26.5,76.1,Alluvial,Tube Well,376.36,39.26,3075.75,4.33,42058.53,156348.0
765,Uttarakhand,Nainital,2015,Kharif,Maize,2001.01,37.2,48.9,Black,Rain-fed,213.92,38.21,4398.54,8.14,40116.4,429043.0
766,Uttarakhand,Nainital,2015,Rabi,Barley,1823.61,25.2,39.0,Black,Tube Well,312.78,25.46,3919.62,2.09,28885.22,66429.0
767,Uttarakhand,Nainital,2015,Zaid,Pulses,2017.74,29.2,56.2,Alluvial,Sprinkler,290.72,34.0,604.31,3.23,44218.93,32858.0
768,Uttarakhand,Nainital,2015,Rabi,Barley,1627.84,26.7,79.7,Black,Sprinkler,129.26,7.73,2520.28,1.54,26544.02,35679.0
769,Uttarakhand,Nainital,2015,Rabi,Pulses,1464.11,22.7,36.2,Alluvial,Sprinkler,57.13,48.08,2921.22,1.23,36473.91,33454.0
770,Uttarakhand,Nainital,2015,Rabi,Wheat,1007.3,18.3,60.8,Laterite,Sprinkler,381.94,27.83,1574.89,3.52,30328.7,48771.0
771,Uttarakhand,Nainital,2015,Kharif,Wheat,1107.99,31.9,60.0,Alluvial,Drip,389.47,58.19,694.92,3.93,44752.78,22648.0
772,Uttarakhand,Nainital,2015,Kharif,Rice,2188.37,35.2,74.8,Alluvial,Rain-fed,140.54,9.84,3648.13,7.13,55255.82,347915.0
773,Uttarakhand,Nainital,2015,Rabi,Wheat,599.45,36.9,39.1,Alluvial,Drip,181.73,38.7,4081.18,3.17,21027.95,121322.0
774,Uttarakhand,Nainital,2015,Zaid,Pulses,1951.41,33.1,83.8,Laterite,Rain-fed,436.33,27.73,2289.22,2.09,39962.21,65924.0
775,Uttarakhand,Almora,2015,Kharif,Pulses,1790.76,27.7,40.0,Alluvial,Canal,356.48,44.13,1829.75,7.3,24845.94,193296.0
776,Uttarakhand,Almora,2015,Rabi,Millets,508.48,18.3,46.9,Red,Tube Well,377.4,15.34,612.22,2.72,43297.72,22108.0
777,Uttarakhand,Almora,2015,Kharif,Maize,1926.05,20.1,42.2,Red,Tube Well,416.68,26.21,2316.92,5.73,22760.1,159339.0
778,Uttarakhand,Almora,2015,Rabi,Maize,1635.28,37.0,66.7,Alluvial,Tube Well,90.83,30.35,625.15,2.0,12879.16,15763.999999999998
779,Uttarakhand,Almora,2015,Rabi,Millets,1033.52,20.4,65.3,Alluvial,Canal,191.77,16.66,2044.95,4.35,29688.19,110424.0
780,Uttarakhand,Almora,2015,Zaid,Barley,1717.6,26.5,51.2,Black,Canal,211.08,37.67,2694.86,4.8,34978.96,191593.0
781,Uttarakhand,Almora,2015,Rabi,Sugarcane,607.34,35.9,66.6,Alluvial,Drip,145.51,34.27,1449.75,7.64,49074.15,133418.0
782,Uttarakhand,Almora,2015,Zaid,Cotton,1291.31,21.4,46.2,Laterite,Rain-fed,304.76,43.82,1511.1,1.22,21809.18,31483.999999999996
783,Uttarakhand,Almora,2015,Rabi,Sugarcane,706.42,31.6,44.2,Alluvial,Drip,182.86,30.04,4814.99,6.06,34679.9,239508.0
784,Uttarakhand,Almora,2015,Kharif,Wheat,1469.21,37.4,67.1,Sandy,Sprinkler,245.32,18.61,635.99,7.18,42065.14,81758.0
785,Uttarakhand,Almora,2015,Rabi,Maize,1758.99,33.5,40.5,Red,Tube Well,371.56,23.46,2504.24,3.76,40922.9,137794.0
786,Uttarakhand,Almora,2015,Zaid,Wheat,1889.95,24.0,53.4,Alluvial,Drip,257.13,41.52,4339.13,7.36,37670.81,341695.0
787,Uttarakhand,Almora,2015,Kharif,Barley,1941.28,31.2,42.8,Laterite,Canal,249.13,18.44,3730.96,8.31,31049.26,478818.99999999994
788,Uttarakhand,Almora,2015,Rabi,Cotton,1978.86,31.6,84.5,Sandy,Tube Well,229.71,57.71,2681.84,3.14,47990.52,142146.0
789,Uttarakhand,Almora,2015,Rabi,Cotton,956.78,18.8,63.6,Alluvial,Canal,187.31,38.68,2223.95,4.52,63312.11,160066.0
790,Uttarakhand,Almora,2015,Rabi,Millets,2069.02,20.9,72.5,Alluvial,Tube Well,259.27,20.94,2834.89,2.39,37801.71,58580.99999999999
791,Uttarakhand,Almora,2015,Rabi,Wheat,791.19,34.5,41.8,Sandy,Sprinkler,245.35,5.28,1826.05,7.29,14644.81,124828.0
792,Uttarakhand,Almora,2015,Kharif,Maize,2116.63,32.3,42.8,Laterite,Tube Well,343.22,28.76,4599.47,3.32,13703.24,264623.0
793,Uttarakhand,Pauri,2015,Zaid,Barley,2140.43,20.0,49.4,Black,Rain-fed,170.81,22.09,2863.15,6.16,29091.43,243067.0
794,Uttarakhand,Pauri,2015,Kharif,Maize,1149.36,22.0,51.8,Black,Sprinkler,168.93,55.99,2359.66,2.54,53467.5,97926.0
795,Uttarakhand,Pauri,2015,Kharif,Millets,1649.44,28.1,72.7,Laterite,Canal,193.02,24.48,2386.11,8.22,36448.05,335898.0
796,Uttarakhand,Pauri,2015,Rabi,Maize,1507.38,24.0,48.3,Black,Tube Well,254.88,12.0,2762.02,5.33,27547.19,228969.99999999997
797,Uttarakhand,Pauri,2015,Rabi,Wheat,1233.05,33.3,63.5,Sandy,Tube Well,385.68,9.66,1423.86,8.4,17673.59,166769.0
798,Uttarakhand,Pauri,2015,Kharif,Pulses,1955.77,20.4,67.2,Black,Drip,254.33,44.43,3537.71,4.97,41788.61,310730.0
799,Uttarakhand,Pauri,2015,Zaid,Cotton,1530.83,32.4,86.5,Alluvial,Drip,372.25,39.3,1083.43,1.69,20110.17,30758.999999999996
800,Uttarakhand,Pauri,2015,Zaid,Sugarcane,586.49,18.5,62.8,Red,Sprinkler,206.29,55.93,1569.63,4.73,21754.33,76837.0
801,Uttarakhand,Pauri,2015,Zaid,Millets,1946.76,30.3,58.8,Black,Tube Well,304.48,15.16,4110.9,6.0,21051.1,380258.0
802,Uttarakhand,Pauri,2015,Rabi,Millets,922.07,31.4,87.8,Black,Canal,247.19,41.72,2016.83,6.29,17688.8,154374.0
803,Uttarakhand,Pauri,2015,Kharif,Cotton,1222.75,29.3,35.6,Laterite,Tube Well,171.1,40.48,4476.78,5.73,14259.49,437893.99999999994
804,Uttarakhand,Pauri,2015,Kharif,Cotton,416.42,21.2,62.5,Red,Sprinkler,394.41,16.59,4522.5,5.03,39191.39,221680.00000000003
805,Uttarakhand,Pauri,2015,Rabi,Pulses,1227.07,35.2,42.7,Sandy,Drip,363.98,41.21,4625.04,1.7,56484.25,100935.0
806,Uttarakhand,Pauri,2015,Kharif,Cotton,632.96,24.5,87.5,Alluvial,Tube Well,189.24,38.96,2078.49,1.53,57157.65,30502.999999999996
807,Uttarakhand,Pauri,2015,Rabi,Millets,982.59,22.6,77.4,Alluvial,Canal,416.91,48.76,616.62,7.63,50592.65,55709.0
808,Uttarakhand,Pauri,2015,Rabi,Cotton,606.05,34.9,39.0,Black,Sprinkler,355.34,38.36,4219.33,7.94,29021.44,502095.0
809,Uttarakhand,Pauri,2015,Kharif,Sugarcane,752.29,27.8,72.3,Alluvial,Drip,140.2,45.82,2226.91,5.06,53870.22,99838.0
810,Uttarakhand,Pauri,2015,Zaid,Wheat,1858.02,35.9,54.8,Sandy,Tube Well,213.21,35.06,452.63,2.55,50688.79,19748.0
811,Uttar Pradesh,Lucknow,2015,Rabi,Sugarcane,1898.33,29.4,61.1,Alluvial,Sprinkler,190.84,39.02,2837.62,2.21,15559.2,76979.0
812,Uttar Pradesh,Lucknow,2015,Rabi,Rice,628.95,28.3,40.6,Laterite,Rain-fed,249.48,7.83,2748.64,1.36,55530.37,40742.0
813,Uttar Pradesh,Lucknow,2015,Zaid,Rice,1970.4,21.2,50.8,Alluvial,Sprinkler,263.77,18.28,2637.02,5.66,28548.68,211740.0
814,Uttar Pradesh,Lucknow,2015,Zaid,Millets,2086.47,37.7,70.9,Red,Canal,62.91,28.18,1082.51,7.68,15147.77,83489.0
815,Uttar Pradesh,Lucknow,2015,Zaid,Sugarcane,1288.4,34.1,66.0,Sandy,Canal,294.0,50.93,4056.69,3.72,15750.44,183541.0
816,Uttar Pradesh,Lucknow,2015,Kharif,Millets,2103.88,23.4,37.3,Alluvial,Canal,64.24,32.92,3286.65,4.35,28081.17,235875.0
817,Uttar Pradesh,Lucknow,2015,Zaid,Wheat,1792.5,34.2,64.4,Black,Tube Well,394.12,42.51,3715.83,5.23,14763.44,304271.0
818,Uttar Pradesh,Lucknow,2015,Kharif,Barley,1389.18,20.3,41.5,Sandy,Canal,296.26,54.7,1823.77,3.7,60657.64,70055.0
819,Uttar Pradesh,Lucknow,2015,Kharif,Sugarcane,1143.52,33.1,79.4,Black,Tube Well,264.49,7.52,4028.66,7.57,25245.89,261323.0
820,Uttar Pradesh,Lucknow,2015,Kharif,Maize,908.67,24.3,68.1,Red,Sprinkler,406.17,59.89,735.61,4.1,46851.89,43931.0
821,Uttar Pradesh,Lucknow,2015,Zaid,Sugarcane,1290.87,32.7,54.6,Black,Sprinkler,416.04,17.12,3594.36,8.07,53351.05,316949.0
822,Uttar Pradesh,Lucknow,2015,Zaid,Cotton,973.95,28.8,40.7,Black,Rain-fed,188.65,27.6,4757.76,4.75,16157.64,386912.0
823,Uttar Pradesh,Lucknow,2015,Kharif,Sugarcane,620.95,32.5,78.3,Red,Rain-fed,64.35,17.93,2257.36,6.78,62511.38,125698.0
824,Uttar Pradesh,Lucknow,2015,Rabi,Barley,940.74,37.3,38.3,Black,Tube Well,391.83,26.12,192.36,3.99,35533.05,7863.0
825,Uttar Pradesh,Lucknow,2015,Zaid,Wheat,1588.72,18.6,77.0,Black,Canal,424.89,55.05,3796.94,3.65,55892.35,147255.0
826,Uttar Pradesh,Lucknow,2015,Zaid,Pulses,1706.42,30.4,82.6,Red,Sprinkler,363.05,56.07,3786.76,7.09,41324.59,470506.00000000006
827,Uttar Pradesh,Lucknow,2015,Rabi,Millets,1162.9,32.4,77.3,Red,Canal,154.04,57.82,2389.93,8.45,24626.03,344871.0
828,Uttar Pradesh,Lucknow,2015,Kharif,Sugarcane,1788.41,23.9,66.4,Alluvial,Rain-fed,65.44,20.08,1416.86,3.03,46610.65,67469.0
829,Uttar Pradesh,Kanpur,2015,Rabi,Pulses,1904.8,35.0,59.4,Alluvial,Sprinkler,56.91,5.49,281.32,3.82,45800.38,14579.0
830,Uttar Pradesh,Kanpur,2015,Zaid,Rice,897.6,30.2,52.3,Black,Drip,75.62,14.89,3853.29,3.22,58059.93,115046.0
831,Uttar Pradesh,Kanpur,2015,Rabi,Wheat,818.81,31.1,45.1,Red,Canal,252.69,29.22,1654.94,5.24,24081.48,151906.0
832,Uttar Pradesh,Kanpur,2015,Zaid,Pulses,1372.79,18.9,47.9,Laterite,Canal,93.67,32.88,654.59,1.77,22814.22,15877.000000000002
833,Uttar Pradesh,Kanpur,2015,Zaid,Barley,1976.54,20.9,53.0,Alluvial,Drip,365.27,23.42,2099.87,5.96,36946.31,221958.0
834,Uttar Pradesh,Kanpur,2015,Zaid,Pulses,480.3,36.6,85.2,Red,Drip,60.21,38.5,4059.37,4.93,53386.31,261803.00000000003
835,Uttar Pradesh,Kanpur,2015,Zaid,Barley,1895.31,18.7,74.9,Sandy,Sprinkler,202.44,59.88,484.38,1.76,61582.45,8735.0
836,Uttar Pradesh,Kanpur,2015,Zaid,Barley,1370.14,20.4,83.3,Red,Drip,369.28,38.39,3330.07,5.0,28797.79,165675.0
837,Uttar Pradesh,Kanpur,2015,Rabi,Pulses,837.53,33.4,54.9,Alluvial,Rain-fed,232.33,46.15,665.54,2.96,50838.31,33100.0
838,Uttar Pradesh,Kanpur,2015,Rabi,Rice,2046.34,31.1,68.3,Sandy,Drip,229.59,28.04,2889.78,7.24,18639.91,279856.0
839,Uttar Pradesh,Kanpur,2015,Kharif,Cotton,1832.54,24.8,41.5,Laterite,Canal,213.4,32.78,827.15,4.81,58716.39,39710.0
840,Uttar Pradesh,Kanpur,2015,Kharif,Maize,617.42,23.3,65.5,Black,Sprinkler,422.05,45.86,719.35,1.45,34865.25,15541.999999999998
841,Uttar Pradesh,Kanpur,2015,Zaid,Barley,2027.67,25.1,57.1,Alluvial,Canal,272.78,44.16,683.25,7.75,59612.76,73681.0
842,Uttar Pradesh,Kanpur,2015,Kharif,Rice,1729.75,25.1,59.7,Sandy,Sprinkler,213.55,29.74,4190.54,3.31,37286.62,129635.99999999999
843,Uttar Pradesh,Kanpur,2015,Kharif,Rice,674.06,18.2,67.6,Black,Rain-fed,319.56,29.94,1670.14,2.49,50294.26,44884.0
844,Uttar Pradesh,Kanpur,2015,Kharif,Millets,1014.01,29.3,84.4,Alluvial,Drip,281.93,51.42,2190.78,3.56,28884.65,76308.0
845,Uttar Pradesh,Kanpur,2015,Rabi,Barley,1334.44,29.5,68.9,Red,Sprinkler,89.79,20.66,680.9,3.2,35262.59,36722.0
846,Uttar Pradesh,Kanpur,2015,Zaid,Rice,2064.13,31.3,42.8,Sandy,Drip,132.74,51.13,3798.84,1.4,59834.69,93596.0
847,Uttar Pradesh,Varanasi,2015,Kharif,Wheat,1279.06,34.4,55.3,Alluvial,Tube Well,162.74,57.13,2189.86,4.45,18687.47,122185.99999999999
848,Uttar Pradesh,Varanasi,2015,Kharif,Barley,1287.86,19.7,42.5,Red,Drip,161.38,41.78,4845.35,7.07,51446.71,350254.0
849,Uttar Pradesh,Varanasi,2015,Zaid,Pulses,896.99,30.6,63.2,Red,Drip,360.82,43.87,1642.57,7.95,34969.01,226219.99999999997
850,Uttar Pradesh,Varanasi,2015,Kharif,Wheat,2108.53,30.5,48.5,Laterite,Rain-fed,284.54,52.97,1179.03,2.63,36916.12,39831.0
851,Uttar Pradesh,Varanasi,2015,Kharif,Maize,757.43,35.5,87.3,Alluvial,Tube Well,392.86,46.22,115.67,1.69,41560.07,1972.0
852,Uttar Pradesh,Varanasi,2015,Zaid,Cotton,1504.08,30.6,47.9,Laterite,Tube Well,189.48,34.18,4776.24,7.61,56556.67,608830.0
853,Uttar Pradesh,Varanasi,2015,Kharif,Barley,1476.12,28.9,51.2,Laterite,Canal,137.57,57.96,4494.41,6.78,34238.48,380040.0
854,Uttar Pradesh,Varanasi,2015,Rabi,Maize,1236.52,24.4,41.2,Black,Canal,328.79,43.77,3891.04,4.73,54650.23,237267.99999999997
855,Uttar Pradesh,Varanasi,2015,Rabi,Cotton,882.26,22.3,81.8,Laterite,Rain-fed,213.6,35.92,1683.64,6.13,33795.14,166063.0
856,Uttar Pradesh,Varanasi,2015,Zaid,Wheat,882.97,32.6,53.7,Alluvial,Sprinkler,377.41,21.97,2108.08,5.38,20826.36,114118.0
857,Uttar Pradesh,Varanasi,2015,Kharif,Pulses,632.59,28.8,87.3,Alluvial,Sprinkler,58.45,25.86,3924.12,3.63,30693.13,223071.99999999997
858,Uttar Pradesh,Varanasi,2015,Kharif,Sugarcane,1051.78,22.0,43.6,Sandy,Drip,264.28,52.28,1223.74,7.05,60264.65,97619.0
859,Uttar Pradesh,Varanasi,2015,Zaid,Wheat,464.93,18.4,86.7,Black,Canal,91.01,26.89,2476.01,2.35,27977.72,59932.00000000001
860,Uttar Pradesh,Varanasi,2015,Zaid,Cotton,1749.85,34.3,55.8,Laterite,Canal,210.3,50.01,4395.45,7.49,16055.94,429470.0
861,Uttar Pradesh,Varanasi,2015,Rabi,Wheat,1736.77,28.8,85.5,Sandy,Canal,88.22,37.35,2016.51,7.27,57543.06,232328.00000000003
862,Uttar Pradesh,Varanasi,2015,Rabi,Cotton,893.29,22.1,49.5,Red,Sprinkler,312.42,30.93,1527.07,1.88,63244.98,39073.0
863,Uttar Pradesh,Varanasi,2015,Kharif,Sugarcane,1088.34,37.9,75.0,Laterite,Rain-fed,430.58,46.95,3601.44,4.5,42627.61,133686.0
864,Uttar Pradesh,Varanasi,2015,Kharif,Millets,1413.68,30.9,53.3,Alluvial,Drip,373.87,58.67,567.41,2.44,57835.87,17857.0
865,Uttar Pradesh,Agra,2015,Kharif,Barley,1509.68,27.5,74.8,Alluvial,Rain-fed,276.66,17.78,3860.3,3.04,28507.11,133532.0
866,Uttar Pradesh,Agra,2015,Rabi,Barley,1968.57,23.4,46.5,Sandy,Sprinkler,274.96,31.88,2549.1,8.2,24494.18,263660.0
867,Uttar Pradesh,Agra,2015,Kharif,Rice,2058.21,26.5,39.3,Alluvial,Tube Well,100.91,5.75,2647.7,2.09,22460.48,92399.0
868,Uttar Pradesh,Agra,2015,Zaid,Millets,707.3,34.1,61.8,Red,Sprinkler,349.6,35.09,2057.09,3.37,35080.41,75856.0
869,Uttar Pradesh,Agra,2015,Rabi,Pulses,1507.18,25.4,70.8,Laterite,Tube Well,106.61,33.78,1101.86,5.68,49867.16,82574.0
870,Uttar Pradesh,Agra,2015,Kharif,Sugarcane,2085.16,36.5,74.6,Laterite,Canal,390.96,12.44,2669.45,7.25,12520.52,235396.99999999997
871,Uttar Pradesh,Agra,2015,Zaid,Wheat,961.31,21.8,73.2,Black,Rain-fed,265.09,23.21,399.43,4.62,20292.01,21230.0
872,Uttar Pradesh,Agra,2015,Zaid,Wheat,2070.18,23.5,80.1,Black,Canal,397.24,37.15,1598.18,5.76,33373.22,97095.0
873,Uttar Pradesh,Agra,2015,Zaid,Maize,585.36,22.3,44.8,Sandy,Rain-fed,275.46,11.97,2659.36,5.91,32296.17,216209.0
874,Uttar Pradesh,Agra,2015,Kharif,Millets,776.75,18.1,47.8,Alluvial,Drip,136.58,56.13,3113.13,2.25,37199.59,56054.0
875,Uttar Pradesh,Agra,2015,Zaid,Millets,1165.73,27.4,51.6,Red,Sprinkler,354.0,18.24,2026.91,6.85,49430.96,160363.0
876,Uttar Pradesh,Agra,2015,Rabi,Rice,1989.91,34.8,87.5,Alluvial,Sprinkler,428.2,50.85,3585.6,7.33,41705.75,339068.0
877,Uttar Pradesh,Agra,2015,Kharif,Barley,1573.77,21.6,82.6,Laterite,Rain-fed,392.15,47.39,1795.36,4.3,44699.63,129410.99999999999
878,Uttar Pradesh,Agra,2015,Zaid,Maize,2079.75,37.9,45.8,Alluvial,Sprinkler,194.4,15.72,2972.32,3.6,60285.16,183597.0
879,Uttar Pradesh,Agra,2015,Zaid,Cotton,460.35,23.5,61.3,Laterite,Sprinkler,67.57,43.25,1339.89,5.76,63470.46,125283.99999999999
880,Uttar Pradesh,Agra,2015,Zaid,Millets,1282.54,27.5,83.1,Black,Drip,350.23,49.41,287.15,1.41,59396.05,3859.0000000000005
881,Uttar Pradesh,Agra,2015,Zaid,Rice,1155.23,34.9,38.1,Alluvial,Rain-fed,304.99,8.43,577.63,5.17,64120.38,29689.999999999996
882,Uttar Pradesh,Agra,2015,Kharif,Pulses,2015.93,21.4,89.2,Alluvial,Drip,338.85,25.14,169.44,6.05,34068.07,15046.0
883,Uttar Pradesh,Meerut,2015,Kharif,Maize,1712.12,19.7,59.4,Red,Rain-fed,160.21,15.93,2576.78,2.46,51581.91,103822.0
884,Uttar Pradesh,Meerut,2015,Rabi,Pulses,611.89,27.3,81.0,Sandy,Canal,84.44,56.17,531.99,7.9,21672.55,37254.0
885,Uttar Pradesh,Meerut,2015,Kharif,Maize,1819.73,22.4,55.6,Black,Rain-fed,82.51,44.84,1308.99,7.31,46042.82,162810.0
886,Uttar Pradesh,Meerut,2015,Rabi,Wheat,1082.76,23.7,50.3,Laterite,Rain-fed,276.02,27.77,4192.85,3.19,22558.91,237982.00000000003
887,Uttar Pradesh,Meerut,2015,Rabi,Rice,1281.79,29.6,54.2,Black,Sprinkler,306.73,29.73,3192.03,7.27,13946.75,379355.0
888,Uttar Pradesh,Meerut,2015,Rabi,Sugarcane,2188.76,26.7,70.5,Alluvial,Sprinkler,322.81,20.88,1776.69,8.27,41235.39,226736.0
889,Uttar Pradesh,Meerut,2015,Rabi,Sugarcane,864.78,27.4,36.7,Sandy,Canal,96.12,41.21,1013.49,2.22,43101.5,26376.0
890,Uttar Pradesh,Meerut,2015,Rabi,Pulses,1662.32,30.6,82.8,Black,Tube Well,53.16,28.18,1740.09,5.93,17311.01,176775.0
891,Uttar Pradesh,Meerut,2015,Zaid,Maize,1753.68,26.8,68.9,Red,Tube Well,287.43,43.2,3681.68,4.66,24910.2,261359.0
892,Uttar Pradesh,Meerut,2015,Rabi,Barley,940.31,37.4,83.3,Sandy,Canal,355.27,54.55,2584.11,4.27,53025.84,193537.0
893,Uttar Pradesh,Meerut,2015,Rabi,Maize,1321.97,36.4,83.8,Alluvial,Canal,436.09,56.86,1072.46,8.3,51848.05,82773.0
894,Uttar Pradesh,Meerut,2015,Kharif,Cotton,1827.15,20.8,54.0,Black,Drip,208.4,30.33,3327.18,2.66,21119.63,98019.0
895,Uttar Pradesh,Meerut,2015,Zaid,Barley,562.3,22.9,72.7,Black,Tube Well,388.27,25.58,2438.99,3.72,36952.44,134897.0
896,Uttar Pradesh,Meerut,2015,Zaid,Barley,1896.42,32.1,77.0,Laterite,Sprinkler,88.33,12.07,3838.92,2.17,52982.8,141453.0
897,Uttar Pradesh,Meerut,2015,Zaid,Barley,1361.41,24.9,71.8,Alluvial,Sprinkler,438.09,6.48,4439.38,2.5,24463.35,128995.0
898,Uttar Pradesh,Meerut,2015,Rabi,Barley,2046.25,30.9,42.6,Red,Tube Well,125.19,16.62,2233.46,3.68,46664.38,100743.0
899,Uttar Pradesh,Meerut,2015,Kharif,Millets,462.69,37.2,58.2,Laterite,Canal,115.42,42.53,4187.74,4.59,16379.94,285647.0
900,Uttar Pradesh,Meerut,2015,Rabi,Maize,974.25,29.5,56.1,Alluvial,Sprinkler,231.88,31.74,4803.61,4.13,52882.06,218814.0
901,Punjab,Ludhiana,2015,Zaid,Millets,1303.71,33.6,74.2,Alluvial,Drip,387.67,58.45,647.19,2.51,34475.45,25335.0
902,Punjab,Ludhiana,2015,Kharif,Wheat,1006.81,36.7,67.5,Laterite,Tube Well,129.05,49.71,3665.38,4.52,14572.81,179213.0
903,Punjab,Ludhiana,2015,Rabi,Pulses,490.13,30.0,55.3,Alluvial,Tube Well,220.28,42.12,3857.49,1.37,26163.48,57775.0
904,Punjab,Ludhiana,2015,Kharif,Pulses,935.83,18.7,41.1,Laterite,Tube Well,342.76,34.22,2041.45,2.48,40354.22,46884.0
905,Punjab,Ludhiana,2015,Rabi,Cotton,1021.7,27.2,68.9,Red,Canal,417.51,54.7,4668.1,7.19,42160.62,282150.0
906,Punjab,Ludhiana,2015,Rabi,Maize,1496.84,32.5,79.7,Alluvial,Drip,90.45,33.19,3654.46,3.67,45747.28,147797.0
907,Punjab,Ludhiana,2015,Zaid,Cotton,1698.87,32.9,39.4,Black,Canal,414.94,58.08,3988.86,5.37,64730.68,303220.0
908,Punjab,Ludhiana,2015,Kharif,Pulses,1432.0,22.3,86.5,Red,Rain-fed,159.91,42.89,1010.0,4.86,14424.34,58838.0
909,Punjab,Ludhiana,2015,Kharif,Wheat,1132.93,18.4,57.8,Red,Drip,101.91,19.69,3035.49,8.32,28862.45,257938.0
910,Punjab,Ludhiana,2015,Rabi,Rice,1500.5,32.6,68.5,Red,Rain-fed,234.26,28.14,3016.63,5.15,37206.95,210921.0
911,Punjab,Ludhiana,2015,Zaid,Pulses,1880.73,21.0,82.0,Alluvial,Tube Well,249.59,34.27,933.07,4.05,33355.73,55199.0
912,Punjab,Ludhiana,2015,Zaid,Pulses,549.57,33.0,64.1,Red,Sprinkler,171.61,46.3,2312.35,4.61,20262.73,147633.0
913,Punjab,Ludhiana,2015,Kharif,Barley,1147.71,33.3,76.3,Alluvial,Tube Well,163.56,45.92,4949.43,3.94,40492.41,229803.00000000003
914,Punjab,Ludhiana,2015,Kharif,Sugarcane,780.35,20.2,50.9,Laterite,Sprinkler,395.96,47.18,4923.48,8.35,41153.73,473610.00000000006
915,Punjab,Ludhiana,2015,Rabi,Cotton,974.93,25.3,40.8,Laterite,Tube Well,403.9,57.81,3832.59,3.52,40388.23,160833.0
916,Punjab,Ludhiana,2015,Kharif,Cotton,1887.05,27.0,85.8,Laterite,Sprinkler,121.05,20.86,2710.06,3.64,36593.14,95911.0
917,Punjab,Ludhiana,2015,Kharif,Barley,2153.65,26.2,70.0,Red,Sprinkler,297.55,12.62,3137.61,8.49,43777.11,408138.0
918,Punjab,Ludhiana,2015,Kharif,Sugarcane,699.63,30.5,72.6,Black,Tube Well,430.74,6.25,3046.58,6.97,32634.99,278458.0
919,Punjab,Amritsar,2015,Rabi,Pulses,1701.51,22.8,61.0,Black,Sprinkler,335.12,15.99,749.99,1.67,13637.16,17254.0
920,Punjab,Amritsar,2015,Rabi,Millets,2181.48,33.9,88.5,Alluvial,Canal,250.09,11.11,3059.63,3.62,60768.26,106247.0
921,Punjab,Amritsar,2015,Zaid,Wheat,1627.64,26.1,63.6,Sandy,Sprinkler,238.08,26.19,3936.91,8.19,58817.92,431203.0
922,Punjab,Amritsar,2015,Zaid,Wheat,1189.34,34.6,38.3,Laterite,Tube Well,374.66,50.56,3653.24,1.49,33169.76,94027.0
923,Punjab,Amritsar,2015,Kharif,Rice,586.52,34.9,76.7,Laterite,Drip,281.92,48.54,3637.77,3.88,46796.46,132952.0
924,Punjab,Amritsar,2015,Rabi,Cotton,574.83,30.8,39.1,Red,Sprinkler,409.68,32.04,1299.17,3.1,27650.48,50128.0
925,Punjab,Amritsar,2015,Kharif,Cotton,1469.97,33.2,43.1,Sandy,Rain-fed,165.37,17.16,1917.17,3.85,27434.57,128784.99999999999
926,Punjab,Amritsar,2015,Kharif,Millets,1683.54,31.5,43.5,Sandy,Rain-fed,372.08,12.07,3076.5,7.47,25637.21,236231.0
927,Punjab,Amritsar,2015,Kharif,Maize,1451.62,23.2,74.7,Sandy,Sprinkler,348.18,59.79,2088.64,5.71,21031.74,136460.0
928,Punjab,Amritsar,2015,Kharif,Pulses,1342.01,25.6,85.9,Red,Drip,309.35,52.89,2462.06,4.73,32133.24,171043.0
929,Punjab,Amritsar,2015,Kharif,Cotton,771.57,21.0,68.5,Sandy,Drip,341.5,11.58,1065.02,4.84,42178.62,74157.0
930,Punjab,Amritsar,2015,Kharif,Sugarcane,1054.41,18.7,69.5,Alluvial,Tube Well,430.81,32.91,1430.22,8.22,56870.1,157269.0
931,Punjab,Amritsar,2015,Rabi,Sugarcane,840.45,33.9,45.0,Sandy,Rain-fed,424.53,52.16,1218.87,6.44,21403.83,139673.0
932,Punjab,Amritsar,2015,Rabi,Rice,1737.6,32.7,85.5,Laterite,Canal,412.46,12.29,1583.53,2.72,24928.85,67265.0
933,Punjab,Amritsar,2015,Zaid,Wheat,973.95,30.7,45.8,Alluvial,Sprinkler,96.56,9.59,1067.24,5.16,23394.68,70887.0
934,Punjab,Amritsar,2015,Rabi,Barley,1950.05,20.2,83.8,Sandy,Rain-fed,360.96,15.71,4048.25,5.69,36181.49,184390.0
935,Punjab,Amritsar,2015,Zaid,Millets,1536.03,24.6,61.6,Red,Tube Well,163.5,40.49,1394.58,5.08,30080.54,104697.0
936,Punjab,Amritsar,2015,Rabi,Rice,2159.01,36.9,61.8,Alluvial,Tube Well,177.68,58.59,2405.48,2.39,15474.65,70830.0
937,Punjab,Patiala,2015,Kharif,Pulses,1548.19,28.8,45.0,Red,Sprinkler,361.52,46.96,1144.76,4.86,28960.84,74017.0
938,Punjab,Patiala,2015,Rabi,Sugarcane,1427.82,21.1,43.6,Sandy,Tube Well,356.56,48.22,4276.55,5.65,20328.03,424464.00000000006
939,Punjab,Patiala,2015,Rabi,Cotton,811.7,23.3,86.4,Laterite,Sprinkler,383.78,25.39,1600.54,6.5,55949.26,116034.99999999999
940,Punjab,Patiala,2015,Zaid,Barley,1772.85,18.1,86.7,Black,Drip,72.12,27.48,3264.38,2.22,36215.16,77847.0
941,Punjab,Patiala,2015,Rabi,Cotton,930.63,25.5,52.7,Alluvial,Canal,366.37,22.91,2843.86,2.66,23393.93,98563.0
942,Punjab,Patiala,2015,Zaid,Sugarcane,688.75,32.5,86.8,Laterite,Drip,287.18,57.36,4738.87,6.9,32673.34,575401.0
943,Punjab,Patiala,2015,Zaid,Cotton,2176.47,29.7,38.3,Alluvial,Rain-fed,72.45,23.85,2735.69,4.4,27064.47,153092.0
944,Punjab,Patiala,2015,Zaid,Barley,1883.76,35.5,67.4,Sandy,Rain-fed,279.64,35.9,2247.48,3.59,40969.01,117855.0
945,Punjab,Patiala,2015,Kharif,Wheat,652.84,33.4,82.9,Black,Rain-fed,329.7,45.65,4790.28,3.84,52953.26,284616.0
946,Punjab,Patiala,2015,Rabi,Millets,809.83,25.2,45.9,Laterite,Tube Well,438.58,19.25,3057.72,8.01,19434.31,353238.0
947,Punjab,Patiala,2015,Zaid,Wheat,1897.01,19.2,89.4,Laterite,Rain-fed,199.39,36.11,4978.71,8.21,58273.29,460692.0
948,Punjab,Patiala,2015,Rabi,Pulses,1541.87,32.7,66.1,Sandy,Drip,439.69,47.93,2705.64,7.03,56853.87,168852.0
949,Punjab,Patiala,2015,Rabi,Rice,1780.81,26.6,50.2,Laterite,Sprinkler,230.52,53.43,3720.79,5.95,15870.37,320533.0
950,Punjab,Patiala,2015,Zaid,Barley,2000.91,26.0,51.2,Red,Sprinkler,299.48,26.45,141.84,3.55,19976.23,8336.0
951,Punjab,Patiala,2015,Rabi,Millets,1576.5,22.0,80.2,Black,Canal,420.14,54.13,3603.03,5.41,22008.91,184843.0
952,Punjab,Patiala,2015,Kharif,Wheat,1360.16,36.9,37.2,Red,Drip,100.93,24.17,439.41,7.56,61208.67,48439.0
953,Punjab,Patiala,2015,Kharif,Barley,2183.81,22.7,85.6,Laterite,Drip,358.94,6.5,4400.42,8.09,18524.84,622282.0
954,Punjab,Patiala,2015,Zaid,Barley,488.59,26.8,45.9,Alluvial,Drip,358.39,37.46,710.78,8.28,38855.28,81117.0
955,Punjab,Jalandhar,2015,Rabi,Sugarcane,616.64,27.8,68.3,Sandy,Canal,349.87,22.43,1035.81,8.39,54388.93,100797.0
956,Punjab,Jalandhar,2015,Zaid,Millets,429.06,25.6,58.1,Red,Drip,434.63,10.5,1865.92,3.46,15461.2,112719.0
957,Punjab,Jalandhar,2015,Kharif,Rice,1570.78,34.2,83.2,Sandy,Canal,56.34,58.03,3675.18,7.75,14404.58,469227.00000000006
958,Punjab,Jalandhar,2015,Kharif,Maize,1333.52,20.8,60.8,Laterite,Drip,65.6,37.79,1128.15,6.6,27533.48,105548.0
959,Punjab,Jalandhar,2015,Rabi,Maize,2085.32,37.3,75.8,Laterite,Rain-fed,374.13,14.99,4407.48,2.0,20605.81,114379.0
960,Punjab,Jalandhar,2015,Zaid,Cotton,1519.44,18.6,36.4,Sandy,Drip,61.4,30.88,3701.26,2.25,33605.68,111549.0
961,Punjab,Jalandhar,2015,Rabi,Maize,580.21,25.0,47.2,Black,Sprinkler,217.95,8.65,4846.78,4.59,33999.07,377781.0
962,Punjab,Jalandhar,2015,Zaid,Wheat,960.58,27.4,84.7,Sandy,Drip,101.28,41.1,1891.36,5.68,49964.71,137272.0
963,Punjab,Jalandhar,2015,Kharif,Maize,794.76,20.6,86.8,Red,Drip,140.22,9.52,564.47,4.15,59006.65,21205.0
964,Punjab,Jalandhar,2015,Zaid,Cotton,991.53,37.5,71.8,Black,Sprinkler,257.97,36.74,4429.56,6.75,18980.48,365379.0
965,Punjab,Jalandhar,2015,Rabi,Wheat,1746.28,34.0,69.8,Red,Canal,367.68,58.87,170.18,5.83,56275.09,10297.0
966,Punjab,Jalandhar,2015,Kharif,Millets,1270.92,24.9,69.6,Red,Sprinkler,376.8,36.75,2315.31,2.77,44929.57,86317.0
967,Punjab,Jalandhar,2015,Zaid,Pulses,1007.06,35.9,49.0,Red,Canal,372.8,31.8,2789.61,6.04,47404.67,192482.0
968,Punjab,Jalandhar,2015,Rabi,Pulses,1167.73,18.5,64.9,Red,Tube Well,87.83,58.63,4167.38,2.08,49772.85,80293.0
969,Punjab,Jalandhar,2015,Zaid,Barley,1395.94,36.8,88.1,Black,Canal,438.67,15.04,4118.13,7.67,39077.94,297449.0
970,Punjab,Jalandhar,2015,Zaid,Sugarcane,1720.14,25.1,68.1,Black,Rain-fed,110.71,52.3,2672.72,7.04,31220.78,193884.0
971,Punjab,Jalandhar,2015,Kharif,Maize,580.25,21.3,69.9,Red,Canal,297.27,51.38,3780.41,2.31,61936.18,123103.0
972,Punjab,Jalandhar,2015,Zaid,Barley,933.69,36.0,88.5,Red,Drip,407.5,30.74,766.99,8.05,12018.74,64912.0
973,Punjab,Bathinda,2015,Zaid,Rice,506.6,26.2,42.9,Laterite,Tube Well,378.98,47.05,4054.24,8.14,24850.54,523507.0
974,Punjab,Bathinda,2015,Kharif,Sugarcane,847.43,25.0,47.4,Laterite,Drip,429.62,12.72,2067.06,6.5,43054.28,197819.0
975,Punjab,Bathinda,2015,Kharif,Cotton,1769.05,18.2,41.5,Sandy,Sprinkler,174.46,10.64,3179.87,4.64,47002.34,162127.0
976,Punjab,Bathinda,2015,Zaid,Millets,676.62,35.6,76.5,Laterite,Tube Well,338.0,53.14,4752.49,1.5,56412.8,75240.0
977,Punjab,Bathinda,2015,Rabi,Maize,1977.24,31.8,78.7,Black,Tube Well,353.38,17.35,604.95,8.48,43975.75,71771.0
978,Punjab,Bathinda,2015,Rabi,Barley,1159.01,30.8,82.6,Red,Canal,162.08,44.82,1451.74,3.04,38914.65,53826.0
979,Punjab,Bathinda,2015,Zaid,Wheat,582.04,34.1,48.4,Sandy,Sprinkler,247.99,37.51,3361.58,1.96,53388.86,99392.0
980,Punjab,Bathinda,2015,Kharif,Barley,1491.93,35.4,71.7,Red,Sprinkler,66.84,10.93,4207.21,5.89,17224.57,221764.0
981,Punjab,Bathinda,2015,Zaid,Barley,1867.51,32.4,37.2,Laterite,Canal,308.84,29.21,2357.64,7.5,13975.64,211956.0
982,Punjab,Bathinda,2015,Zaid,Sugarcane,1420.47,18.5,87.0,Red,Rain-fed,89.52,55.64,4029.29,6.52,57019.79,276768.0
983,Punjab,Bathinda,2015,Zaid,Sugarcane,897.94,33.7,52.8,Red,Tube Well,329.64,39.91,3866.19,2.37,41599.32,152423.0
984,Punjab,Bathinda,2015,Rabi,Pulses,1805.74,21.4,62.5,Alluvial,Canal,85.55,24.35,2737.35,7.08,63192.89,216389.0
985,Punjab,Bathinda,2015,Kharif,Barley,963.26,27.9,45.2,Black,Rain-fed,203.08,19.56,3566.24,3.76,54712.57,227388.0
986,Punjab,Bathinda,2015,Kharif,Wheat,600.67,29.6,85.0,Alluvial,Canal,330.09,35.83,3808.18,5.13,33092.48,292187.0
987,Punjab,Bathinda,2015,Rabi,Barley,1933.98,20.9,53.7,Sandy,Sprinkler,191.52,12.32,1987.68,7.37,51022.96,245589.0
988,Punjab,Bathinda,2015,Kharif,Rice,982.91,22.5,80.4,Black,Drip,148.36,13.53,4964.12,1.39,23896.84,103161.99999999999
989,Punjab,Bathinda,2015,Zaid,Millets,1566.21,22.3,35.7,Black,Tube Well,147.47,6.14,3099.88,7.32,33969.87,306608.0
990,Punjab,Bathinda,2015,Rabi,Maize,1926.23,29.6,69.5,Laterite,Rain-fed,405.44,58.85,3759.28,6.36,64041.56,383363.0
991,Maharashtra,Pune,2015,Zaid,Pulses,2020.1,36.7,52.6,Sandy,Drip,192.83,57.7,759.01,7.48,64271.56,59436.0
992,Maharashtra,Pune,2015,Zaid,Rice,2165.82,33.7,62.9,Sandy,Drip,240.3,22.24,4055.54,5.61,50165.63,345270.0
993,Maharashtra,Pune,2015,Zaid,Millets,884.44,34.7,60.3,Alluvial,Rain-fed,225.15,37.51,416.82,8.47,13172.1,44077.0
994,Maharashtra,Pune,2015,Rabi,Millets,1961.64,21.0,72.5,Laterite,Drip,76.17,44.54,2891.79,8.12,50571.31,355416.0
995,Maharashtra,Pune,2015,Zaid,Barley,787.37,27.0,64.6,Sandy,Rain-fed,319.87,23.18,2892.3,7.59,62152.19,207283.0
996,Maharashtra,Pune,2015,Kharif,Wheat,2147.6,19.1,76.5,Black,Sprinkler,284.98,47.6,447.97,1.66,33926.71,7148.0
997,Maharashtra,Pune,2015,Rabi,Maize,1904.33,18.6,86.1,Laterite,Tube Well,341.47,23.25,561.39,4.15,49149.22,34605.0
998,Maharashtra,Pune,2015,Rabi,Maize,1925.08,21.7,52.1,Alluvial,Rain-fed,120.96,28.67,1334.87,1.86,25806.8,24844.0
999,Maharashtra,Pune,2015,Zaid,Millets,1753.27,28.5,36.1,Alluvial,Canal,292.46,59.01,389.82,3.92,20931.19,26949.0
1000,Maharashtra,Pune,2015,Kharif,Pulses,1092.56,18.6,84.8,Red,Canal,275.35,52.26,4782.99,2.58,44906.24,121154.0
1001,Maharashtra,Pune,2015,Kharif,Maize,1479.49,29.5,84.0,Sandy,Canal,332.55,53.38,969.71,2.29,55406.76,18439.0
1002,Maharashtra,Pune,2015,Rabi,Cotton,2083.06,20.2,72.6,Laterite,Sprinkler,286.04,14.21,588.64,2.61,20228.39,21712.0
1003,Maharashtra,Pune,2015,Kharif,Barley,1811.31,36.9,71.8,Red,Canal,76.19,18.54,792.77,8.21,38010.71,103751.0
1004,Maharashtra,Pune,2015,Zaid,Millets,1859.63,36.2,73.9,Sandy,Sprinkler,385.62,10.43,2647.23,6.04,28989.31,212232.00000000003
1005,Maharashtra,Pune,2015,Rabi,Barley,1762.46,30.9,50.5,Alluvial,Tube Well,104.19,46.99,1535.5,5.77,33424.62,104285.99999999999
1006,Maharashtra,Pune,2015,Kharif,Rice,978.73,27.7,56.4,Alluvial,Rain-fed,249.05,48.25,1507.25,6.19,14921.12,152194.0
1007,Maharashtra,Pune,2015,Rabi,Maize,1553.68,32.8,64.4,Sandy,Sprinkler,68.88,21.66,1022.37,8.24,14779.07,136929.0
1008,Maharashtra,Pune,2015,Rabi,Maize,1315.74,31.6,37.5,Black,Sprinkler,135.8,30.15,1009.96,2.82,28976.46,43121.0
1009,Maharashtra,Nashik,2015,Kharif,Wheat,481.42,25.6,84.5,Laterite,Drip,96.53,20.97,4531.54,6.02,60507.98,308467.0
1010,Maharashtra,Nashik,2015,Zaid,Pulses,2051.65,26.0,43.6,Red,Drip,289.5,39.2,1365.11,7.93,48060.97,163481.0
1011,Maharashtra,Nashik,2015,Zaid,Cotton,1136.57,18.2,80.3,Laterite,Canal,200.85,51.34,1028.53,6.89,25431.55,57432.00000000001
1012,Maharashtra,Nashik,2015,Zaid,Millets,632.0,31.8,38.9,Red,Tube Well,95.75,13.74,3976.83,1.69,40457.8,65015.0
1013,Maharashtra,Nashik,2015,Rabi,Cotton,1365.27,23.7,66.4,Black,Drip,93.4,11.57,4132.1,7.65,62361.08,428243.99999999994
1014,Maharashtra,Nashik,2015,Rabi,Wheat,1244.12,20.2,47.6,Black,Tube Well,383.24,15.15,3836.45,7.09,24812.85,384973.0
1015,Maharashtra,Nashik,2015,Rabi,Wheat,1593.18,28.1,88.6,Black,Rain-fed,357.42,44.87,314.41,1.3,20093.66,6783.0
1016,Maharashtra,Nashik,2015,Rabi,Millets,761.17,30.9,56.5,Alluvial,Tube Well,111.24,21.05,411.88,2.54,22299.97,15253.0
1017,Maharashtra,Nashik,2015,Kharif,Rice,1918.16,30.0,50.8,Sandy,Drip,114.44,35.09,1656.01,2.01,15451.96,43872.0
1018,Maharashtra,Nashik,2015,Kharif,Pulses,1066.67,20.9,40.7,Alluvial,Sprinkler,143.46,25.97,2857.29,7.14,52740.86,187617.0
1019,Maharashtra,Nashik,2015,Rabi,Rice,435.63,34.5,61.2,Sandy,Rain-fed,278.6,26.23,3459.49,4.02,60242.78,144310.0
1020,Maharashtra,Nashik,2015,Rabi,Pulses,2164.24,30.7,61.4,Red,Drip,409.43,29.98,4409.28,2.83,27203.77,191040.0
1021,Maharashtra,Nashik,2015,Zaid,Pulses,1732.01,26.6,51.5,Red,Drip,67.02,27.57,4411.04,7.42,64336.94,302760.0
1022,Maharashtra,Nashik,2015,Kharif,Barley,1158.05,26.4,75.3,Black,Drip,227.56,26.36,1881.45,3.58,33140.8,102604.0
1023,Maharashtra,Nashik,2015,Rabi,Sugarcane,1423.1,37.0,75.1,Black,Tube Well,363.65,24.99,2370.54,7.5,53980.15,208871.0
1024,Maharashtra,Nashik,2015,Kharif,Maize,1246.42,28.9,59.9,Laterite,Sprinkler,411.87,57.57,4363.54,4.21,22568.72,208998.0
1025,Maharashtra,Nashik,2015,Rabi,Barley,724.57,26.9,73.2,Sandy,Drip,204.39,41.68,1439.27,6.65,41858.29,91486.0
1026,Maharashtra,Nashik,2015,Kharif,Maize,1140.32,27.4,82.7,Alluvial,Canal,102.22,56.22,1649.45,8.01,44453.22,202848.0
1027,Maharashtra,Nagpur,2015,Rabi,Rice,438.64,36.4,82.8,Alluvial,Rain-fed,182.6,9.95,4664.66,3.8,51409.97,311610.0
1028,Maharashtra,Nagpur,2015,Rabi,Pulses,1450.21,34.6,61.1,Alluvial,Sprinkler,331.44,20.94,597.35,5.3,59743.3,30139.999999999996
1029,Maharashtra,Nagpur,2015,Rabi,Barley,684.9,29.0,60.8,Alluvial,Canal,443.32,42.95,4527.89,8.33,47185.06,357050.0
1030,Maharashtra,Nagpur,2015,Rabi,Maize,1984.42,27.5,61.2,Alluvial,Tube Well,356.86,37.24,4940.09,3.85,35369.64,260928.00000000003
1031,Maharashtra,Nagpur,2015,Zaid,Pulses,1994.09,37.8,83.8,Black,Rain-fed,77.56,12.42,1570.51,4.07,19922.76,114602.0
1032,Maharashtra,Nagpur,2015,Rabi,Cotton,1680.53,37.0,39.6,Black,Sprinkler,291.13,48.96,178.18,7.7,34140.15,13294.999999999998
1033,Maharashtra,Nagpur,2015,Rabi,Cotton,2167.67,36.1,36.3,Alluvial,Rain-fed,177.43,14.18,3282.09,6.31,25945.01,371983.0
1034,Maharashtra,Nagpur,2015,Rabi,Millets,1586.94,24.7,36.7,Laterite,Tube Well,398.82,55.96,152.32,5.39,28043.65,8207.0
1035,Maharashtra,Nagpur,2015,Rabi,Wheat,1651.52,23.4,55.6,Red,Sprinkler,196.72,33.19,4968.9,4.3,49485.87,199206.0
1036,Maharashtra,Nagpur,2015,Kharif,Sugarcane,1279.89,23.3,85.2,Alluvial,Drip,417.51,9.66,3364.49,3.53,38965.94,108496.0
1037,Maharashtra,Nagpur,2015,Zaid,Rice,718.79,19.3,66.5,Alluvial,Drip,144.78,9.81,469.52,6.48,51034.69,34719.0
1038,Maharashtra,Nagpur,2015,Zaid,Millets,1535.81,24.6,71.6,Alluvial,Canal,295.03,8.09,779.7,7.9,61107.78,60708.00000000001
1039,Maharashtra,Nagpur,2015,Zaid,Barley,1824.87,22.7,37.7,Black,Tube Well,81.76,22.62,2693.73,4.68,22456.89,225398.0
1040,Maharashtra,Nagpur,2015,Zaid,Cotton,1716.82,29.8,82.3,Black,Canal,227.01,32.92,489.84,8.31,25952.86,68311.0
1041,Maharashtra,Nagpur,2015,Kharif,Rice,738.76,35.0,76.6,Laterite,Rain-fed,141.09,26.71,4196.6,3.37,33850.95,203737.0
1042,Maharashtra,Nagpur,2015,Zaid,Pulses,1723.8,28.6,71.0,Alluvial,Sprinkler,437.26,18.84,3796.06,1.67,15327.5,72537.0
1043,Maharashtra,Nagpur,2015,Zaid,Barley,543.91,33.3,74.4,Sandy,Canal,54.8,45.93,532.34,5.49,60565.67,33945.0
1044,Maharashtra,Nagpur,2015,Kharif,Cotton,1708.87,24.4,54.7,Sandy,Drip,374.39,25.37,1571.21,4.77,40933.6,115790.00000000001
1045,Maharashtra,Aurangabad,2015,Kharif,Wheat,1643.56,26.2,83.4,Black,Tube Well,179.75,48.79,4731.54,4.14,58040.16,247676.00000000003
1046,Maharashtra,Aurangabad,2015,Kharif,Barley,2109.34,35.5,78.4,Black,Sprinkler,202.58,52.86,831.98,3.87,35022.21,52077.0
1047,Maharashtra,Aurangabad,2015,Rabi,Maize,790.59,18.3,61.0,Black,Drip,158.36,15.88,2536.88,2.36,55978.24,99014.0
1048,Maharashtra,Aurangabad,2015,Zaid,Millets,1492.28,28.0,58.9,Laterite,Sprinkler,390.64,31.8,3362.37,3.78,17618.61,222796.0
1049,Maharashtra,Aurangabad,2015,Zaid,Cotton,654.66,28.4,62.2,Laterite,Sprinkler,136.56,31.98,4788.6,5.81,29944.77,308992.0
1050,Maharashtra,Aurangabad,2015,Rabi,Rice,1478.41,28.6,53.8,Laterite,Drip,199.34,42.87,727.85,5.33,37096.72,31723.0
1051,Maharashtra,Aurangabad,2015,Rabi,Sugarcane,2100.24,31.8,85.1,Black,Drip,411.02,39.86,4519.02,4.68,26868.16,241259.0
1052,Maharashtra,Aurangabad,2015,Rabi,Pulses,1806.87,29.4,85.1,Sandy,Canal,333.24,38.52,4085.28,3.02,41854.8,208573.0
1053,Maharashtra,Aurangabad,2015,Kharif,Barley,1750.35,30.5,39.5,Red,Drip,246.38,38.14,4465.46,8.2,26098.39,457521.0
1054,Maharashtra,Aurangabad,2015,Rabi,Pulses,1925.99,19.2,48.6,Laterite,Rain-fed,303.23,23.0,4141.7,4.72,19744.37,209711.0
1055,Maharashtra,Aurangabad,2015,Rabi,Sugarcane,1883.45,30.9,87.7,Black,Tube Well,289.03,11.62,3693.76,6.57,22331.98,388009.0
1056,Maharashtra,Aurangabad,2015,Kharif,Barley,1661.16,35.1,51.4,Laterite,Tube Well,131.7,21.29,241.22,5.9,34335.43,16632.0
1057,Maharashtra,Aurangabad,2015,Kharif,Maize,1468.92,33.2,40.9,Alluvial,Canal,159.42,20.18,3560.85,4.51,20633.76,149118.0
1058,Maharashtra,Aurangabad,2015,Kharif,Pulses,1394.64,25.4,52.3,Red,Rain-fed,338.2,35.26,3181.56,5.92,32963.5,212194.99999999997
1059,Maharashtra,Aurangabad,2015,Kharif,Wheat,1989.87,19.1,74.4,Alluvial,Rain-fed,102.75,8.51,432.68,2.31,39707.37,17392.0
1060,Maharashtra,Aurangabad,2015,Kharif,Pulses,1008.68,26.3,76.3,Black,Tube Well,246.98,34.98,2670.93,5.89,32987.48,150236.0
1061,Maharashtra,Aurangabad,2015,Kharif,Maize,607.45,36.2,49.3,Alluvial,Drip,145.71,40.46,2832.65,1.58,56673.34,45898.0
1062,Maharashtra,Aurangabad,2015,Kharif,Sugarcane,2109.94,37.1,42.6,Laterite,Sprinkler,177.78,26.31,3208.22,4.09,39043.09,142978.0
1063,Maharashtra,Kolhapur,2015,Kharif,Rice,472.23,29.8,46.5,Laterite,Drip,283.1,5.39,3538.94,5.45,31510.27,327609.0
1064,Maharashtra,Kolhapur,2015,Rabi,Maize,1365.21,36.3,75.9,Black,Rain-fed,162.57,35.59,2603.31,2.37,22684.05,86848.0
1065,Maharashtra,Kolhapur,2015,Rabi,Cotton,1106.74,31.0,59.8,Alluvial,Drip,228.22,58.23,3392.05,6.82,22843.27,211141.0
1066,Maharashtra,Kolhapur,2015,Kharif,Sugarcane,1767.57,32.7,51.4,Sandy,Rain-fed,325.9,16.79,3006.97,3.41,36580.33,148457.0
1067,Maharashtra,Kolhapur,2015,Rabi,Sugarcane,1319.98,24.2,46.9,Sandy,Drip,122.37,23.37,2548.0,6.46,50158.37,207048.99999999997
1068,Maharashtra,Kolhapur,2015,Kharif,Millets,1264.32,29.9,78.7,Alluvial,Rain-fed,316.81,56.58,480.6,1.98,12014.35,7909.999999999999
1069,Maharashtra,Kolhapur,2015,Kharif,Wheat,946.2,25.6,66.2,Red,Tube Well,113.79,7.94,1155.01,2.59,34427.78,50150.0
1070,Maharashtra,Kolhapur,2015,Zaid,Wheat,935.45,18.7,41.6,Alluvial,Tube Well,106.74,30.13,4668.0,8.38,60472.0,360011.0
1071,Maharashtra,Kolhapur,2015,Zaid,Maize,425.82,19.7,47.9,Black,Drip,397.92,36.89,2831.48,3.17,49252.47,114865.00000000001
1072,Maharashtra,Kolhapur,2015,Rabi,Rice,1115.57,25.5,37.0,Red,Tube Well,223.0,30.61,957.61,1.3,59562.63,18133.0
1073,Maharashtra,Kolhapur,2015,Rabi,Sugarcane,1843.49,18.5,50.0,Sandy,Tube Well,398.8,17.92,2295.15,1.21,46459.66,46476.0
1074,Maharashtra,Kolhapur,2015,Zaid,Sugarcane,1688.02,32.9,50.8,Sandy,Sprinkler,85.37,25.2,4121.5,5.18,31783.18,363328.0
1075,Maharashtra,Kolhapur,2015,Rabi,Maize,977.28,30.8,57.4,Sandy,Tube Well,282.08,25.47,4919.21,6.8,19824.56,492613.0
1076,Maharashtra,Kolhapur,2015,Kharif,Pulses,2130.5,19.7,48.9,Red,Sprinkler,105.06,55.86,3262.77,4.49,40578.23,216867.0
1077,Maharashtra,Kolhapur,2015,Kharif,Maize,1477.83,28.8,80.8,Laterite,Canal,113.77,48.93,783.65,7.16,22908.08,83783.0
1078,Maharashtra,Kolhapur,2015,Rabi,Wheat,1335.22,29.5,49.0,Red,Sprinkler,270.18,56.83,3724.59,6.19,53749.38,297223.0
1079,Maharashtra,Kolhapur,2015,Zaid,Barley,1341.62,34.4,47.0,Black,Canal,190.45,27.44,3782.67,1.98,45944.88,93895.0
1080,Maharashtra,Kolhapur,2015,Kharif,Rice,1291.37,36.3,73.2,Alluvial,Canal,172.62,46.57,1584.0,2.73,45827.18,75743.0
1081,Karnataka,Bengaluru,2015,Kharif,Wheat,932.41,22.1,80.5,Sandy,Rain-fed,322.19,8.69,2317.74,2.07,62078.35,70123.0
1082,Karnataka,Bengaluru,2015,Rabi,Pulses,1097.95,22.2,58.6,Red,Canal,285.88,31.31,3112.54,1.51,38040.67,39081.0
1083,Karnataka,Bengaluru,2015,Rabi,Cotton,1661.14,35.2,56.1,Alluvial,Tube Well,265.61,10.39,3474.1,5.73,30605.91,352618.0
1084,Karnataka,Bengaluru,2015,Rabi,Wheat,2132.98,33.2,39.8,Red,Drip,150.86,10.06,1302.41,7.26,45458.84,84533.0
1085,Karnataka,Bengaluru,2015,Kharif,Millets,461.82,24.2,77.7,Sandy,Tube Well,391.86,16.91,2111.97,1.28,18804.36,44949.0
1086,Karnataka,Bengaluru,2015,Rabi,Rice,1303.73,27.3,73.3,Black,Tube Well,205.27,55.87,3303.14,1.56,43040.04,77202.0
1087,Karnataka,Bengaluru,2015,Rabi,Cotton,1936.4,18.8,68.1,Black,Tube Well,220.69,42.77,4845.97,1.76,37553.75,89472.0
1088,Karnataka,Bengaluru,2015,Kharif,Wheat,944.1,22.5,82.6,Black,Drip,283.43,32.13,3597.76,7.1,62246.18,234007.00000000003
1089,Karnataka,Bengaluru,2015,Rabi,Wheat,1188.58,25.3,73.4,Laterite,Sprinkler,58.22,33.88,3499.68,5.83,17635.39,259866.0
1090,Karnataka,Bengaluru,2015,Kharif,Barley,520.49,19.7,83.3,Black,Canal,315.88,31.1,2584.86,2.98,61176.99,72217.0
1091,Karnataka,Bengaluru,2015,Zaid,Maize,1596.35,26.9,89.8,Alluvial,Drip,199.33,19.47,427.41,6.97,21832.04,36143.0
1092,Karnataka,Bengaluru,2015,Kharif,Sugarcane,665.3,20.7,73.6,Red,Drip,54.48,8.3,3961.63,2.02,47293.29,110880.0
1093,Karnataka,Bengaluru,2015,Zaid,Pulses,2057.32,35.2,79.1,Alluvial,Drip,125.47,31.11,2445.8,1.92,32556.45,67311.0
1094,Karnataka,Bengaluru,2015,Zaid,Maize,1944.12,20.9,76.8,Red,Drip,241.08,59.44,455.69,2.4,45227.87,13272.0
1095,Karnataka,Bengaluru,2015,Kharif,Cotton,1131.5,33.0,37.4,Black,Tube Well,178.2,26.7,1043.77,6.5,31805.16,84795.0
1096,Karnataka,Bengaluru,2015,Kharif,Barley,1562.87,33.1,43.7,Black,Canal,289.59,20.82,3888.19,4.36,13638.44,146865.0
1097,Karnataka,Bengaluru,2015,Rabi,Pulses,899.3,23.6,70.8,Sandy,Tube Well,444.67,23.78,4197.99,5.62,60724.32,390549.0
1098,Karnataka,Bengaluru,2015,Zaid,Barley,1763.35,34.8,67.4,Laterite,Rain-fed,274.08,42.52,3036.78,6.94,19275.17,239641.0
1099,Karnataka,Mysuru,2015,Rabi,Rice,852.87,23.4,49.9,Red,Drip,165.58,33.24,1633.95,7.81,60082.53,174319.0
1100,Karnataka,Mysuru,2015,Rabi,Pulses,1331.81,26.2,49.5,Black,Rain-fed,219.54,41.25,3864.74,7.7,19381.72,467181.00000000006
1101,Karnataka,Mysuru,2015,Rabi,Pulses,768.04,27.3,63.6,Black,Tube Well,96.88,44.75,1528.16,3.0,43700.96,65716.0
1102,Karnataka,Mysuru,2015,Zaid,Pulses,842.14,27.7,49.9,Laterite,Canal,277.28,34.56,817.07,5.62,25384.39,81117.0
1103,Karnataka,Mysuru,2015,Kharif,Rice,740.07,36.7,86.0,Laterite,Tube Well,231.9,59.5,2959.56,3.22,42075.04,95221.0
1104,Karnataka,Mysuru,2015,Zaid,Rice,1257.46,25.7,41.6,Sandy,Rain-fed,122.44,24.87,4026.37,1.6,56900.26,69405.0
1105,Karnataka,Mysuru,2015,Rabi,Maize,1810.97,36.5,72.8,Red,Tube Well,131.96,54.02,2876.18,1.27,29893.11,52028.0
1106,Karnataka,Mysuru,2015,Kharif,Sugarcane,814.88,30.4,66.4,Black,Tube Well,156.69,35.39,4219.76,2.31,41346.64,108854.0
1107,Karnataka,Mysuru,2015,Rabi,Sugarcane,1375.08,18.3,43.8,Black,Drip,278.5,38.78,4873.02,7.11,18601.85,362476.0
1108,Karnataka,Mysuru,2015,Rabi,Millets,1497.29,35.8,85.5,Black,Drip,161.79,5.17,3388.69,4.38,57627.45,244840.0
1109,Karnataka,Mysuru,2015,Kharif,Rice,1925.11,26.2,59.4,Laterite,Tube Well,110.15,53.85,4267.87,6.68,13220.41,446188.0
1110,Karnataka,Mysuru,2015,Rabi,Pulses,979.74,28.0,68.9,Black,Tube Well,385.29,38.36,1927.51,6.34,43850.54,183175.0
1111,Karnataka,Mysuru,2015,Zaid,Sugarcane,792.27,25.1,50.1,Black,Canal,335.97,54.41,1959.28,7.61,62914.72,221638.0
1112,Karnataka,Mysuru,2015,Rabi,Millets,1683.53,18.4,66.4,Black,Rain-fed,193.81,6.13,2237.83,4.45,34479.3,123221.0
1113,Karnataka,Mysuru,2015,Rabi,Pulses,2040.88,23.2,43.7,Red,Canal,137.65,37.2,2634.13,5.08,22372.75,111908.0
1114,Karnataka,Mysuru,2015,Rabi,Sugarcane,561.95,36.3,40.1,Red,Drip,328.13,7.75,488.35,8.0,36014.34,42707.0
1115,Karnataka,Mysuru,2015,Zaid,Sugarcane,1137.04,21.3,38.7,Black,Rain-fed,398.72,39.15,2905.78,6.92,58206.88,335162.0
1116,Karnataka,Mysuru,2015,Kharif,Millets,2095.63,35.9,48.0,Sandy,Canal,373.09,15.75,3591.39,1.69,17380.05,98161.0
1117,Karnataka,Hubli,2015,Kharif,Millets,1396.19,25.4,44.8,Sandy,Sprinkler,263.46,15.27,3955.85,3.58,21105.11,151864.0
1118,Karnataka,Hubli,2015,Rabi,Wheat,1108.85,21.3,60.8,Black,Canal,388.61,18.31,3083.95,3.88,53507.35,151056.0
1119,Karnataka,Hubli,2015,Zaid,Sugarcane,691.76,30.1,37.3,Sandy,Tube Well,443.14,12.47,1507.29,5.06,37967.7,118542.0
1120,Karnataka,Hubli,2015,Zaid,Millets,2131.79,36.9,54.5,Laterite,Drip,292.21,44.51,3771.78,6.69,39743.93,304736.0
1121,Karnataka,Hubli,2015,Kharif,Wheat,772.41,30.0,55.2,Alluvial,Drip,169.38,38.24,2120.82,3.94,31802.04,93132.0
1122,Karnataka,Hubli,2015,Kharif,Barley,1795.13,33.0,59.7,Laterite,Rain-fed,286.17,46.73,785.24,6.99,33007.12,51722.0
1123,Karnataka,Hubli,2015,Kharif,Millets,1118.63,32.3,55.4,Red,Rain-fed,131.88,12.17,4802.13,2.99,19713.49,206764.0
1124,Karnataka,Hubli,2015,Rabi,Wheat,1031.0,36.2,83.8,Alluvial,Rain-fed,398.85,9.3,1540.36,7.19,41235.16,93090.0
1125,Karnataka,Hubli,2015,Zaid,Pulses,748.26,36.4,44.1,Red,Canal,446.84,13.03,3584.41,3.17,13308.23,115750.0
1126,Karnataka,Hubli,2015,Rabi,Millets,1126.14,34.0,60.3,Laterite,Sprinkler,298.71,20.67,349.49,4.97,18534.78,21511.0
1127,Karnataka,Hubli,2015,Zaid,Wheat,1599.38,29.0,76.2,Red,Drip,252.38,59.93,851.32,7.22,29498.06,93075.0
1128,Karnataka,Hubli,2015,Kharif,Maize,1771.8,21.9,68.9,Laterite,Drip,160.3,17.11,315.67,1.29,19045.93,4961.0
1129,Karnataka,Hubli,2015,Rabi,Barley,1384.7,23.1,85.4,Black,Tube Well,50.23,8.64,4308.32,3.14,37581.22,117166.00000000001
1130,Karnataka,Hubli,2015,Zaid,Rice,543.95,27.2,84.5,Red,Rain-fed,296.72,58.87,4267.91,8.18,25678.42,474297.0
1131,Karnataka,Hubli,2015,Rabi,Maize,1601.95,34.7,67.4,Red,Sprinkler,323.04,49.34,3913.65,2.99,55191.39,144386.0
1132,Karnataka,Hubli,2015,Kharif,Cotton,1297.97,32.5,57.3,Black,Tube Well,430.84,21.52,4329.32,1.98,19842.51,87746.0
1133,Karnataka,Hubli,2015,Zaid,Maize,2066.89,31.9,62.8,Alluvial,Rain-fed,215.06,26.99,2876.21,3.38,24852.19,138344.0
1134,Karnataka,Hubli,2015,Rabi,Wheat,1184.12,34.3,43.5,Laterite,Sprinkler,239.27,6.68,4694.21,2.06,24491.16,162371.0
1135,Karnataka,Belagavi,2015,Kharif,Sugarcane,1129.57,35.0,50.8,Alluvial,Canal,294.23,14.07,880.04,3.59,31972.93,27893.0
1136,Karnataka,Belagavi,2015,Kharif,Maize,1372.67,27.9,40.1,Red,Rain-fed,438.02,49.45,3275.05,8.44,12110.62,270215.0
1137,Karnataka,Belagavi,2015,Kharif,Pulses,1598.9,19.8,44.1,Black,Tube Well,173.91,10.5,4981.95,1.8,14094.23,71759.0
1138,Karnataka,Belagavi,2015,Zaid,Millets,593.57,29.9,68.8,Sandy,Canal,260.43,50.75,1493.78,1.67,44126.89,26442.0
1139,Karnataka,Belagavi,2015,Rabi,Millets,1491.67,31.8,36.8,Laterite,Tube Well,390.86,41.58,3505.05,7.11,31013.85,326184.0
1140,Karnataka,Belagavi,2015,Kharif,Sugarcane,1829.66,34.9,71.6,Alluvial,Tube Well,134.22,30.37,3545.85,1.47,15113.65,87315.0
1141,Karnataka,Belagavi,2015,Zaid,Maize,668.79,19.5,77.4,Sandy,Sprinkler,325.09,36.86,3621.34,4.38,18498.78,229089.0
1142,Karnataka,Belagavi,2015,Rabi,Cotton,2087.39,22.2,61.0,Laterite,Drip,63.53,13.61,1038.29,1.68,13663.11,28835.000000000004
1143,Karnataka,Belagavi,2015,Zaid,Millets,1234.31,37.3,78.1,Black,Canal,395.03,29.73,4097.33,6.64,49491.38,396778.0
1144,Karnataka,Belagavi,2015,Kharif,Maize,2117.72,26.3,61.8,Black,Tube Well,445.35,13.15,4432.67,2.95,44007.86,229760.0
1145,Karnataka,Belagavi,2015,Kharif,Wheat,1787.55,30.6,74.1,Black,Rain-fed,370.08,25.52,113.41,4.72,55689.17,6965.000000000001
1146,Karnataka,Belagavi,2015,Zaid,Cotton,1355.56,35.8,89.6,Sandy,Sprinkler,294.99,38.67,2231.19,8.13,54414.81,227642.99999999997
1147,Karnataka,Belagavi,2015,Rabi,Cotton,1369.83,33.1,37.4,Sandy,Sprinkler,183.04,27.4,3172.51,6.98,37149.43,371630.0
1148,Karnataka,Belagavi,2015,Rabi,Sugarcane,2061.56,34.7,47.3,Red,Canal,155.88,54.03,4275.61,7.16,47426.91,422331.00000000006
1149,Karnataka,Belagavi,2015,Zaid,Sugarcane,472.98,37.0,59.7,Laterite,Canal,208.79,28.65,4797.32,7.06,26502.64,546791.0
1150,Karnataka,Belagavi,2015,Rabi,Cotton,1784.02,31.3,62.3,Sandy,Rain-fed,282.07,34.37,2806.56,6.89,57327.4,333688.0
1151,Karnataka,Belagavi,2015,Rabi,Maize,1381.11,22.0,72.7,Black,Rain-fed,81.87,40.58,4738.23,1.35,18883.51,99110.0
1152,Karnataka,Belagavi,2015,Kharif,Cotton,1148.04,36.1,46.2,Alluvial,Drip,115.56,10.37,4665.53,3.46,40742.94,217714.0
1153,Karnataka,Mangalore,2015,Kharif,Rice,1935.45,18.1,48.2,Sandy,Sprinkler,361.47,48.69,4727.38,8.25,18008.65,488014.99999999994
1154,Karnataka,Mangalore,2015,Rabi,Millets,1319.4,27.6,68.8,Alluvial,Sprinkler,364.2,24.59,550.95,2.49,54749.9,18456.0
1155,Karnataka,Mangalore,2015,Rabi,Rice,2185.82,21.2,53.8,Laterite,Tube Well,258.83,42.92,1051.44,8.44,52137.66,102175.0
1156,Karnataka,Mangalore,2015,Zaid,Rice,1853.1,33.5,57.1,Black,Tube Well,117.01,39.16,2468.77,5.48,48959.8,240291.0
1157,Karnataka,Mangalore,2015,Zaid,Millets,1097.1,30.9,46.0,Red,Tube Well,66.79,29.91,118.24,3.79,64346.11,7770.0
1158,Karnataka,Mangalore,2015,Zaid,Wheat,2145.25,35.2,39.7,Red,Canal,387.21,37.71,2850.92,2.05,19195.83,75647.0
1159,Karnataka,Mangalore,2015,Kharif,Wheat,1815.06,30.8,48.5,Red,Tube Well,264.83,28.41,290.8,1.98,61769.58,8434.0
1160,Karnataka,Mangalore,2015,Rabi,Maize,905.2,35.0,89.0,Red,Drip,440.05,25.01,2541.61,6.59,33564.16,138373.0
1161,Karnataka,Mangalore,2015,Kharif,Rice,1965.11,36.6,68.2,Sandy,Drip,390.63,24.94,566.27,3.13,29690.61,29926.0
1162,Karnataka,Mangalore,2015,Zaid,Rice,816.73,23.5,81.3,Sandy,Rain-fed,270.08,34.77,4310.34,7.12,41093.63,422707.0
1163,Karnataka,Mangalore,2015,Kharif,Cotton,580.78,26.1,86.2,Sandy,Canal,174.76,53.29,555.54,3.63,51278.0,18893.0
1164,Karnataka,Mangalore,2015,Rabi,Rice,2004.52,18.9,79.5,Black,Drip,212.4,10.88,878.15,8.06,59436.3,74146.0
1165,Karnataka,Mangalore,2015,Kharif,Rice,1535.51,18.3,47.0,Sandy,Rain-fed,333.26,14.32,4790.73,7.51,39013.28,643886.0
1166,Karnataka,Mangalore,2015,Rabi,Sugarcane,1286.78,22.8,58.6,Sandy,Rain-fed,295.3,26.36,4142.62,3.34,19219.16,245417.99999999997
1167,Karnataka,Mangalore,2015,Rabi,Cotton,848.26,35.1,41.9,Black,Sprinkler,218.09,40.66,2538.62,8.34,33493.88,209850.0
1168,Karnataka,Mangalore,2015,Rabi,Maize,1866.0,29.6,88.2,Black,Drip,149.51,44.11,1231.19,3.02,14467.9,32430.0
1169,Karnataka,Mangalore,2015,Zaid,Cotton,2126.92,29.5,70.9,Alluvial,Rain-fed,336.89,50.65,167.42,1.98,22935.67,3131.0
1170,Karnataka,Mangalore,2015,Zaid,Pulses,2159.05,25.6,63.5,Black,Tube Well,160.03,41.47,4303.01,2.27,32628.18,96506.0
1171,Tamil Nadu,Chennai,2015,Kharif,Millets,2108.46,26.7,48.9,Laterite,Canal,223.32,13.72,3928.83,7.29,51661.19,379290.0
1172,Tamil Nadu,Chennai,2015,Rabi,Cotton,653.26,23.6,58.4,Black,Rain-fed,55.51,48.21,2695.0,5.48,30435.68,213296.0
1173,Tamil Nadu,Chennai,2015,Zaid,Millets,2134.31,23.4,61.4,Sandy,Drip,225.25,12.34,3926.94,5.91,32382.83,414613.0
1174,Tamil Nadu,Chennai,2015,Kharif,Rice,881.82,25.4,49.0,Black,Rain-fed,89.53,52.41,2630.75,3.46,33396.88,78551.0
1175,Tamil Nadu,Chennai,2015,Zaid,Cotton,1857.48,33.2,71.8,Alluvial,Drip,272.38,38.75,4015.07,5.07,21696.2,264030.0
1176,Tamil Nadu,Chennai,2015,Rabi,Wheat,989.28,31.8,65.5,Red,Sprinkler,277.18,5.08,1047.75,1.99,28235.92,32613.0
1177,Tamil Nadu,Chennai,2015,Rabi,Sugarcane,1531.92,31.4,87.8,Red,Tube Well,276.09,24.63,1961.62,5.76,59183.62,127081.0
1178,Tamil Nadu,Chennai,2015,Kharif,Sugarcane,1358.47,27.9,58.7,Laterite,Tube Well,274.97,42.94,605.64,7.74,24259.13,78122.0
1179,Tamil Nadu,Chennai,2015,Zaid,Rice,584.71,37.8,65.2,Laterite,Canal,337.37,17.14,1151.22,3.91,13940.64,36537.0
1180,Tamil Nadu,Chennai,2015,Zaid,Cotton,1557.43,35.8,84.1,Black,Canal,87.39,55.8,3097.69,1.88,25266.78,81434.0
1181,Tamil Nadu,Chennai,2015,Rabi,Millets,1640.19,28.8,71.2,Alluvial,Canal,328.35,5.35,4226.03,7.16,23467.0,366674.0
1182,Tamil Nadu,Chennai,2015,Zaid,Sugarcane,2064.66,23.6,58.5,Sandy,Canal,189.58,24.63,2316.54,6.28,13425.67,130569.0
1183,Tamil Nadu,Chennai,2015,Rabi,Cotton,746.58,34.4,47.9,Black,Sprinkler,68.08,14.87,4153.66,2.64,27635.0,94445.0
1184,Tamil Nadu,Chennai,2015,Kharif,Maize,456.68,32.5,74.8,Laterite,Tube Well,196.66,46.61,3829.35,7.29,34886.59,415366.0
1185,Tamil Nadu,Chennai,2015,Rabi,Wheat,708.48,18.7,44.6,Black,Drip,387.16,28.12,515.65,2.35,15880.29,14724.0
1186,Tamil Nadu,Chennai,2015,Rabi,Cotton,1684.65,32.3,83.6,Black,Sprinkler,262.35,54.55,2999.25,8.22,43037.88,278600.0
1187,Tamil Nadu,Chennai,2015,Kharif,Sugarcane,2116.51,26.5,68.6,Black,Tube Well,367.89,20.35,1375.12,2.76,50870.96,59654.99999999999
1188,Tamil Nadu,Chennai,2015,Kharif,Cotton,1075.95,28.7,86.0,Sandy,Tube Well,399.89,11.34,3503.14,7.78,24176.1,408890.0
1189,Tamil Nadu,Coimbatore,2015,Zaid,Barley,2036.8,29.6,75.6,Sandy,Sprinkler,104.09,33.49,2741.22,2.89,18700.63,135310.0
1190,Tamil Nadu,Coimbatore,2015,Kharif,Rice,834.69,29.0,53.7,Black,Drip,265.03,19.28,1727.17,2.19,21450.43,46439.0
1191,Tamil Nadu,Coimbatore,2015,Rabi,Rice,1332.32,30.5,38.9,Alluvial,Canal,338.37,35.07,3714.93,3.55,20725.64,141944.0
1192,Tamil Nadu,Coimbatore,2015,Kharif,Wheat,1804.09,33.5,73.0,Alluvial,Drip,395.15,44.77,509.81,2.4,51336.5,17583.0
1193,Tamil Nadu,Coimbatore,2015,Rabi,Millets,2115.56,20.0,78.1,Red,Tube Well,265.61,25.43,3958.58,6.66,44058.15,400531.0
1194,Tamil Nadu,Coimbatore,2015,Rabi,Rice,1830.44,28.1,50.9,Laterite,Sprinkler,166.86,13.76,2774.3,2.28,47411.61,84761.0
1195,Tamil Nadu,Coimbatore,2015,Zaid,Rice,671.04,34.5,50.9,Alluvial,Canal,298.66,7.34,1959.28,1.49,35038.57,24121.0
1196,Tamil Nadu,Coimbatore,2015,Rabi,Cotton,1994.43,25.6,70.0,Black,Rain-fed,85.48,44.81,1447.89,2.29,32019.22,30602.0
1197,Tamil Nadu,Coimbatore,2015,Rabi,Sugarcane,2183.2,25.4,37.7,Alluvial,Tube Well,174.05,14.36,2926.44,6.53,41284.8,160402.0
1198,Tamil Nadu,Coimbatore,2015,Zaid,Sugarcane,832.7,30.0,68.8,Black,Drip,234.01,24.53,4993.83,6.84,53266.53,598822.0
1199,Tamil Nadu,Coimbatore,2015,Rabi,Rice,509.28,34.0,86.0,Red,Drip,396.1,18.9,2690.02,7.7,60507.45,318673.0
1200,Tamil Nadu,Coimbatore,2015,Kharif,Millets,1297.21,36.6,63.4,Black,Tube Well,201.24,47.01,2688.77,1.67,26193.37,42876.0
1201,Tamil Nadu,Coimbatore,2015,Kharif,Cotton,1706.78,28.4,70.5,Red,Sprinkler,316.79,21.91,1558.17,1.35,58610.64,32741.000000000004
1202,Tamil Nadu,Coimbatore,2015,Rabi,Barley,784.97,24.2,77.8,Red,Rain-fed,82.87,53.04,4127.98,3.33,64057.04,163563.0
1203,Tamil Nadu,Coimbatore,2015,Zaid,Wheat,735.86,33.8,74.7,Alluvial,Tube Well,197.62,34.89,1016.08,2.6,57869.81,40400.0
1204,Tamil Nadu,Coimbatore,2015,Kharif,Barley,953.91,33.8,82.5,Red,Drip,255.19,57.8,2698.74,7.89,13192.08,218438.0
1205,Tamil Nadu,Coimbatore,2015,Zaid,Maize,1894.75,23.5,74.9,Alluvial,Rain-fed,103.7,38.56,3516.23,6.12,30016.24,234494.99999999997
1206,Tamil Nadu,Coimbatore,2015,Zaid,Sugarcane,768.35,22.3,88.3,Black,Drip,379.58,15.69,2678.44,5.49,58824.45,135603.0
1207,Tamil Nadu,Madurai,2015,Kharif,Rice,562.1,32.2,60.0,Black,Tube Well,236.58,53.32,706.52,1.55,63706.28,11401.0
1208,Tamil Nadu,Madurai,2015,Zaid,Sugarcane,642.47,30.9,90.0,Laterite,Rain-fed,65.68,27.37,270.31,1.76,16444.86,7373.999999999999
1209,Tamil Nadu,Madurai,2015,Kharif,Barley,571.55,37.2,82.2,Alluvial,Sprinkler,361.57,44.62,2669.92,1.26,60310.08,33934.0
1210,Tamil Nadu,Madurai,2015,Rabi,Rice,1002.26,26.3,65.2,Red,Rain-fed,385.04,33.81,164.29,6.23,29694.15,14706.0
1211,Tamil Nadu,Madurai,2015,Kharif,Rice,2128.66,36.2,85.4,Red,Sprinkler,402.91,42.41,2019.63,5.65,30327.01,192375.0
1212,Tamil Nadu,Madurai,2015,Kharif,Rice,1855.32,35.4,70.2,Sandy,Drip,280.01,10.99,1531.99,2.89,40084.09,50604.0
1213,Tamil Nadu,Madurai,2015,Kharif,Barley,750.47,34.3,43.7,Alluvial,Rain-fed,136.23,38.11,824.62,2.95,26576.04,27676.0
1214,Tamil Nadu,Madurai,2015,Rabi,Wheat,1651.75,35.1,51.2,Black,Tube Well,257.87,27.4,3761.01,7.26,45415.33,430877.00000000006
1215,Tamil Nadu,Madurai,2015,Kharif,Barley,1171.61,37.3,75.9,Alluvial,Sprinkler,257.74,10.28,3757.08,4.31,56866.46,281571.0
1216,Tamil Nadu,Madurai,2015,Kharif,Sugarcane,1050.38,26.0,68.4,Alluvial,Drip,377.27,46.95,1992.79,6.2,15852.01,215019.99999999997
1217,Tamil Nadu,Madurai,2015,Zaid,Sugarcane,857.25,24.8,37.9,Black,Sprinkler,221.92,35.27,2237.58,1.99,45198.05,57229.99999999999
1218,Tamil Nadu,Madurai,2015,Kharif,Sugarcane,2171.06,34.6,51.0,Red,Rain-fed,435.25,11.37,1589.63,5.25,54072.0,148980.0
1219,Tamil Nadu,Madurai,2015,Kharif,Sugarcane,1258.4,31.3,65.3,Alluvial,Rain-fed,407.49,12.51,325.99,2.91,31838.04,14456.0
1220,Tamil Nadu,Madurai,2015,Kharif,Millets,1643.99,18.4,80.2,Laterite,Rain-fed,252.96,59.63,2946.13,1.67,27335.53,67606.0
1221,Tamil Nadu,Madurai,2015,Zaid,Maize,1125.14,30.0,66.5,Sandy,Sprinkler,427.04,28.14,3159.97,7.1,58087.74,326838.0
1222,Tamil Nadu,Madurai,2015,Rabi,Millets,561.38,28.4,43.0,Alluvial,Sprinkler,363.41,36.86,3220.21,5.35,19787.39,235221.99999999997
1223,Tamil Nadu,Madurai,2015,Kharif,Cotton,1425.07,33.8,82.1,Laterite,Tube Well,431.32,53.98,630.94,7.33,54775.1,47313.0
1224,Tamil Nadu,Madurai,2015,Rabi,Wheat,1134.07,32.0,89.5,Black,Drip,239.19,26.89,676.81,6.78,63534.16,38111.0
1225,Tamil Nadu,Salem,2015,Zaid,Cotton,1410.99,37.9,47.5,Black,Sprinkler,292.69,22.92,3346.46,7.83,46460.05,445060.00000000006
1226,Tamil Nadu,Salem,2015,Zaid,Wheat,1904.75,37.6,80.5,Laterite,Rain-fed,408.9,57.8,4447.69,2.06,19550.18,136989.0
1227,Tamil Nadu,Salem,2015,Rabi,Wheat,1388.65,35.0,43.1,Sandy,Tube Well,286.2,24.73,3415.12,4.37,26100.04,236338.0
1228,Tamil Nadu,Salem,2015,Kharif,Pulses,1132.46,19.5,80.6,Sandy,Rain-fed,55.97,31.51,2187.17,6.11,48340.57,126382.0
1229,Tamil Nadu,Salem,2015,Zaid,Pulses,2164.85,33.0,48.9,Red,Canal,126.82,19.69,2753.19,2.96,54203.03,90519.0
1230,Tamil Nadu,Salem,2015,Kharif,Wheat,1898.55,21.3,76.4,Alluvial,Tube Well,50.39,41.72,2618.1,5.58,60088.97,173743.0
1231,Tamil Nadu,Salem,2015,Zaid,Sugarcane,535.1,31.4,79.8,Red,Canal,183.94,58.32,4286.8,1.55,15509.79,88227.0
1232,Tamil Nadu,Salem,2015,Rabi,Cotton,1533.75,19.5,75.6,Laterite,Drip,71.73,27.43,968.23,5.8,22382.67,77635.0
1233,Tamil Nadu,Salem,2015,Rabi,Wheat,1713.96,22.4,50.4,Black,Tube Well,56.73,32.24,2269.21,3.25,20602.55,111680.0
1234,Tamil Nadu,Salem,2015,Kharif,Barley,1608.51,29.9,54.0,Black,Sprinkler,272.19,10.06,4375.0,6.49,55778.32,489176.0
1235,Tamil Nadu,Salem,2015,Kharif,Rice,1784.4,23.3,56.9,Red,Rain-fed,259.59,34.34,429.07,2.63,22741.32,11647.0
1236,Tamil Nadu,Salem,2015,Zaid,Maize,764.71,36.3,57.1,Alluvial,Canal,236.88,55.99,2374.85,2.7,64793.88,109495.0
1237,Tamil Nadu,Salem,2015,Rabi,Maize,400.84,20.3,76.3,Laterite,Canal,145.19,33.23,3381.2,2.17,38274.65,100772.0
1238,Tamil Nadu,Salem,2015,Kharif,Sugarcane,792.86,19.5,71.7,Laterite,Rain-fed,168.69,19.55,341.0,8.22,57821.57,31479.000000000004
1239,Tamil Nadu,Salem,2015,Kharif,Wheat,2151.54,19.9,50.1,Black,Tube Well,447.97,18.01,1103.96,3.03,17385.62,42495.0
1240,Tamil Nadu,Salem,2015,Kharif,Millets,1601.1,21.4,45.3,Alluvial,Drip,55.61,13.88,552.12,4.79,55493.65,35339.0
1241,Tamil Nadu,Salem,2015,Rabi,Cotton,1334.96,37.5,44.4,Black,Sprinkler,268.45,45.4,2507.4,6.54,44144.19,169537.0
1242,Tamil Nadu,Salem,2015,Kharif,Sugarcane,1977.96,35.0,44.7,Laterite,Sprinkler,322.61,22.51,242.87,2.87,51764.38,12266.0
1243,Tamil Nadu,Tiruchirappalli,2015,Kharif,Barley,1125.01,36.5,41.5,Alluvial,Rain-fed,241.33,8.36,4318.43,4.82,59716.56,274397.0
1244,Tamil Nadu,Tiruchirappalli,2015,Zaid,Wheat,1077.01,20.9,71.2,Red,Canal,118.38,17.31,1811.59,6.12,16568.02,132307.0
1245,Tamil Nadu,Tiruchirappalli,2015,Zaid,Pulses,1370.33,26.9,40.8,Black,Rain-fed,155.96,36.32,3689.2,5.02,52814.78,180422.0
1246,Tamil Nadu,Tiruchirappalli,2015,Zaid,Barley,2144.05,33.1,87.5,Alluvial,Drip,273.01,34.38,3441.12,2.92,45042.16,134831.0
1247,Tamil Nadu,Tiruchirappalli,2015,Zaid,Maize,2005.92,18.8,53.2,Red,Sprinkler,63.56,38.28,3675.22,6.03,40740.96,393370.0
1248,Tamil Nadu,Tiruchirappalli,2015,Zaid,Cotton,1567.07,24.0,68.3,Sandy,Sprinkler,388.45,38.54,2812.35,1.68,16452.75,54182.00000000001
1249,Tamil Nadu,Tiruchirappalli,2015,Rabi,Millets,2132.37,33.0,37.0,Black,Sprinkler,311.93,10.04,4625.88,2.92,40830.35,168518.0
1250,Tamil Nadu,Tiruchirappalli,2015,Zaid,Maize,447.19,30.3,50.1,Laterite,Tube Well,362.1,57.99,411.06,5.78,63587.94,30766.000000000004
1251,Tamil Nadu,Tiruchirappalli,2015,Zaid,Maize,1942.64,29.5,59.0,Alluvial,Sprinkler,248.89,51.5,4201.52,2.15,39354.19,89985.0
1252,Tamil Nadu,Tiruchirappalli,2015,Rabi,Pulses,1626.81,18.0,70.4,Laterite,Tube Well,322.94,48.58,1906.54,6.28,58800.08,175234.0
1253,Tamil Nadu,Tiruchirappalli,2015,Rabi,Pulses,1634.1,29.4,36.7,Black,Sprinkler,99.93,20.38,2754.67,6.88,30159.47,222598.0
1254,Tamil Nadu,Tiruchirappalli,2015,Zaid,Barley,1229.23,25.9,42.7,Sandy,Rain-fed,380.59,38.63,1009.88,3.0,62436.91,44945.0
1255,Tamil Nadu,Tiruchirappalli,2015,Zaid,Barley,1894.56,22.4,86.7,Red,Drip,268.47,54.58,2905.71,1.95,33459.76,60102.0
1256,Tamil Nadu,Tiruchirappalli,2015,Zaid,Pulses,1700.36,36.6,44.8,Black,Rain-fed,428.01,26.4,4846.28,2.45,62141.43,121305.0
1257,Tamil Nadu,Tiruchirappalli,2015,Rabi,Pulses,584.0,35.2,86.7,Sandy,Rain-fed,92.48,44.08,1909.23,1.39,46228.5,35002.0
1258,Tamil Nadu,Tiruchirappalli,2015,Zaid,Wheat,1497.79,33.1,77.5,Sandy,Canal,164.92,19.39,137.25,3.44,45028.56,7920.999999999999
1259,Tamil Nadu,Tiruchirappalli,2015,Rabi,Rice,2044.98,30.0,44.1,Black,Tube Well,129.66,50.82,1734.71,2.92,54052.93,44880.0
1260,Tamil Nadu,Tiruchirappalli,2015,Rabi,Cotton,558.77,23.9,40.9,Laterite,Sprinkler,381.04,16.13,1161.32,2.47,44827.11,29100.0
1261,Rajasthan,Jaipur,2015,Kharif,Rice,828.67,26.5,81.8,Red,Canal,68.32,57.79,1402.2,7.38,48947.67,149357.0
1262,Rajasthan,Jaipur,2015,Kharif,Wheat,1797.4,21.5,56.1,Laterite,Canal,261.68,59.87,3510.79,5.02,41758.74,247632.00000000003
1263,Rajasthan,Jaipur,2015,Rabi,Cotton,1049.78,22.7,63.3,Laterite,Canal,273.12,47.18,2070.75,7.7,61564.22,216435.0
1264,Rajasthan,Jaipur,2015,Zaid,Pulses,1955.26,29.7,57.9,Red,Rain-fed,351.72,34.64,1469.74,7.5,19325.61,166018.0
1265,Rajasthan,Jaipur,2015,Zaid,Pulses,1719.2,26.4,55.0,Alluvial,Canal,396.72,48.32,4223.72,3.3,38607.65,153954.0
1266,Rajasthan,Jaipur,2015,Kharif,Barley,2173.69,18.5,86.3,Alluvial,Drip,52.5,7.17,864.12,3.44,45875.75,41210.0
1267,Rajasthan,Jaipur,2015,Zaid,Maize,1556.77,34.5,89.5,Black,Tube Well,96.29,22.93,1655.15,2.72,29170.76,57650.0
1268,Rajasthan,Jaipur,2015,Zaid,Maize,1627.59,23.7,50.6,Black,Tube Well,257.92,38.93,1990.55,5.73,49987.09,107679.0
1269,Rajasthan,Jaipur,2015,Zaid,Millets,2017.96,33.8,74.6,Black,Rain-fed,167.07,27.73,3759.81,2.15,56836.05,144275.0
1270,Rajasthan,Jaipur,2015,Kharif,Cotton,776.47,37.2,63.9,Black,Drip,372.15,14.51,2762.49,7.16,51063.45,195900.0
1271,Rajasthan,Jaipur,2015,Rabi,Maize,1981.6,30.9,69.5,Black,Drip,299.63,8.24,3717.65,7.66,39538.3,346103.0
1272,Rajasthan,Jaipur,2015,Rabi,Millets,1021.01,28.7,77.2,Red,Rain-fed,211.61,43.84,3359.27,2.49,21575.26,96200.0
1273,Rajasthan,Jaipur,2015,Zaid,Pulses,1411.67,23.3,42.5,Laterite,Tube Well,111.9,36.42,260.2,2.24,16782.41,9423.0
1274,Rajasthan,Jaipur,2015,Kharif,Sugarcane,1713.2,25.8,65.2,Laterite,Drip,122.66,29.17,692.56,4.62,15356.06,47594.0
1275,Rajasthan,Jaipur,2015,Kharif,Maize,2122.04,36.5,52.9,Laterite,Rain-fed,119.02,36.72,2877.69,5.69,51272.71,275339.0
1276,Rajasthan,Jaipur,2015,Zaid,Rice,1552.64,22.7,65.3,Black,Rain-fed,144.58,14.16,3301.27,6.33,24959.62,287879.0
1277,Rajasthan,Jaipur,2015,Kharif,Cotton,880.2,20.4,74.9,Sandy,Rain-fed,235.21,45.9,2516.2,2.38,32833.34,62708.00000000001
1278,Rajasthan,Jaipur,2015,Zaid,Cotton,1957.78,29.6,87.4,Laterite,Canal,249.25,44.35,670.75,7.72,43991.19,85334.0
1279,Rajasthan,Jodhpur,2015,Kharif,Maize,1427.88,26.8,43.9,Laterite,Rain-fed,182.44,41.67,3019.89,6.75,60265.16,309589.0
1280,Rajasthan,Jodhpur,2015,Rabi,Maize,1443.24,29.2,85.3,Alluvial,Sprinkler,147.21,13.21,4080.37,6.7,17223.49,435566.0
1281,Rajasthan,Jodhpur,2015,Zaid,Sugarcane,711.88,35.7,49.6,Laterite,Rain-fed,271.68,38.36,4704.66,7.66,39487.07,470622.0
1282,Rajasthan,Jodhpur,2015,Kharif,Sugarcane,1647.98,32.4,83.3,Black,Canal,316.94,24.66,1260.3,5.11,60988.04,102958.0
1283,Rajasthan,Jodhpur,2015,Kharif,Cotton,2160.38,22.7,56.3,Black,Sprinkler,82.8,36.5,3991.82,3.54,36391.38,162067.0
1284,Rajasthan,Jodhpur,2015,Rabi,Rice,441.11,21.0,66.7,Red,Sprinkler,361.69,45.14,2975.71,3.74,13273.59,122731.0
1285,Rajasthan,Jodhpur,2015,Kharif,Sugarcane,502.04,34.5,85.1,Black,Tube Well,280.62,59.57,504.97,6.21,38492.86,44175.0
1286,Rajasthan,Jodhpur,2015,Kharif,Wheat,1539.92,32.6,41.4,Alluvial,Canal,112.96,52.67,4627.54,8.21,33735.91,589888.0
1287,Rajasthan,Jodhpur,2015,Zaid,Rice,608.68,25.7,40.7,Sandy,Tube Well,415.31,7.3,3125.79,1.43,19207.3,51088.0
1288,Rajasthan,Jodhpur,2015,Rabi,Sugarcane,756.31,30.5,75.1,Red,Sprinkler,64.81,36.45,2214.1,3.66,40415.87,118340.00000000001
1289,Rajasthan,Jodhpur,2015,Kharif,Rice,669.34,33.7,44.7,Sandy,Rain-fed,86.04,6.25,2836.09,4.08,39815.27,199249.0
1290,Rajasthan,Jodhpur,2015,Kharif,Maize,670.23,23.7,42.1,Alluvial,Drip,386.0,37.53,3533.07,3.88,63286.85,208582.00000000003
1291,Rajasthan,Jodhpur,2015,Rabi,Pulses,630.77,31.9,62.3,Sandy,Rain-fed,56.84,10.34,4847.54,2.07,26599.48,122807.0
1292,Rajasthan,Jodhpur,2015,Rabi,Pulses,1097.26,33.3,42.2,Alluvial,Tube Well,388.54,19.26,467.25,6.62,20277.04,29102.0
1293,Rajasthan,Jodhpur,2015,Rabi,Rice,1051.28,21.2,47.7,Laterite,Sprinkler,247.94,8.32,3035.43,1.65,50098.57,88349.0
1294,Rajasthan,Jodhpur,2015,Zaid,Wheat,1142.21,20.6,82.3,Alluvial,Drip,262.42,56.98,624.49,3.53,62504.47,21132.0
1295,Rajasthan,Jodhpur,2015,Rabi,Cotton,458.29,19.2,35.9,Red,Sprinkler,195.27,54.78,4787.29,5.32,52725.86,318730.0
1296,Rajasthan,Jodhpur,2015,Kharif,Rice,1067.6,29.8,77.8,Red,Tube Well,189.21,20.68,4233.18,8.1,25317.9,562877.0
1297,Rajasthan,Udaipur,2015,Rabi,Barley,404.92,18.9,38.3,Sandy,Drip,97.4,48.1,700.92,2.71,54723.13,29189.0
1298,Rajasthan,Udaipur,2015,Rabi,Rice,1208.79,23.5,86.9,Laterite,Canal,245.59,28.31,308.85,1.3,17163.7,6130.0
1299,Rajasthan,Udaipur,2015,Kharif,Maize,1466.95,35.4,40.9,Laterite,Drip,187.09,8.34,513.73,4.91,33655.1,22744.0
1300,Rajasthan,Udaipur,2015,Zaid,Pulses,543.47,19.0,82.9,Black,Canal,194.45,34.19,1450.18,3.39,54454.41,47931.0
1301,Rajasthan,Udaipur,2015,Kharif,Wheat,1417.24,21.6,64.2,Sandy,Canal,261.25,24.54,2186.95,4.34,25449.31,78748.0
1302,Rajasthan,Udaipur,2015,Rabi,Pulses,758.14,31.4,83.0,Laterite,Tube Well,130.15,27.14,4130.67,7.91,35292.24,344452.0
1303,Rajasthan,Udaipur,2015,Rabi,Maize,542.08,29.7,63.9,Alluvial,Rain-fed,382.28,43.47,2427.52,1.43,63930.61,41760.0
1304,Rajasthan,Udaipur,2015,Zaid,Pulses,1528.31,18.5,38.7,Red,Sprinkler,96.59,29.58,2479.7,4.61,60438.26,95721.0
1305,Rajasthan,Udaipur,2015,Kharif,Sugarcane,1378.98,36.8,38.7,Alluvial,Rain-fed,335.96,46.65,4303.81,5.81,26286.48,200798.0
1306,Rajasthan,Udaipur,2015,Zaid,Maize,476.13,30.2,62.6,Sandy,Tube Well,373.13,21.37,4167.64,7.2,61250.83,358584.0
1307,Rajasthan,Udaipur,2015,Rabi,Sugarcane,1566.45,22.0,67.5,Alluvial,Drip,324.06,49.75,1972.88,5.26,27508.65,125658.0
1308,Rajasthan,Udaipur,2015,Zaid,Sugarcane,1272.92,37.1,61.7,Sandy,Sprinkler,278.41,18.65,4171.49,6.76,35155.37,285076.0
1309,Rajasthan,Udaipur,2015,Zaid,Cotton,1449.16,36.2,89.8,Black,Canal,228.43,5.81,3586.29,7.85,20752.56,346496.0
1310,Rajasthan,Udaipur,2015,Kharif,Sugarcane,1241.08,28.3,80.1,Red,Canal,266.22,14.43,536.21,1.6,20393.0,12572.0
1311,Rajasthan,Udaipur,2015,Kharif,Rice,823.38,31.7,76.3,Alluvial,Tube Well,278.62,37.75,4436.26,6.89,35774.75,289338.0
1312,Rajasthan,Udaipur,2015,Rabi,Wheat,1715.72,28.8,69.4,Red,Rain-fed,435.83,56.03,2590.27,7.15,57124.23,327906.0
1313,Rajasthan,Udaipur,2015,Rabi,Maize,689.29,20.4,87.1,Laterite,Canal,403.38,33.71,3713.48,2.9,64091.37,190884.0
1314,Rajasthan,Udaipur,2015,Zaid,Maize,511.09,18.5,64.7,Alluvial,Rain-fed,217.52,22.61,3366.26,7.25,21530.99,241348.0
1315,Rajasthan,Kota,2015,Rabi,Barley,564.71,31.0,39.6,Sandy,Sprinkler,113.13,54.0,3404.27,5.51,53947.55,262587.0
1316,Rajasthan,Kota,2015,Kharif,Maize,1234.05,33.0,66.8,Alluvial,Rain-fed,449.62,56.16,2437.97,5.84,26158.13,197740.0
1317,Rajasthan,Kota,2015,Zaid,Rice,1822.21,26.5,54.5,Sandy,Sprinkler,67.61,54.48,3247.4,2.49,27058.23,136958.0
1318,Rajasthan,Kota,2015,Zaid,Sugarcane,999.95,25.5,40.9,Alluvial,Sprinkler,422.4,36.96,4309.07,6.01,45982.38,254242.0
1319,Rajasthan,Kota,2015,Rabi,Barley,1663.62,23.7,68.5,Black,Canal,203.49,18.68,1397.67,5.67,13357.91,99302.0
1320,Rajasthan,Kota,2015,Zaid,Millets,420.91,29.2,40.6,Sandy,Drip,106.94,58.97,1842.3,6.75,55752.55,150051.0
1321,Rajasthan,Kota,2015,Kharif,Wheat,1304.56,29.5,78.4,Red,Tube Well,138.8,34.4,2710.25,4.86,44546.25,221331.0
1322,Rajasthan,Kota,2015,Kharif,Millets,672.41,37.8,64.0,Sandy,Drip,290.78,8.75,208.07,7.28,16726.64,13237.0
1323,Rajasthan,Kota,2015,Rabi,Pulses,1590.13,37.7,70.2,Alluvial,Rain-fed,115.3,50.14,1102.4,4.17,24330.39,58616.99999999999
1324,Rajasthan,Kota,2015,Rabi,Maize,2165.82,18.9,49.0,Red,Tube Well,272.52,10.19,1729.01,7.26,13162.34,121205.0
1325,Rajasthan,Kota,2015,Kharif,Maize,871.93,30.3,58.6,Laterite,Tube Well,310.11,53.02,3515.37,3.2,53747.99,136834.0
1326,Rajasthan,Kota,2015,Rabi,Rice,1790.32,20.5,49.2,Laterite,Sprinkler,265.3,46.42,3189.39,5.19,62690.58,253175.0
1327,Rajasthan,Kota,2015,Zaid,Maize,574.42,19.6,49.9,Laterite,Rain-fed,256.79,59.74,3957.66,7.33,44995.02,498710.00000000006
1328,Rajasthan,Kota,2015,Rabi,Barley,1509.64,28.8,79.3,Sandy,Rain-fed,149.59,58.64,2039.56,5.72,35338.37,201863.0
1329,Rajasthan,Kota,2015,Zaid,Rice,989.19,29.8,88.8,Laterite,Rain-fed,371.43,7.71,708.17,2.18,43752.73,15138.0
1330,Rajasthan,Kota,2015,Zaid,Sugarcane,1654.58,25.6,73.2,Sandy,Tube Well,190.5,8.87,485.17,6.18,15278.96,48949.0
1331,Rajasthan,Kota,2015,Kharif,Sugarcane,1158.25,23.0,88.7,Alluvial,Canal,309.05,10.5,2938.42,3.59,43773.17,124370.0
1332,Rajasthan,Kota,2015,Zaid,Cotton,1852.59,24.0,88.4,Sandy,Sprinkler,150.09,7.58,4610.49,8.49,48167.65,420385.00000000006
1333,Rajasthan,Ajmer,2015,Rabi,Barley,1176.41,26.2,53.0,Laterite,Rain-fed,224.32,13.9,4118.94,8.0,28681.62,548702.0
1334,Rajasthan,Ajmer,2015,Rabi,Wheat,1428.18,33.7,52.0,Red,Tube Well,177.57,17.14,3928.17,7.08,13531.24,258884.0
1335,Rajasthan,Ajmer,2015,Kharif,Barley,1809.9,35.1,45.1,Alluvial,Canal,217.49,43.53,365.54,4.09,29702.11,21054.0
1336,Rajasthan,Ajmer,2015,Rabi,Barley,688.48,21.7,44.6,Red,Tube Well,167.64,57.98,4011.14,4.33,58711.77,259473.0
1337,Rajasthan,Ajmer,2015,Zaid,Maize,1774.86,30.3,56.5,Red,Sprinkler,91.46,14.73,3574.79,1.93,31742.99,122284.99999999999
1338,Rajasthan,Ajmer,2015,Zaid,Barley,2188.07,18.1,84.7,Black,Drip,264.74,10.96,2985.17,8.37,37503.62,323451.0
1339,Rajasthan,Ajmer,2015,Rabi,Rice,711.2,29.9,86.8,Red,Drip,227.64,48.21,166.74,7.05,35644.11,21091.0
1340,Rajasthan,Ajmer,2015,Rabi,Barley,537.05,32.6,85.6,Sandy,Tube Well,71.39,34.08,1221.16,6.75,37372.26,84734.0
1341,Rajasthan,Ajmer,2015,Zaid,Wheat,1230.17,25.0,80.0,Black,Sprinkler,117.52,59.09,4745.14,2.48,18779.59,173195.0
1342,Rajasthan,Ajmer,2015,Zaid,Pulses,1981.57,25.2,76.4,Laterite,Rain-fed,430.01,7.59,3411.52,4.33,28191.66,172451.0
1343,Rajasthan,Ajmer,2015,Zaid,Maize,1965.77,34.9,39.2,Laterite,Sprinkler,105.98,15.65,4679.81,8.39,27129.7,525059.0
1344,Rajasthan,Ajmer,2015,Kharif,Rice,1211.35,36.0,56.9,Sandy,Sprinkler,132.51,41.55,3260.82,6.15,20816.95,194468.0
1345,Rajasthan,Ajmer,2015,Kharif,Barley,1633.15,34.4,84.4,Alluvial,Rain-fed,191.45,5.69,2760.22,7.05,15565.39,308247.0
1346,Rajasthan,Ajmer,2015,Kharif,Pulses,1686.56,21.9,56.3,Red,Drip,447.73,58.84,1692.5,5.18,55976.41,93525.0
1347,Rajasthan,Ajmer,2015,Rabi,Cotton,421.27,35.2,82.5,Sandy,Canal,365.14,45.72,2622.04,6.42,33005.97,214487.0
1348,Rajasthan,Ajmer,2015,Zaid,Barley,1021.61,21.4,49.0,Red,Canal,416.72,57.55,1382.1,4.32,55770.15,60320.00000000001
1349,Rajasthan,Ajmer,2015,Kharif,Millets,1484.98,22.3,73.8,Sandy,Canal,270.99,5.86,3462.58,6.72,54424.01,341935.0
1350,Rajasthan,Ajmer,2015,Zaid,Maize,1365.94,37.2,63.2,Sandy,Drip,152.18,34.64,1991.38,5.74,42701.83,204397.0
1351,West Bengal,Kolkata,2015,Kharif,Wheat,950.94,37.7,61.5,Alluvial,Canal,331.23,51.06,612.81,7.33,48094.26,47335.0
1352,West Bengal,Kolkata,2015,Kharif,Barley,1678.85,21.5,42.3,Black,Canal,131.49,35.62,1209.28,4.48,39637.56,56249.0
1353,West Bengal,Kolkata,2015,Zaid,Millets,454.15,36.4,43.6,Black,Drip,402.63,16.55,944.77,7.53,60980.15,107543.0
1354,West Bengal,Kolkata,2015,Kharif,Maize,618.03,34.3,35.8,Alluvial,Canal,142.01,53.89,179.76,6.25,32454.81,13863.999999999998
1355,West Bengal,Kolkata,2015,Zaid,Millets,1686.76,20.4,65.1,Red,Rain-fed,377.13,15.41,1980.21,1.88,15270.73,56754.0
1356,West Bengal,Kolkata,2015,Kharif,Sugarcane,1554.08,19.7,63.1,Red,Rain-fed,68.95,31.54,2163.59,6.68,57379.37,208339.0
1357,West Bengal,Kolkata,2015,Rabi,Barley,1959.44,29.8,80.8,Black,Canal,366.04,6.92,1072.92,6.84,12895.79,120010.99999999999
1358,West Bengal,Kolkata,2015,Rabi,Pulses,1871.27,23.6,53.1,Laterite,Tube Well,346.88,25.86,4187.05,3.62,59855.79,128241.00000000001
1359,West Bengal,Kolkata,2015,Kharif,Cotton,565.65,18.3,70.6,Red,Canal,416.46,21.45,524.05,1.86,56558.34,17478.0
1360,West Bengal,Kolkata,2015,Zaid,Millets,1374.98,20.0,68.8,Black,Tube Well,418.96,37.53,3884.89,4.63,39708.02,146602.0
1361,West Bengal,Kolkata,2015,Zaid,Barley,1386.82,23.9,42.7,Black,Sprinkler,263.72,36.21,3146.97,2.36,44167.46,117708.99999999999
1362,West Bengal,Kolkata,2015,Kharif,Barley,1404.45,28.4,69.9,Red,Sprinkler,97.33,34.1,3442.43,5.88,53424.23,176637.0
1363,West Bengal,Kolkata,2015,Rabi,Barley,725.1,27.1,39.3,Red,Tube Well,231.79,25.74,3496.75,2.93,13180.68,90875.0
1364,West Bengal,Kolkata,2015,Rabi,Maize,1084.25,24.1,39.3,Red,Rain-fed,391.91,46.86,4903.95,5.37,61529.79,458412.0
1365,West Bengal,Kolkata,2015,Kharif,Pulses,2148.73,20.4,61.8,Alluvial,Sprinkler,166.31,9.96,3764.97,4.76,32410.12,176503.0
1366,West Bengal,Kolkata,2015,Zaid,Maize,904.6,30.2,67.6,Alluvial,Tube Well,425.99,28.97,967.43,2.23,61980.33,24470.0
1367,West Bengal,Kolkata,2015,Rabi,Wheat,1860.09,35.6,85.2,Red,Tube Well,155.73,45.23,1405.37,2.16,55635.3,34807.0
1368,West Bengal,Kolkata,2015,Kharif,Wheat,974.13,33.6,42.0,Alluvial,Canal,387.97,12.78,4238.36,3.88,56016.74,248367.0
1369,West Bengal,Howrah,2015,Kharif,Barley,795.2,32.1,53.8,Sandy,Drip,160.04,7.91,941.22,7.24,26757.64,113427.0
1370,West Bengal,Howrah,2015,Rabi,Pulses,1997.36,35.7,50.4,Laterite,Drip,73.36,31.7,3294.55,7.86,39385.64,248831.0
1371,West Bengal,Howrah,2015,Rabi,Rice,645.25,26.4,56.4,Sandy,Canal,423.58,55.83,3994.72,3.92,37517.93,134500.0
1372,West Bengal,Howrah,2015,Rabi,Rice,609.1,25.4,35.1,Alluvial,Canal,121.2,30.51,4055.59,8.36,46817.67,378032.0
1373,West Bengal,Howrah,2015,Rabi,Pulses,809.34,34.3,78.7,Alluvial,Canal,71.3,36.32,1078.09,1.44,15756.65,19098.0
1374,West Bengal,Howrah,2015,Zaid,Millets,861.57,32.0,89.3,Black,Sprinkler,84.65,32.73,3947.52,5.3,29343.13,228683.0
1375,West Bengal,Howrah,2015,Zaid,Millets,1143.77,29.1,46.7,Alluvial,Sprinkler,392.99,23.95,3016.37,3.24,37027.52,89479.0
1376,West Bengal,Howrah,2015,Kharif,Maize,2159.33,22.0,52.1,Red,Sprinkler,265.37,16.73,3875.51,6.85,13882.65,300592.0
1377,West Bengal,Howrah,2015,Kharif,Barley,799.2,21.7,60.8,Red,Drip,168.71,58.4,3939.99,6.52,35206.07,340123.0
1378,West Bengal,Howrah,2015,Rabi,Barley,1353.89,26.1,50.0,Red,Sprinkler,268.27,7.14,2203.41,2.61,41041.55,102925.0
1379,West Bengal,Howrah,2015,Kharif,Sugarcane,1384.89,37.4,52.5,Sandy,Canal,141.14,55.66,4009.19,5.8,57039.91,280410.0
1380,West Bengal,Howrah,2015,Rabi,Pulses,1001.19,26.9,59.4,Black,Drip,160.68,7.76,1864.52,5.73,30679.28,124382.0
1381,West Bengal,Howrah,2015,Kharif,Maize,1712.54,18.2,36.9,Sandy,Canal,424.77,54.63,1690.31,1.51,45334.04,28318.0
1382,West Bengal,Howrah,2015,Rabi,Sugarcane,579.51,19.7,40.5,Laterite,Tube Well,361.56,56.78,564.3,8.4,13012.12,53494.00000000001
1383,West Bengal,Howrah,2015,Kharif,Wheat,1636.13,21.5,69.9,Black,Canal,212.45,39.15,4604.95,3.5,60755.61,172141.0
1384,West Bengal,Howrah,2015,Zaid,Rice,1600.35,21.6,84.6,Alluvial,Canal,363.97,54.51,1850.99,8.22,12560.51,252561.0
1385,West Bengal,Howrah,2015,Zaid,Pulses,599.79,22.3,74.6,Sandy,Rain-fed,123.24,53.32,4836.4,5.98,48378.86,306463.0
1386,West Bengal,Howrah,2015,Rabi,Wheat,1188.51,18.9,80.9,Sandy,Rain-fed,89.96,29.36,1037.19,2.14,43532.9,18856.0
1387,West Bengal,Darjeeling,2015,Zaid,Wheat,2044.22,31.3,80.6,Alluvial,Drip,69.26,59.04,1510.44,6.15,23460.29,102558.99999999999
1388,West Bengal,Darjeeling,2015,Zaid,Rice,405.41,25.0,86.6,Red,Sprinkler,401.31,28.56,2581.76,6.3,52296.81,140597.0
1389,West Bengal,Darjeeling,2015,Rabi,Rice,2119.74,37.8,53.5,Sandy,Rain-fed,296.15,54.05,4803.24,3.82,52278.16,191489.0
1390,West Bengal,Darjeeling,2015,Zaid,Maize,482.27,25.8,36.8,Alluvial,Canal,213.02,31.78,4708.79,1.3,13018.74,83937.0
1391,West Bengal,Darjeeling,2015,Kharif,Barley,1690.83,27.6,37.4,Black,Sprinkler,328.18,18.29,2447.01,3.15,48051.56,116905.0
1392,West Bengal,Darjeeling,2015,Rabi,Cotton,952.16,32.0,89.3,Red,Canal,394.76,6.13,2023.89,4.55,52214.43,151622.0
1393,West Bengal,Darjeeling,2015,Rabi,Sugarcane,689.22,25.0,35.6,Sandy,Rain-fed,247.29,59.2,1634.21,2.15,32731.64,38153.0
1394,West Bengal,Darjeeling,2015,Kharif,Maize,1447.8,30.6,71.4,Alluvial,Sprinkler,279.07,47.85,1172.29,2.82,29544.59,29595.999999999996
1395,West Bengal,Darjeeling,2015,Rabi,Wheat,1557.67,35.8,81.1,Black,Canal,68.56,18.44,3222.31,8.2,41456.65,320776.0
1396,West Bengal,Darjeeling,2015,Rabi,Maize,1995.52,20.3,56.1,Red,Sprinkler,227.63,48.7,3119.7,1.25,59508.39,44242.0
1397,West Bengal,Darjeeling,2015,Kharif,Millets,981.9,29.3,45.2,Laterite,Drip,118.4,45.53,3878.22,3.48,32947.79,139138.0
1398,West Bengal,Darjeeling,2015,Kharif,Wheat,1992.54,20.8,55.4,Laterite,Canal,258.26,9.28,2363.52,4.58,13307.2,151098.0
1399,West Bengal,Darjeeling,2015,Zaid,Rice,1842.08,34.8,47.4,Black,Canal,350.77,5.34,1026.32,6.31,20917.17,93711.0
1400,West Bengal,Darjeeling,2015,Kharif,Pulses,2032.43,28.5,41.8,Sandy,Tube Well,279.14,31.89,120.95,3.87,17006.56,4243.0
1401,West Bengal,Darjeeling,2015,Zaid,Sugarcane,1363.95,24.6,65.3,Alluvial,Tube Well,342.13,53.44,2887.98,4.59,63559.04,128247.0
1402,West Bengal,Darjeeling,2015,Rabi,Wheat,1675.89,33.0,77.5,Sandy,Drip,416.87,31.33,3851.38,6.31,57478.25,210741.0
1403,West Bengal,Darjeeling,2015,Rabi,Millets,2018.59,34.1,50.2,Black,Canal,434.58,22.1,361.76,1.9,39237.42,6654.000000000001
1404,West Bengal,Darjeeling,2015,Kharif,Wheat,719.74,22.3,51.2,Red,Rain-fed,100.98,55.96,4898.97,2.19,62112.26,92177.0
1405,West Bengal,Siliguri,2015,Zaid,Millets,2177.33,31.1,75.2,Sandy,Drip,419.82,52.31,3764.09,1.68,63618.72,111079.0
1406,West Bengal,Siliguri,2015,Kharif,Wheat,1611.63,32.7,75.4,Black,Tube Well,101.03,39.87,4895.51,3.22,49862.89,149638.0
1407,West Bengal,Siliguri,2015,Rabi,Millets,1046.52,36.6,73.2,Red,Canal,91.29,25.51,1050.42,7.76,52243.11,106238.00000000001
1408,West Bengal,Siliguri,2015,Rabi,Barley,856.24,21.9,72.5,Laterite,Sprinkler,379.95,23.94,3985.93,2.88,55893.37,144288.0
1409,West Bengal,Siliguri,2015,Zaid,Rice,1499.99,22.5,77.2,Alluvial,Tube Well,323.51,40.85,4954.27,1.85,48179.72,147834.0
1410,West Bengal,Siliguri,2015,Zaid,Cotton,1080.62,30.2,82.3,Sandy,Rain-fed,113.65,46.2,2701.34,2.07,53613.38,59478.0
1411,West Bengal,Siliguri,2015,Rabi,Rice,1516.16,25.8,43.3,Sandy,Rain-fed,82.46,52.77,4700.54,4.26,12741.58,171383.0
1412,West Bengal,Siliguri,2015,Zaid,Barley,1914.58,36.1,60.3,Laterite,Rain-fed,351.26,54.0,1977.51,6.31,61282.66,110320.0
1413,West Bengal,Siliguri,2015,Rabi,Pulses,508.8,29.6,77.8,Sandy,Drip,363.29,21.53,277.27,8.25,32750.36,22791.0
1414,West Bengal,Siliguri,2015,Kharif,Sugarcane,1421.6,24.9,51.6,Alluvial,Rain-fed,291.81,14.2,1029.89,7.38,32423.04,93779.0
1415,West Bengal,Siliguri,2015,Kharif,Maize,860.31,33.7,71.6,Sandy,Sprinkler,417.85,45.64,4710.11,5.25,28989.75,364370.0
1416,West Bengal,Siliguri,2015,Rabi,Wheat,1360.84,27.9,89.2,Alluvial,Sprinkler,430.15,38.97,3725.54,7.99,19818.5,309608.0
1417,West Bengal,Siliguri,2015,Kharif,Barley,874.61,22.0,53.6,Red,Canal,145.77,12.37,4831.9,8.42,62203.44,721789.0
1418,West Bengal,Siliguri,2015,Zaid,Pulses,1356.93,22.5,49.3,Sandy,Tube Well,130.92,49.84,4063.69,2.96,16170.34,196601.0
1419,West Bengal,Siliguri,2015,Rabi,Barley,450.38,37.6,49.7,Laterite,Sprinkler,395.43,47.81,2012.98,6.24,47782.39,163215.0
1420,West Bengal,Siliguri,2015,Rabi,Cotton,1699.14,36.9,85.4,Laterite,Tube Well,184.2,15.97,4838.57,4.39,41908.84,380459.0
1421,West Bengal,Siliguri,2015,Zaid,Barley,2132.1,19.3,46.5,Red,Sprinkler,162.14,9.35,1781.96,3.9,40380.78,118718.0
1422,West Bengal,Siliguri,2015,Rabi,Cotton,1314.48,34.3,45.2,Black,Canal,209.64,12.84,3953.98,3.91,32208.2,170383.0
1423,West Bengal,Malda,2015,Rabi,Sugarcane,424.38,35.4,50.2,Alluvial,Rain-fed,145.84,47.73,2983.66,2.07,21624.41,56978.0
1424,West Bengal,Malda,2015,Zaid,Sugarcane,846.06,35.9,86.8,Laterite,Drip,376.63,21.55,1652.0,3.46,50074.9,48919.0
1425,West Bengal,Malda,2015,Kharif,Millets,806.81,37.2,72.4,Black,Canal,57.23,34.38,3462.67,2.09,61827.77,117380.0
1426,West Bengal,Malda,2015,Kharif,Rice,1063.05,29.0,40.1,Laterite,Sprinkler,423.01,20.45,866.45,3.85,63381.43,36006.0
1427,West Bengal,Malda,2015,Zaid,Millets,867.57,34.9,70.8,Alluvial,Sprinkler,321.49,7.67,2536.38,5.89,20670.83,216336.0
1428,West Bengal,Malda,2015,Kharif,Barley,1833.94,35.5,80.1,Black,Tube Well,139.03,29.46,2319.54,5.41,33216.17,141037.0
1429,West Bengal,Malda,2015,Kharif,Wheat,600.66,36.2,70.5,Alluvial,Rain-fed,68.66,46.98,3531.3,7.15,55124.58,437417.0
1430,West Bengal,Malda,2015,Rabi,Pulses,1568.34,31.2,37.5,Laterite,Drip,60.13,13.36,4296.04,2.5,18785.25,119128.0
1431,West Bengal,Malda,2015,Zaid,Rice,1165.76,30.1,47.5,Alluvial,Tube Well,279.47,48.55,3869.27,2.79,33093.79,173385.0
1432,West Bengal,Malda,2015,Zaid,Maize,2035.18,22.0,45.9,Black,Sprinkler,298.97,24.31,855.46,6.86,21328.54,89250.0
1433,West Bengal,Malda,2015,Kharif,Millets,1811.37,24.9,74.6,Black,Tube Well,436.54,24.37,4476.93,6.01,23300.06,278382.0
1434,West Bengal,Malda,2015,Kharif,Sugarcane,1658.76,21.8,63.7,Red,Drip,293.17,5.08,1881.59,4.66,48755.12,148569.0
1435,West Bengal,Malda,2015,Kharif,Maize,807.95,26.5,62.9,Laterite,Sprinkler,438.8,30.82,549.03,1.56,63734.53,7242.0
1436,West Bengal,Malda,2015,Kharif,Millets,1818.24,20.4,62.8,Red,Sprinkler,113.36,51.94,1967.55,1.92,38043.79,36114.0
1437,West Bengal,Malda,2015,Zaid,Sugarcane,2007.31,29.2,65.8,Red,Sprinkler,434.76,43.83,4821.92,4.8,54069.06,331038.0
1438,West Bengal,Malda,2015,Kharif,Cotton,1802.83,27.6,52.8,Black,Drip,351.5,12.21,1128.12,8.28,23484.62,139258.0
1439,West Bengal,Malda,2015,Zaid,Wheat,1542.53,33.1,51.1,Black,Drip,448.86,24.04,4952.91,7.46,42001.9,560643.0
1440,West Bengal,Malda,2015,Zaid,Pulses,1129.05,25.5,80.2,Laterite,Drip,297.17,59.62,1134.21,5.99,59711.56,70809.0
1441,Uttarakhand,Dehradun,2016,Kharif,Rice,1939.15,20.3,38.0,Sandy,Rain-fed,208.73,48.61,1451.32,7.24,12334.58,154356.0
1442,Uttarakhand,Dehradun,2016,Zaid,Rice,1575.76,24.5,35.7,Laterite,Drip,314.0,17.09,1988.3,4.13,15038.59,130118.0
1443,Uttarakhand,Dehradun,2016,Zaid,Millets,1582.33,25.7,52.3,Alluvial,Rain-fed,160.74,31.19,1871.51,3.04,15854.24,55430.99999999999
1444,Uttarakhand,Dehradun,2016,Kharif,Rice,1170.61,32.4,39.0,Sandy,Tube Well,276.49,55.51,1776.88,4.33,12896.07,133362.0
1445,Uttarakhand,Dehradun,2016,Kharif,Sugarcane,1463.68,27.0,62.3,Alluvial,Canal,371.94,8.31,4036.8,7.12,12962.49,278432.0
1446,Uttarakhand,Dehradun,2016,Rabi,Millets,572.97,32.6,39.9,Laterite,Sprinkler,172.99,56.74,2900.71,6.69,34789.81,338948.0
1447,Uttarakhand,Dehradun,2016,Kharif,Millets,1130.77,29.3,63.8,Black,Tube Well,136.25,14.07,2503.69,4.73,16234.85,166024.0
1448,Uttarakhand,Dehradun,2016,Zaid,Barley,1614.91,18.6,87.8,Black,Sprinkler,328.18,58.01,2720.35,4.67,40868.92,146403.0
1449,Uttarakhand,Dehradun,2016,Rabi,Cotton,765.43,30.1,69.6,Black,Drip,202.89,21.98,251.3,4.94,50429.3,17110.0
1450,Uttarakhand,Dehradun,2016,Zaid,Rice,660.52,21.2,67.2,Laterite,Rain-fed,190.79,6.29,1810.62,7.1,26431.23,139197.0
1451,Uttarakhand,Dehradun,2016,Rabi,Millets,412.4,19.0,42.7,Sandy,Tube Well,437.27,30.53,1600.23,5.18,52413.31,107461.99999999999
1452,Uttarakhand,Dehradun,2016,Kharif,Millets,2062.04,35.7,39.9,Alluvial,Tube Well,376.49,26.21,1803.04,6.24,13790.06,186530.0
1453,Uttarakhand,Dehradun,2016,Rabi,Sugarcane,1035.41,32.0,60.9,Alluvial,Canal,65.05,45.65,4877.75,5.32,44672.31,457462.0
1454,Uttarakhand,Dehradun,2016,Kharif,Pulses,647.24,31.9,47.3,Sandy,Drip,132.36,43.21,3008.47,6.45,21500.05,223108.0
1455,Uttarakhand,Dehradun,2016,Zaid,Millets,1144.35,22.1,51.5,Red,Sprinkler,444.98,51.93,3109.0,7.89,44900.54,333508.0
1456,Uttarakhand,Dehradun,2016,Kharif,Barley,1027.63,23.6,71.2,Red,Rain-fed,149.21,58.48,3793.22,7.59,61931.07,314439.0
1457,Uttarakhand,Dehradun,2016,Rabi,Rice,1825.07,24.1,41.7,Red,Sprinkler,277.75,38.19,1298.48,5.63,56190.52,127549.0
1458,Uttarakhand,Dehradun,2016,Kharif,Millets,913.16,29.5,49.8,Alluvial,Sprinkler,213.97,5.94,3819.45,7.31,49079.23,271199.0
1459,Uttarakhand,Haridwar,2016,Zaid,Pulses,1300.91,20.6,74.8,Red,Canal,339.42,17.02,2920.54,7.17,46054.9,352286.0
1460,Uttarakhand,Haridwar,2016,Rabi,Sugarcane,683.85,37.3,89.9,Red,Rain-fed,354.1,29.5,399.9,2.47,57602.33,15426.0
1461,Uttarakhand,Haridwar,2016,Kharif,Pulses,746.89,30.6,78.1,Red,Rain-fed,198.22,30.99,2969.47,7.47,18660.03,231676.00000000003
1462,Uttarakhand,Haridwar,2016,Kharif,Barley,1926.86,25.6,38.5,Black,Canal,339.41,17.29,367.58,1.4,59553.66,8618.0
1463,Uttarakhand,Haridwar,2016,Rabi,Sugarcane,1720.91,27.2,82.2,Alluvial,Sprinkler,395.73,34.08,3015.04,2.59,42864.56,111511.99999999999
1464,Uttarakhand,Haridwar,2016,Rabi,Barley,2147.53,19.6,66.6,Laterite,Drip,137.36,8.78,3558.5,5.23,22025.09,278376.0
1465,Uttarakhand,Haridwar,2016,Zaid,Rice,530.46,36.7,65.3,Black,Canal,69.22,16.26,4462.22,2.59,33591.97,200261.0
1466,Uttarakhand,Haridwar,2016,Zaid,Sugarcane,750.83,27.2,45.1,Laterite,Sprinkler,212.63,41.08,191.71,2.89,35890.4,7643.000000000001
1467,Uttarakhand,Haridwar,2016,Kharif,Wheat,458.81,33.8,89.4,Black,Canal,310.45,44.09,4496.21,5.35,26870.73,373633.0
1468,Uttarakhand,Haridwar,2016,Rabi,Millets,1188.68,23.7,60.6,Alluvial,Drip,125.33,7.06,1118.41,3.53,20223.79,52766.99999999999
1469,Uttarakhand,Haridwar,2016,Kharif,Maize,1867.12,30.2,50.4,Black,Drip,206.34,14.96,3782.87,6.53,51956.26,385051.0
1470,Uttarakhand,Haridwar,2016,Kharif,Maize,1522.5,22.7,42.5,Black,Rain-fed,103.78,27.07,4958.38,2.77,58524.18,141429.0
1471,Uttarakhand,Haridwar,2016,Kharif,Barley,1243.2,19.4,73.1,Laterite,Sprinkler,318.13,28.53,2335.84,8.01,12567.43,309821.0
1472,Uttarakhand,Haridwar,2016,Kharif,Pulses,1751.63,24.3,84.4,Sandy,Sprinkler,72.67,20.29,1913.96,1.61,61902.79,29983.999999999996
1473,Uttarakhand,Haridwar,2016,Zaid,Cotton,1868.92,21.4,36.6,Alluvial,Canal,158.34,55.48,3982.78,1.54,40629.74,77187.0
1474,Uttarakhand,Haridwar,2016,Rabi,Millets,1691.86,37.2,71.4,Sandy,Tube Well,102.96,7.87,1929.17,4.41,58569.72,103248.0
1475,Uttarakhand,Haridwar,2016,Kharif,Rice,1897.05,27.5,70.0,Red,Canal,248.08,50.37,2128.21,5.74,56117.45,212034.0
1476,Uttarakhand,Haridwar,2016,Kharif,Barley,1047.57,28.8,64.5,Black,Drip,418.2,13.47,3420.43,5.79,29992.36,331169.0
1477,Uttarakhand,Nainital,2016,Zaid,Pulses,1477.83,34.1,67.2,Black,Drip,325.24,26.19,3815.42,3.26,25500.29,162585.0
1478,Uttarakhand,Nainital,2016,Rabi,Millets,848.39,21.8,66.5,Sandy,Canal,426.2,48.69,588.68,1.82,63904.3,9849.0
1479,Uttarakhand,Nainital,2016,Kharif,Sugarcane,1654.4,37.7,65.4,Laterite,Rain-fed,372.94,45.85,344.98,7.89,63727.89,23788.0
1480,Uttarakhand,Nainital,2016,Zaid,Wheat,1836.29,36.7,67.9,Alluvial,Tube Well,191.01,37.33,3135.19,3.04,30812.86,133260.0
1481,Uttarakhand,Nainital,2016,Rabi,Rice,710.79,20.8,62.1,Black,Drip,205.12,19.0,1179.53,4.52,20668.14,61883.00000000001
1482,Uttarakhand,Nainital,2016,Zaid,Rice,1076.22,25.5,52.6,Alluvial,Sprinkler,374.36,37.51,3265.64,7.4,22194.96,240521.0
1483,Uttarakhand,Nainital,2016,Rabi,Sugarcane,764.24,23.8,51.6,Alluvial,Rain-fed,400.88,50.84,1593.19,7.34,38452.07,163625.0
1484,Uttarakhand,Nainital,2016,Kharif,Millets,437.46,21.3,82.3,Laterite,Tube Well,295.54,25.76,2586.69,3.75,44440.1,162472.0
1485,Uttarakhand,Nainital,2016,Kharif,Cotton,1523.05,36.1,56.8,Laterite,Tube Well,303.86,16.51,4743.38,5.56,28776.22,272480.0
1486,Uttarakhand,Nainital,2016,Zaid,Millets,974.03,21.4,85.2,Black,Canal,276.9,5.96,494.71,4.12,40765.06,19195.0
1487,Uttarakhand,Nainital,2016,Kharif,Pulses,1430.87,36.5,43.3,Sandy,Rain-fed,164.34,8.92,4627.9,8.17,52736.06,385044.0
1488,Uttarakhand,Nainital,2016,Zaid,Pulses,1763.41,32.0,57.1,Red,Drip,224.36,30.48,3628.99,2.33,33656.09,137544.0
1489,Uttarakhand,Nainital,2016,Kharif,Wheat,1176.64,19.5,71.5,Sandy,Canal,299.4,6.49,3377.23,3.68,22310.18,189387.0
1490,Uttarakhand,Nainital,2016,Kharif,Wheat,890.7,28.7,81.8,Alluvial,Rain-fed,331.75,13.64,4112.72,1.81,57076.7,66576.0
1491,Uttarakhand,Nainital,2016,Kharif,Cotton,1320.45,36.2,41.2,Alluvial,Sprinkler,199.0,13.45,2233.66,4.25,38473.69,114056.0
1492,Uttarakhand,Nainital,2016,Rabi,Rice,1355.51,23.2,64.5,Black,Sprinkler,205.79,59.39,3775.38,7.31,47707.12,232536.0
1493,Uttarakhand,Nainital,2016,Rabi,Millets,1196.04,28.5,48.5,Red,Canal,175.47,23.0,3710.07,4.03,33291.51,261014.0
1494,Uttarakhand,Nainital,2016,Kharif,Barley,1703.6,22.4,71.2,Red,Canal,94.72,12.75,4657.79,7.1,21489.42,328490.0
1495,Uttarakhand,Almora,2016,Zaid,Wheat,911.78,30.2,64.3,Alluvial,Canal,368.34,11.2,3690.42,8.04,60602.94,406003.0
1496,Uttarakhand,Almora,2016,Kharif,Millets,1952.86,26.9,80.4,Sandy,Drip,212.5,38.52,4886.14,3.23,48604.7,141493.0
1497,Uttarakhand,Almora,2016,Rabi,Rice,1723.64,18.4,47.1,Black,Drip,222.8,27.54,3713.75,6.64,49430.21,212659.0
1498,Uttarakhand,Almora,2016,Kharif,Pulses,748.11,25.9,83.0,Sandy,Canal,51.54,39.75,1700.52,2.51,24946.4,56745.00000000001
1499,Uttarakhand,Almora,2016,Zaid,Pulses,1395.67,21.2,58.0,Laterite,Drip,374.13,14.4,3913.93,6.8,15309.73,332977.0
1500,Uttarakhand,Almora,2016,Zaid,Millets,1761.32,36.7,82.2,Black,Drip,120.92,35.57,4458.72,7.64,38584.89,576699.0
1501,Uttarakhand,Almora,2016,Kharif,Millets,1133.52,32.9,62.8,Laterite,Tube Well,304.0,53.58,4821.03,7.87,51752.25,594909.0
1502,Uttarakhand,Almora,2016,Kharif,Rice,846.1,29.0,88.1,Sandy,Drip,93.46,58.52,1030.37,6.05,53928.4,62408.00000000001
1503,Uttarakhand,Almora,2016,Rabi,Rice,1611.45,35.0,75.2,Alluvial,Tube Well,139.52,54.37,2359.32,5.58,57375.33,174878.0
1504,Uttarakhand,Almora,2016,Zaid,Millets,1287.42,19.9,37.4,Alluvial,Rain-fed,352.21,44.78,4145.06,2.42,45644.62,173972.0
1505,Uttarakhand,Almora,2016,Rabi,Sugarcane,1786.58,30.4,60.7,Sandy,Sprinkler,227.84,27.54,2357.16,4.87,17865.46,203178.0
1506,Uttarakhand,Almora,2016,Rabi,Sugarcane,1373.83,24.0,71.3,Laterite,Sprinkler,121.28,42.16,4954.31,7.2,19985.79,424767.0
1507,Uttarakhand,Almora,2016,Kharif,Barley,1774.69,30.2,54.5,Red,Rain-fed,381.77,12.61,2296.27,3.45,38883.18,108177.0
1508,Uttarakhand,Almora,2016,Rabi,Sugarcane,1484.22,31.4,69.6,Laterite,Drip,53.61,29.44,1559.52,2.2,57667.62,28219.0
1509,Uttarakhand,Almora,2016,Rabi,Barley,1161.49,37.8,51.7,Red,Tube Well,355.79,36.58,2042.15,1.36,12203.9,43933.0
1510,Uttarakhand,Almora,2016,Rabi,Cotton,1406.47,31.7,81.8,Alluvial,Tube Well,163.69,20.17,4772.68,2.61,44237.92,162444.0
1511,Uttarakhand,Almora,2016,Rabi,Millets,836.56,34.8,63.5,Sandy,Sprinkler,301.97,16.34,3692.07,5.12,40260.55,339740.0
1512,Uttarakhand,Almora,2016,Kharif,Wheat,877.4,24.3,78.6,Black,Tube Well,116.67,40.2,4050.4,7.59,29313.35,298480.0
1513,Uttarakhand,Pauri,2016,Rabi,Maize,2130.12,18.8,57.0,Sandy,Canal,271.15,54.6,188.58,5.17,26339.66,15927.000000000002
1514,Uttarakhand,Pauri,2016,Kharif,Sugarcane,400.98,35.5,66.5,Sandy,Sprinkler,125.98,41.61,301.63,4.72,47338.14,19090.0
1515,Uttarakhand,Pauri,2016,Rabi,Millets,871.44,35.1,89.7,Alluvial,Canal,271.33,27.88,4340.92,1.31,61049.08,70916.0
1516,Uttarakhand,Pauri,2016,Kharif,Wheat,783.14,31.6,74.6,Red,Tube Well,353.91,27.18,3001.65,7.55,43611.33,327484.0
1517,Uttarakhand,Pauri,2016,Kharif,Cotton,574.76,23.2,66.1,Sandy,Tube Well,380.19,58.83,3358.34,7.75,27592.05,325034.0
1518,Uttarakhand,Pauri,2016,Zaid,Wheat,1576.53,28.6,43.9,Alluvial,Canal,401.27,49.2,253.03,5.81,22814.38,17235.0
1519,Uttarakhand,Pauri,2016,Rabi,Sugarcane,888.49,23.9,87.2,Sandy,Tube Well,150.83,38.08,4696.9,4.07,26535.71,218490.0
1520,Uttarakhand,Pauri,2016,Kharif,Pulses,696.7,36.8,55.8,Red,Tube Well,364.96,11.93,1685.68,3.71,43659.9,104580.0
1521,Uttarakhand,Pauri,2016,Rabi,Maize,731.63,35.1,41.9,Laterite,Rain-fed,53.17,17.98,4666.16,5.93,27629.45,440824.0
1522,Uttarakhand,Pauri,2016,Kharif,Millets,2021.38,24.1,50.9,Sandy,Drip,364.19,25.48,1191.9,4.39,21048.29,86236.0
1523,Uttarakhand,Pauri,2016,Kharif,Pulses,410.99,34.6,88.3,Alluvial,Drip,164.99,45.08,1168.99,2.41,55931.67,47879.0
1524,Uttarakhand,Pauri,2016,Rabi,Barley,629.91,21.7,40.0,Laterite,Drip,397.57,56.11,3917.75,2.93,53276.45,108268.0
1525,Uttarakhand,Pauri,2016,Zaid,Barley,1790.32,28.7,65.0,Red,Drip,148.55,24.06,1672.83,6.13,41369.62,99568.0
1526,Uttarakhand,Pauri,2016,Kharif,Pulses,651.9,35.2,40.6,Sandy,Canal,96.26,32.63,2497.34,5.69,35777.21,121457.0
1527,Uttarakhand,Pauri,2016,Rabi,Pulses,955.32,19.9,59.7,Sandy,Rain-fed,172.9,30.94,3846.96,5.86,30900.97,212164.0
1528,Uttarakhand,Pauri,2016,Zaid,Rice,1899.88,34.9,41.5,Black,Canal,282.23,43.63,4901.91,4.55,25777.75,367432.0
1529,Uttarakhand,Pauri,2016,Zaid,Pulses,816.46,28.2,36.7,Sandy,Sprinkler,128.09,34.14,2164.3,7.58,15638.33,164224.0
1530,Uttarakhand,Pauri,2016,Rabi,Maize,1168.82,18.7,61.1,Black,Canal,263.98,14.63,4576.68,1.7,54103.41,99582.0
1531,Uttar Pradesh,Lucknow,2016,Rabi,Cotton,1888.98,26.7,52.4,Black,Tube Well,75.04,14.98,2281.33,3.43,29315.88,114314.00000000001
1532,Uttar Pradesh,Lucknow,2016,Rabi,Wheat,582.75,29.3,40.9,Laterite,Drip,219.94,31.31,1533.43,7.55,38317.89,177739.0
1533,Uttar Pradesh,Lucknow,2016,Rabi,Barley,1459.93,19.3,52.1,Red,Rain-fed,133.96,26.78,2979.54,5.4,59098.92,229936.0
1534,Uttar Pradesh,Lucknow,2016,Zaid,Wheat,1497.26,29.5,78.5,Black,Rain-fed,325.8,11.17,2708.1,5.24,37423.6,195465.0
1535,Uttar Pradesh,Lucknow,2016,Zaid,Maize,571.36,19.7,67.7,Sandy,Rain-fed,315.43,20.98,1508.7,5.95,32662.71,137894.0
1536,Uttar Pradesh,Lucknow,2016,Zaid,Millets,1449.11,26.8,65.9,Black,Sprinkler,400.74,50.31,4460.18,3.6,49628.87,184415.0
1537,Uttar Pradesh,Lucknow,2016,Kharif,Rice,1916.66,19.0,42.9,Black,Rain-fed,226.44,37.11,3682.53,5.65,59551.28,342415.0
1538,Uttar Pradesh,Lucknow,2016,Rabi,Sugarcane,1550.74,36.1,59.9,Alluvial,Rain-fed,82.78,5.79,1708.01,5.44,27860.18,164041.0
1539,Uttar Pradesh,Lucknow,2016,Zaid,Sugarcane,1165.82,33.2,43.8,Sandy,Rain-fed,447.97,59.01,613.57,2.53,23534.8,12879.0
1540,Uttar Pradesh,Lucknow,2016,Zaid,Barley,1928.06,20.3,39.5,Alluvial,Canal,148.3,59.23,2509.25,5.13,26580.42,220946.99999999997
1541,Uttar Pradesh,Lucknow,2016,Rabi,Maize,1900.11,26.9,66.7,Alluvial,Rain-fed,198.16,13.13,4321.07,7.95,43015.66,350743.0
1542,Uttar Pradesh,Lucknow,2016,Kharif,Wheat,1758.18,27.3,76.2,Sandy,Drip,357.52,41.79,1056.28,6.12,13058.69,99838.0
1543,Uttar Pradesh,Lucknow,2016,Zaid,Rice,418.78,37.2,64.3,Laterite,Canal,391.13,59.16,1606.13,5.92,28702.9,87596.0
1544,Uttar Pradesh,Lucknow,2016,Kharif,Wheat,1642.15,24.6,64.4,Laterite,Drip,90.43,32.63,702.78,3.27,15232.82,21502.0
1545,Uttar Pradesh,Lucknow,2016,Zaid,Barley,525.42,24.9,73.3,Red,Sprinkler,364.81,32.29,1957.66,4.14,60495.67,71230.0
1546,Uttar Pradesh,Lucknow,2016,Rabi,Barley,1423.03,22.2,48.3,Alluvial,Rain-fed,297.47,43.74,3170.49,5.18,63697.67,291769.0
1547,Uttar Pradesh,Lucknow,2016,Kharif,Cotton,1210.65,22.9,70.8,Alluvial,Tube Well,394.31,50.12,1273.1,4.76,21854.68,69491.0
1548,Uttar Pradesh,Lucknow,2016,Kharif,Cotton,842.98,37.1,68.7,Sandy,Sprinkler,314.01,51.11,4563.97,4.64,21630.67,175381.0
1549,Uttar Pradesh,Kanpur,2016,Zaid,Barley,2194.18,31.0,57.5,Laterite,Canal,187.25,18.72,967.74,1.8,54783.61,18402.0
1550,Uttar Pradesh,Kanpur,2016,Rabi,Wheat,2007.94,30.5,73.3,Laterite,Rain-fed,433.56,22.78,4469.05,3.64,58226.2,233406.0
1551,Uttar Pradesh,Kanpur,2016,Rabi,Wheat,2155.56,37.3,37.1,Black,Tube Well,317.71,35.08,763.31,8.35,12438.45,60085.0
1552,Uttar Pradesh,Kanpur,2016,Kharif,Maize,2080.53,28.2,40.6,Alluvial,Sprinkler,303.5,42.2,2321.11,5.06,42687.62,163485.0
1553,Uttar Pradesh,Kanpur,2016,Kharif,Barley,1435.24,18.9,62.2,Sandy,Drip,154.05,46.59,4595.47,7.48,45214.9,512881.00000000006
1554,Uttar Pradesh,Kanpur,2016,Zaid,Maize,1310.18,33.3,50.3,Black,Rain-fed,295.47,29.99,1421.15,3.54,62928.57,45876.0
1555,Uttar Pradesh,Kanpur,2016,Kharif,Millets,644.41,27.8,59.9,Laterite,Rain-fed,405.31,6.17,4842.39,7.08,62872.34,612012.0
1556,Uttar Pradesh,Kanpur,2016,Rabi,Wheat,765.57,36.9,67.5,Sandy,Drip,354.0,54.56,2585.56,2.7,36904.34,101357.0
1557,Uttar Pradesh,Kanpur,2016,Rabi,Sugarcane,786.01,23.7,61.1,Black,Sprinkler,55.57,18.81,1239.49,1.26,12660.19,26755.0
1558,Uttar Pradesh,Kanpur,2016,Kharif,Barley,2144.78,21.7,42.0,Black,Canal,103.3,19.55,917.61,1.49,25884.2,19896.0
1559,Uttar Pradesh,Kanpur,2016,Zaid,Wheat,1703.49,25.1,60.4,Red,Canal,52.93,46.69,424.8,1.61,48577.49,10187.0
1560,Uttar Pradesh,Kanpur,2016,Zaid,Sugarcane,687.21,25.4,77.9,Black,Drip,386.08,40.38,391.54,4.72,44654.66,16610.0
1561,Uttar Pradesh,Kanpur,2016,Kharif,Cotton,1379.18,27.3,67.3,Black,Drip,344.15,31.11,3747.6,8.38,57874.16,431609.0
1562,Uttar Pradesh,Kanpur,2016,Rabi,Pulses,540.63,27.9,51.4,Alluvial,Canal,107.66,20.93,1398.57,7.7,46221.37,109196.0
1563,Uttar Pradesh,Kanpur,2016,Zaid,Wheat,463.8,24.1,63.9,Black,Canal,89.69,25.98,346.28,1.29,40946.23,5578.0
1564,Uttar Pradesh,Kanpur,2016,Rabi,Maize,1802.26,18.6,53.4,Sandy,Sprinkler,366.97,26.5,4032.68,6.47,15714.16,302763.0
1565,Uttar Pradesh,Kanpur,2016,Kharif,Wheat,417.96,27.3,68.3,Laterite,Drip,62.01,10.27,1292.64,3.63,54290.89,82851.0
1566,Uttar Pradesh,Kanpur,2016,Zaid,Millets,561.06,33.1,36.9,Laterite,Canal,230.59,13.81,634.87,5.15,32175.76,27506.0
1567,Uttar Pradesh,Varanasi,2016,Rabi,Barley,1292.11,21.7,36.4,Alluvial,Sprinkler,379.45,22.39,4618.04,6.85,51404.52,503716.0
1568,Uttar Pradesh,Varanasi,2016,Kharif,Maize,1384.88,37.9,38.8,Red,Rain-fed,383.69,30.01,1601.33,4.17,64112.27,63083.00000000001
1569,Uttar Pradesh,Varanasi,2016,Zaid,Maize,730.6,20.9,70.6,Alluvial,Sprinkler,56.16,23.83,1151.9,5.49,52032.43,59566.0
1570,Uttar Pradesh,Varanasi,2016,Rabi,Cotton,949.16,34.5,78.9,Red,Canal,239.78,14.92,3123.42,2.72,21679.47,122470.0
1571,Uttar Pradesh,Varanasi,2016,Rabi,Sugarcane,2061.31,27.4,39.3,Red,Sprinkler,236.25,50.01,3628.98,1.38,63445.75,46771.0
1572,Uttar Pradesh,Varanasi,2016,Rabi,Pulses,601.5,18.7,40.8,Sandy,Tube Well,279.99,11.07,4779.9,5.12,60875.93,218035.0
1573,Uttar Pradesh,Varanasi,2016,Kharif,Cotton,1718.51,34.0,83.7,Laterite,Tube Well,152.12,35.58,3976.7,7.83,39225.84,380283.0
1574,Uttar Pradesh,Varanasi,2016,Zaid,Wheat,2034.14,28.0,49.8,Alluvial,Sprinkler,232.47,6.3,3771.09,4.4,46839.51,294758.0
1575,Uttar Pradesh,Varanasi,2016,Kharif,Wheat,1283.25,30.4,66.2,Laterite,Sprinkler,84.3,21.54,346.72,5.37,50483.28,24746.0
1576,Uttar Pradesh,Varanasi,2016,Kharif,Maize,1900.49,33.7,88.9,Black,Sprinkler,161.44,19.8,2241.53,4.48,62380.95,130965.00000000001
1577,Uttar Pradesh,Varanasi,2016,Zaid,Barley,973.41,26.6,43.1,Black,Canal,392.27,14.25,4989.57,2.65,50523.2,196526.0
1578,Uttar Pradesh,Varanasi,2016,Zaid,Pulses,2024.79,18.0,46.4,Laterite,Tube Well,137.12,8.35,189.05,4.99,25179.34,10299.0
1579,Uttar Pradesh,Varanasi,2016,Kharif,Sugarcane,1468.74,30.2,35.2,Alluvial,Sprinkler,258.44,47.25,2883.83,1.86,25362.5,64699.0
1580,Uttar Pradesh,Varanasi,2016,Zaid,Rice,1092.07,33.1,69.5,Sandy,Tube Well,378.16,12.64,2522.91,8.02,51334.72,279625.0
1581,Uttar Pradesh,Varanasi,2016,Rabi,Wheat,1098.77,28.8,75.3,Red,Tube Well,170.08,59.39,4759.68,8.08,57929.84,518268.0
1582,Uttar Pradesh,Varanasi,2016,Zaid,Sugarcane,473.13,18.5,67.8,Black,Tube Well,386.46,37.42,1458.92,2.8,35031.79,69049.0
1583,Uttar Pradesh,Varanasi,2016,Zaid,Rice,2073.22,28.5,39.7,Red,Drip,86.99,38.23,3264.23,6.27,29475.48,192699.0
1584,Uttar Pradesh,Varanasi,2016,Rabi,Wheat,740.4,23.2,81.6,Laterite,Sprinkler,54.82,24.97,1687.32,2.95,33882.27,41313.0
1585,Uttar Pradesh,Agra,2016,Zaid,Cotton,910.09,35.8,50.0,Alluvial,Drip,211.77,29.29,3608.96,1.9,41178.43,73164.0
1586,Uttar Pradesh,Agra,2016,Rabi,Rice,1639.69,21.0,42.6,Black,Canal,139.0,29.57,4619.97,3.31,12059.82,269290.0
1587,Uttar Pradesh,Agra,2016,Rabi,Pulses,1301.43,19.4,49.4,Black,Drip,179.9,12.48,1214.27,7.86,45770.19,94740.0
1588,Uttar Pradesh,Agra,2016,Zaid,Pulses,2192.34,18.3,51.2,Alluvial,Tube Well,113.79,10.21,3880.79,8.14,41238.0,357600.0
1589,Uttar Pradesh,Agra,2016,Rabi,Rice,1531.02,33.7,88.6,Sandy,Drip,188.38,5.98,3361.24,7.71,18064.38,215538.0
1590,Uttar Pradesh,Agra,2016,Zaid,Sugarcane,499.69,26.5,36.3,Black,Drip,84.1,35.89,2659.62,4.55,13570.11,184352.0
1591,Uttar Pradesh,Agra,2016,Kharif,Maize,1422.04,37.8,69.5,Laterite,Tube Well,77.46,9.93,243.89,7.8,62164.71,28827.0
1592,Uttar Pradesh,Agra,2016,Rabi,Barley,1752.57,22.5,79.8,Black,Drip,406.48,55.24,3794.21,3.48,50446.52,233792.99999999997
1593,Uttar Pradesh,Agra,2016,Zaid,Millets,1154.13,22.4,69.9,Black,Rain-fed,203.13,58.15,624.65,1.84,24539.68,13401.0
1594,Uttar Pradesh,Agra,2016,Kharif,Millets,1921.62,23.2,54.2,Black,Tube Well,434.44,9.57,4995.95,5.1,20648.64,284821.0
1595,Uttar Pradesh,Agra,2016,Kharif,Maize,1109.63,37.7,63.0,Black,Rain-fed,388.92,43.7,1998.39,3.76,49035.87,90182.0
1596,Uttar Pradesh,Agra,2016,Rabi,Rice,2121.51,30.4,59.3,Laterite,Canal,449.12,51.88,2265.79,7.45,26286.81,240296.0
1597,Uttar Pradesh,Agra,2016,Rabi,Maize,1440.73,30.8,54.9,Black,Drip,64.6,58.62,633.38,4.92,38531.72,39993.0
1598,Uttar Pradesh,Agra,2016,Kharif,Sugarcane,963.77,23.4,46.5,Alluvial,Rain-fed,71.46,44.93,4405.66,6.7,41027.24,515818.0
1599,Uttar Pradesh,Agra,2016,Rabi,Barley,1918.26,30.1,76.3,Alluvial,Canal,115.45,19.12,3949.71,1.33,33182.48,78322.0
1600,Uttar Pradesh,Agra,2016,Rabi,Rice,1607.05,30.2,77.6,Black,Rain-fed,268.68,9.42,819.08,3.02,57430.25,30402.0
1601,Uttar Pradesh,Agra,2016,Rabi,Cotton,1300.8,35.3,79.3,Red,Canal,339.61,34.05,1458.41,7.05,40452.54,184360.0
1602,Uttar Pradesh,Agra,2016,Zaid,Pulses,1924.14,34.3,89.6,Black,Drip,122.7,13.85,4403.0,3.47,46795.11,164849.0
1603,Uttar Pradesh,Meerut,2016,Zaid,Wheat,613.23,26.0,52.1,Sandy,Tube Well,347.59,34.03,120.54,8.11,38323.58,8803.0
1604,Uttar Pradesh,Meerut,2016,Kharif,Wheat,2177.42,22.1,38.4,Alluvial,Canal,329.55,10.78,2288.94,7.24,45013.58,283781.0
1605,Uttar Pradesh,Meerut,2016,Rabi,Cotton,458.38,18.3,51.4,Sandy,Tube Well,424.71,49.73,1279.44,6.68,38308.25,76826.0
1606,Uttar Pradesh,Meerut,2016,Kharif,Wheat,1805.21,20.1,69.7,Sandy,Rain-fed,205.18,56.0,3826.74,8.06,48238.37,437003.0
1607,Uttar Pradesh,Meerut,2016,Rabi,Rice,1447.3,23.7,88.8,Red,Drip,236.66,33.81,4349.94,7.93,45320.37,302536.0
1608,Uttar Pradesh,Meerut,2016,Kharif,Pulses,1354.2,32.1,36.2,Laterite,Sprinkler,419.05,35.7,3412.38,7.31,39697.07,200420.0
1609,Uttar Pradesh,Meerut,2016,Kharif,Wheat,1687.11,27.4,87.0,Black,Drip,92.31,6.51,3482.27,2.01,44625.18,124305.0
1610,Uttar Pradesh,Meerut,2016,Kharif,Barley,852.37,27.8,41.6,Black,Rain-fed,129.19,23.64,1210.76,4.47,34218.94,90019.0
1611,Uttar Pradesh,Meerut,2016,Rabi,Wheat,1612.73,32.3,55.1,Black,Drip,190.76,52.69,2552.46,1.31,46520.59,49124.0
1612,Uttar Pradesh,Meerut,2016,Zaid,Sugarcane,1977.41,37.3,43.9,Red,Tube Well,379.7,26.49,286.45,8.45,43930.64,37843.0
1613,Uttar Pradesh,Meerut,2016,Rabi,Cotton,1117.14,27.4,56.4,Black,Canal,226.99,42.55,424.84,5.72,18274.89,33488.0
1614,Uttar Pradesh,Meerut,2016,Kharif,Pulses,498.85,20.3,57.4,Sandy,Rain-fed,169.28,12.99,456.23,4.71,12511.25,21437.0
1615,Uttar Pradesh,Meerut,2016,Kharif,Maize,907.72,22.2,76.1,Black,Canal,95.0,34.6,1188.44,2.2,40716.95,28573.0
1616,Uttar Pradesh,Meerut,2016,Kharif,Wheat,942.57,20.1,58.4,Laterite,Tube Well,373.75,9.1,175.8,7.46,14483.09,11815.0
1617,Uttar Pradesh,Meerut,2016,Rabi,Pulses,1774.57,32.3,89.4,Black,Rain-fed,329.31,27.24,3991.52,2.89,57990.01,163165.0
1618,Uttar Pradesh,Meerut,2016,Zaid,Rice,568.25,24.5,80.1,Laterite,Canal,402.19,20.19,2543.48,3.09,64662.13,101432.0
1619,Uttar Pradesh,Meerut,2016,Rabi,Pulses,1250.43,29.0,52.7,Alluvial,Drip,355.97,52.53,770.4,6.82,60009.14,89720.0
1620,Uttar Pradesh,Meerut,2016,Zaid,Sugarcane,1466.1,33.3,62.4,Laterite,Drip,89.38,24.93,858.35,7.43,45893.07,99644.0
1621,Punjab,Ludhiana,2016,Rabi,Sugarcane,1721.83,18.4,51.3,Black,Canal,167.09,46.71,4228.62,3.9,26849.73,259440.0
1622,Punjab,Ludhiana,2016,Zaid,Pulses,516.38,20.0,60.3,Black,Tube Well,74.46,32.5,700.26,4.01,25969.45,40782.0
1623,Punjab,Ludhiana,2016,Zaid,Wheat,789.72,27.7,51.9,Red,Tube Well,141.31,5.88,1009.99,4.43,55530.91,73402.0
1624,Punjab,Ludhiana,2016,Zaid,Maize,1089.98,21.2,44.5,Sandy,Rain-fed,153.82,46.35,3457.73,4.14,19817.53,179062.0
1625,Punjab,Ludhiana,2016,Zaid,Wheat,1207.65,26.6,42.5,Black,Rain-fed,228.13,54.08,3447.64,2.25,62116.56,128744.0
1626,Punjab,Ludhiana,2016,Rabi,Sugarcane,1707.93,37.3,57.0,Sandy,Canal,217.03,12.61,3058.34,2.79,40037.73,129872.0
1627,Punjab,Ludhiana,2016,Rabi,Barley,2012.66,31.9,78.9,Red,Drip,256.8,56.49,4968.88,5.52,24389.07,235206.0
1628,Punjab,Ludhiana,2016,Rabi,Cotton,410.85,33.8,72.8,Sandy,Tube Well,427.44,38.22,809.47,2.66,34160.36,19030.0
1629,Punjab,Ludhiana,2016,Rabi,Barley,2112.78,33.5,52.3,Laterite,Rain-fed,322.72,45.58,2116.32,1.62,37105.57,47840.0
1630,Punjab,Ludhiana,2016,Kharif,Pulses,858.44,26.7,39.2,Laterite,Drip,331.79,6.52,4172.75,5.05,19799.62,206705.00000000003
1631,Punjab,Ludhiana,2016,Rabi,Millets,1711.56,21.6,73.8,Laterite,Tube Well,120.18,40.39,2462.51,1.98,15975.6,61667.99999999999
1632,Punjab,Ludhiana,2016,Rabi,Rice,2143.68,20.1,44.0,Sandy,Sprinkler,361.78,13.67,4426.9,3.92,27314.36,284102.0
1633,Punjab,Ludhiana,2016,Kharif,Sugarcane,458.29,21.5,40.7,Laterite,Sprinkler,219.93,36.82,1115.92,7.45,21496.07,68969.0
1634,Punjab,Ludhiana,2016,Rabi,Wheat,572.18,37.6,49.6,Laterite,Canal,321.44,19.78,4161.24,1.64,40957.46,113856.0
1635,Punjab,Ludhiana,2016,Kharif,Sugarcane,1851.2,19.6,85.8,Black,Drip,228.26,47.82,4452.04,6.2,61892.2,301202.0
1636,Punjab,Ludhiana,2016,Rabi,Barley,1903.24,21.7,85.4,Laterite,Drip,200.69,17.31,654.35,7.1,20475.21,50112.0
1637,Punjab,Ludhiana,2016,Zaid,Wheat,1371.88,37.2,36.8,Red,Canal,209.08,56.13,1374.54,2.34,30539.08,49164.0
1638,Punjab,Ludhiana,2016,Rabi,Sugarcane,1728.69,22.5,60.4,Black,Rain-fed,113.2,46.7,982.89,7.49,20483.46,101048.0
1639,Punjab,Amritsar,2016,Rabi,Wheat,937.24,33.4,79.9,Black,Sprinkler,73.8,50.67,3620.78,4.5,46231.73,264617.0
1640,Punjab,Amritsar,2016,Rabi,Cotton,1040.62,22.1,61.9,Red,Canal,299.37,39.46,1930.81,4.5,12030.24,144159.0
1641,Punjab,Amritsar,2016,Kharif,Barley,1746.73,37.9,76.4,Sandy,Canal,388.6,6.19,318.51,1.27,49888.03,3654.0
1642,Punjab,Amritsar,2016,Kharif,Maize,735.11,19.6,55.4,Sandy,Drip,380.11,21.46,4087.86,5.72,26813.12,313844.0
1643,Punjab,Amritsar,2016,Zaid,Maize,2017.75,25.0,45.6,Red,Rain-fed,132.52,5.36,922.09,3.81,14159.06,56547.0
1644,Punjab,Amritsar,2016,Zaid,Wheat,604.34,35.7,47.4,Sandy,Sprinkler,185.06,23.07,3617.78,7.75,23979.93,337805.0
1645,Punjab,Amritsar,2016,Rabi,Cotton,1651.26,22.2,45.7,Black,Canal,360.31,15.6,894.79,7.4,32888.06,63779.0
1646,Punjab,Amritsar,2016,Zaid,Wheat,1024.28,32.9,64.6,Alluvial,Tube Well,308.04,11.73,4175.1,6.96,51890.91,258758.0
1647,Punjab,Amritsar,2016,Kharif,Pulses,1752.44,25.9,84.9,Alluvial,Tube Well,294.69,38.81,4761.76,2.06,24864.52,127168.0
1648,Punjab,Amritsar,2016,Rabi,Millets,956.18,25.4,43.8,Red,Sprinkler,412.57,26.12,3016.96,7.53,45968.61,310405.0
1649,Punjab,Amritsar,2016,Rabi,Rice,1454.72,21.6,59.5,Laterite,Rain-fed,331.2,10.49,1924.65,6.47,18789.77,152363.0
1650,Punjab,Amritsar,2016,Rabi,Maize,1602.0,28.2,85.5,Black,Canal,150.75,10.66,4537.96,6.32,59188.88,351536.0
1651,Punjab,Amritsar,2016,Kharif,Wheat,1427.95,21.2,75.8,Red,Drip,263.22,19.77,4385.34,3.17,22125.75,209239.0
1652,Punjab,Amritsar,2016,Zaid,Pulses,1038.33,24.4,49.9,Laterite,Tube Well,337.92,12.68,2951.24,1.97,24601.43,95425.0
1653,Punjab,Amritsar,2016,Kharif,Millets,1547.88,23.2,68.3,Red,Rain-fed,100.74,43.08,1331.49,2.16,63449.63,37438.0
1654,Punjab,Amritsar,2016,Kharif,Rice,1463.26,32.7,88.3,Black,Drip,171.0,34.85,2513.93,4.35,45604.51,178197.0
1655,Punjab,Amritsar,2016,Rabi,Maize,1460.04,37.7,58.6,Laterite,Rain-fed,88.11,52.99,4719.5,2.41,36765.31,152742.0
1656,Punjab,Amritsar,2016,Rabi,Wheat,1990.16,24.7,62.7,Laterite,Tube Well,363.76,45.44,2698.98,7.26,40698.75,347346.0
1657,Punjab,Patiala,2016,Zaid,Maize,1128.16,21.4,75.7,Red,Rain-fed,156.45,31.52,3326.46,6.89,31207.87,395124.0
1658,Punjab,Patiala,2016,Zaid,Rice,1814.32,25.8,65.5,Laterite,Drip,119.05,52.83,142.25,1.98,21717.6,4307.0
1659,Punjab,Patiala,2016,Kharif,Cotton,1205.0,29.0,45.4,Red,Canal,354.19,53.44,3265.98,1.86,62125.49,96765.0
1660,Punjab,Patiala,2016,Rabi,Cotton,1425.52,21.5,35.6,Laterite,Canal,55.38,43.62,2145.78,2.44,48762.08,43967.0
1661,Punjab,Patiala,2016,Kharif,Cotton,2053.41,35.8,80.5,Alluvial,Drip,71.05,36.94,2208.51,2.55,37292.34,61105.99999999999
1662,Punjab,Patiala,2016,Kharif,Rice,489.82,33.2,66.6,Alluvial,Sprinkler,148.24,46.97,2739.84,2.5,20497.07,112083.99999999999
1663,Punjab,Patiala,2016,Rabi,Sugarcane,1088.18,18.1,37.6,Alluvial,Tube Well,436.04,56.25,803.47,4.75,13975.41,45797.0
1664,Punjab,Patiala,2016,Rabi,Wheat,1253.2,26.7,42.1,Black,Drip,162.55,43.98,3594.82,3.78,12780.44,152946.0
1665,Punjab,Patiala,2016,Kharif,Cotton,1162.59,26.9,58.4,Alluvial,Sprinkler,108.65,17.26,645.49,8.38,58961.13,85817.0
1666,Punjab,Patiala,2016,Zaid,Cotton,909.61,19.9,58.9,Black,Tube Well,104.89,16.0,585.79,3.75,59696.19,23894.0
1667,Punjab,Patiala,2016,Rabi,Maize,1235.06,31.2,56.4,Sandy,Rain-fed,194.8,57.31,4482.05,6.69,34365.46,447539.00000000006
1668,Punjab,Patiala,2016,Kharif,Maize,1522.62,18.9,50.3,Laterite,Sprinkler,221.43,8.82,1706.19,3.68,39114.64,77944.0
1669,Punjab,Patiala,2016,Kharif,Sugarcane,710.38,31.9,37.3,Black,Rain-fed,117.48,35.82,2281.95,3.15,26167.91,112752.0
1670,Punjab,Patiala,2016,Rabi,Pulses,1171.12,24.7,45.8,Sandy,Rain-fed,379.57,36.49,2298.31,6.75,12571.35,179793.0
1671,Punjab,Patiala,2016,Kharif,Sugarcane,1081.3,33.2,58.0,Alluvial,Canal,277.13,20.45,2391.29,2.64,34995.29,95080.0
1672,Punjab,Patiala,2016,Zaid,Pulses,808.85,35.5,69.4,Sandy,Canal,175.18,45.81,1412.79,1.87,50483.99,27329.000000000004
1673,Punjab,Patiala,2016,Rabi,Wheat,1446.79,22.4,64.3,Black,Tube Well,154.74,28.5,1593.15,7.38,45659.82,180717.0
1674,Punjab,Patiala,2016,Rabi,Cotton,896.45,27.1,56.8,Laterite,Tube Well,200.07,34.82,2311.72,5.96,57375.37,231257.00000000003
1675,Punjab,Jalandhar,2016,Kharif,Maize,1622.99,25.8,47.9,Sandy,Rain-fed,271.38,49.5,4826.91,1.69,46933.44,137231.0
1676,Punjab,Jalandhar,2016,Rabi,Wheat,2089.09,21.0,61.1,Sandy,Tube Well,328.31,36.73,638.98,6.87,28327.47,36919.0
1677,Punjab,Jalandhar,2016,Rabi,Wheat,922.1,22.7,57.7,Sandy,Sprinkler,402.92,6.83,4507.18,2.86,25142.87,137543.0
1678,Punjab,Jalandhar,2016,Kharif,Sugarcane,780.29,25.9,70.5,Black,Drip,316.35,6.22,2082.3,6.32,59046.19,121105.0
1679,Punjab,Jalandhar,2016,Rabi,Barley,1138.56,35.2,85.1,Red,Drip,306.95,47.69,3110.11,6.83,35962.46,307382.0
1680,Punjab,Jalandhar,2016,Zaid,Pulses,1617.26,34.2,37.6,Sandy,Sprinkler,238.29,16.29,2132.08,3.42,55099.94,109110.99999999999
1681,Punjab,Jalandhar,2016,Kharif,Millets,2177.34,18.5,81.4,Alluvial,Tube Well,369.53,40.07,4255.99,7.36,45750.43,429454.0
1682,Punjab,Jalandhar,2016,Kharif,Wheat,872.25,35.1,58.2,Black,Canal,330.06,9.28,4335.16,6.18,35467.44,323407.0
1683,Punjab,Jalandhar,2016,Zaid,Rice,1123.99,21.3,86.2,Sandy,Canal,320.47,53.38,2425.38,8.09,42751.48,191761.0
1684,Punjab,Jalandhar,2016,Kharif,Maize,1282.97,29.2,58.0,Sandy,Tube Well,179.14,53.6,1099.96,7.07,36573.48,97795.0
1685,Punjab,Jalandhar,2016,Kharif,Cotton,1499.34,21.4,67.3,Black,Rain-fed,113.09,16.34,3507.73,5.11,62545.07,185414.0
1686,Punjab,Jalandhar,2016,Zaid,Cotton,1636.76,30.8,73.1,Black,Canal,95.18,24.73,2871.35,8.34,35830.98,429582.0
1687,Punjab,Jalandhar,2016,Zaid,Pulses,1875.15,26.8,35.1,Red,Drip,153.39,38.4,895.79,8.5,24296.01,130391.00000000001
1688,Punjab,Jalandhar,2016,Kharif,Wheat,1655.27,33.7,73.2,Laterite,Tube Well,378.81,9.14,3650.93,2.02,36988.23,122425.0
1689,Punjab,Jalandhar,2016,Rabi,Cotton,1593.98,31.6,53.9,Sandy,Drip,308.08,36.89,3802.47,7.79,14745.67,349416.0
1690,Punjab,Jalandhar,2016,Rabi,Rice,991.42,22.0,59.7,Alluvial,Drip,68.55,31.18,4690.89,8.33,33850.11,429179.0
1691,Punjab,Jalandhar,2016,Rabi,Wheat,1323.72,28.8,63.5,Sandy,Drip,409.3,57.85,421.39,2.36,19961.8,9603.0
1692,Punjab,Jalandhar,2016,Rabi,Cotton,1899.26,34.8,52.9,Sandy,Drip,428.61,41.33,194.28,2.28,38905.04,6110.0
1693,Punjab,Bathinda,2016,Kharif,Millets,1536.42,19.8,58.0,Black,Tube Well,50.87,56.54,3458.57,6.45,58881.59,264320.0
1694,Punjab,Bathinda,2016,Rabi,Barley,1105.44,18.3,36.8,Black,Rain-fed,103.39,5.92,3162.01,4.53,45686.94,229821.99999999997
1695,Punjab,Bathinda,2016,Kharif,Cotton,884.78,24.5,67.7,Alluvial,Drip,302.09,15.11,1340.1,8.49,48064.74,190577.0
1696,Punjab,Bathinda,2016,Kharif,Wheat,1724.41,23.9,71.4,Black,Drip,313.1,21.4,3322.38,3.93,33614.56,106880.0
1697,Punjab,Bathinda,2016,Zaid,Millets,1055.62,18.2,65.3,Laterite,Canal,156.5,29.82,4132.3,7.97,15116.33,464389.99999999994
1698,Punjab,Bathinda,2016,Rabi,Maize,2052.92,23.9,55.6,Red,Sprinkler,103.18,47.07,3479.56,1.51,30807.57,78728.0
1699,Punjab,Bathinda,2016,Zaid,Rice,1659.84,34.3,78.4,Sandy,Drip,361.55,20.31,179.71,2.97,33205.71,8015.000000000001
1700,Punjab,Bathinda,2016,Kharif,Rice,1034.1,32.3,59.8,Black,Tube Well,249.37,33.48,1454.58,6.4,33789.04,167480.0
1701,Punjab,Bathinda,2016,Rabi,Wheat,1086.09,34.1,68.2,Black,Drip,299.97,34.09,1490.15,1.74,31760.16,28791.000000000004
1702,Punjab,Bathinda,2016,Rabi,Wheat,2112.37,21.7,63.8,Sandy,Sprinkler,123.81,57.87,2862.01,2.14,32343.08,73383.0
1703,Punjab,Bathinda,2016,Zaid,Barley,718.46,35.9,55.7,Sandy,Drip,444.11,54.98,4745.12,6.0,20178.96,488220.0
1704,Punjab,Bathinda,2016,Rabi,Sugarcane,977.11,29.1,61.3,Alluvial,Rain-fed,439.02,35.58,2373.56,4.82,44378.5,134103.0
1705,Punjab,Bathinda,2016,Zaid,Rice,844.71,28.5,37.7,Black,Sprinkler,429.01,49.41,4486.54,7.14,17069.22,320384.0
1706,Punjab,Bathinda,2016,Rabi,Rice,678.56,20.5,35.5,Black,Sprinkler,51.77,8.66,1557.71,5.96,46885.89,117573.0
1707,Punjab,Bathinda,2016,Kharif,Rice,2121.85,24.1,70.9,Black,Sprinkler,140.73,6.86,1492.8,8.03,15748.0,131921.0
1708,Punjab,Bathinda,2016,Rabi,Millets,978.51,36.0,81.4,Black,Drip,238.03,6.82,3103.2,4.37,29342.92,199531.0
1709,Punjab,Bathinda,2016,Rabi,Cotton,2035.46,24.6,88.3,Laterite,Tube Well,309.59,8.06,994.99,3.66,24302.76,49899.0
1710,Punjab,Bathinda,2016,Kharif,Rice,1520.29,23.2,84.8,Red,Tube Well,210.27,55.35,2885.09,8.33,53169.76,413657.0
1711,Maharashtra,Pune,2016,Zaid,Maize,1982.82,19.7,71.2,Red,Tube Well,148.4,56.44,2297.99,4.18,17326.71,127389.00000000001
1712,Maharashtra,Pune,2016,Rabi,Maize,1763.85,31.0,75.3,Alluvial,Drip,435.43,20.97,4248.46,3.46,54156.34,162777.0
1713,Maharashtra,Pune,2016,Zaid,Pulses,805.97,19.5,45.7,Black,Canal,314.19,22.37,2083.05,1.29,38298.63,34822.0
1714,Maharashtra,Pune,2016,Zaid,Millets,2183.04,25.0,47.4,Sandy,Sprinkler,84.46,36.66,3349.88,8.25,19770.48,313267.0
1715,Maharashtra,Pune,2016,Rabi,Rice,1463.42,28.3,45.6,Red,Sprinkler,233.85,15.44,3685.64,7.12,57144.56,291417.0
1716,Maharashtra,Pune,2016,Kharif,Wheat,1803.52,27.9,36.4,Laterite,Tube Well,349.92,34.4,4343.41,6.85,28706.3,257563.0
1717,Maharashtra,Pune,2016,Rabi,Pulses,537.19,33.1,38.9,Black,Drip,238.49,6.88,4602.7,5.27,53406.18,280712.0
1718,Maharashtra,Pune,2016,Zaid,Pulses,541.22,25.0,45.6,Alluvial,Canal,152.32,38.28,459.54,7.0,38970.82,36810.0
1719,Maharashtra,Pune,2016,Zaid,Pulses,2011.36,27.0,49.9,Laterite,Tube Well,370.31,26.58,1892.15,5.6,18199.58,126980.0
1720,Maharashtra,Pune,2016,Kharif,Wheat,491.04,18.2,48.5,Black,Sprinkler,381.55,5.69,1626.26,7.72,18213.17,135125.0
1721,Maharashtra,Pune,2016,Zaid,Maize,720.78,34.1,36.3,Red,Sprinkler,133.6,26.04,3867.83,6.8,51136.03,220906.0
1722,Maharashtra,Pune,2016,Zaid,Barley,1632.09,23.6,88.5,Red,Canal,347.5,41.3,2717.47,1.29,32762.33,33564.0
1723,Maharashtra,Pune,2016,Zaid,Barley,908.47,26.7,68.0,Laterite,Rain-fed,396.78,44.73,1778.47,4.25,22604.64,130954.0
1724,Maharashtra,Pune,2016,Rabi,Cotton,1930.01,28.1,62.9,Alluvial,Sprinkler,71.37,47.27,2216.81,1.51,50151.22,47035.0
1725,Maharashtra,Pune,2016,Kharif,Maize,473.85,31.6,41.5,Alluvial,Canal,329.72,10.1,4211.57,7.2,45347.68,539476.0
1726,Maharashtra,Pune,2016,Rabi,Sugarcane,1625.35,36.2,79.6,Black,Drip,201.43,10.29,2731.86,5.24,41726.49,163607.0
1727,Maharashtra,Pune,2016,Rabi,Rice,600.59,31.1,36.8,Alluvial,Tube Well,447.68,48.93,3393.96,2.36,12958.74,82171.0
1728,Maharashtra,Pune,2016,Kharif,Millets,2113.55,25.3,50.3,Black,Canal,242.1,43.4,3970.8,7.5,47981.49,440435.00000000006
1729,Maharashtra,Nashik,2016,Rabi,Millets,1751.29,23.8,76.0,Laterite,Drip,379.15,36.48,3673.05,5.41,34324.9,316483.0
1730,Maharashtra,Nashik,2016,Zaid,Barley,723.64,24.5,76.7,Red,Canal,200.37,5.15,1237.24,1.3,51699.14,14052.000000000002
1731,Maharashtra,Nashik,2016,Kharif,Maize,1073.15,34.3,84.9,Alluvial,Tube Well,52.38,54.88,2632.99,1.55,61190.7,34764.0
1732,Maharashtra,Nashik,2016,Zaid,Barley,829.67,34.6,55.4,Sandy,Sprinkler,101.71,34.2,3241.25,5.92,34733.54,314191.0
1733,Maharashtra,Nashik,2016,Kharif,Rice,419.71,22.3,37.4,Sandy,Rain-fed,97.31,14.07,4046.92,2.93,13527.06,138120.0
1734,Maharashtra,Nashik,2016,Kharif,Pulses,684.54,22.0,86.9,Laterite,Canal,352.79,36.26,3510.96,3.88,57445.81,187239.0
1735,Maharashtra,Nashik,2016,Rabi,Wheat,1521.91,28.7,37.4,Red,Sprinkler,395.22,30.49,4594.43,8.12,61525.57,545271.0
1736,Maharashtra,Nashik,2016,Zaid,Maize,478.92,23.7,65.6,Sandy,Canal,291.99,43.14,4636.07,2.84,16799.84,178726.0
1737,Maharashtra,Nashik,2016,Zaid,Barley,1026.15,25.0,46.6,Red,Drip,404.53,51.49,3834.24,4.11,33525.65,262691.0
1738,Maharashtra,Nashik,2016,Rabi,Rice,1287.98,27.9,52.3,Sandy,Tube Well,212.96,5.66,4850.59,4.18,54975.58,332590.0
1739,Maharashtra,Nashik,2016,Kharif,Wheat,1205.76,23.9,82.5,Red,Sprinkler,111.71,28.19,4615.38,1.32,22427.24,97463.0
1740,Maharashtra,Nashik,2016,Kharif,Pulses,448.91,25.5,45.9,Red,Tube Well,51.75,29.27,3429.01,5.83,16778.81,259294.99999999997
1741,Maharashtra,Nashik,2016,Rabi,Wheat,1024.35,26.8,38.4,Alluvial,Tube Well,101.58,19.06,467.76,2.99,29299.05,17375.0
1742,Maharashtra,Nashik,2016,Kharif,Cotton,1717.46,25.3,40.3,Sandy,Canal,374.66,43.19,4938.82,4.61,14883.95,346684.0
1743,Maharashtra,Nashik,2016,Rabi,Barley,1182.51,32.9,51.5,Sandy,Tube Well,337.4,36.94,2205.46,4.03,18521.93,91995.0
1744,Maharashtra,Nashik,2016,Zaid,Cotton,1528.96,29.2,56.8,Laterite,Tube Well,431.94,25.58,2396.67,6.84,63440.17,294065.0
1745,Maharashtra,Nashik,2016,Kharif,Rice,1375.71,22.9,35.3,Black,Sprinkler,306.96,36.0,903.32,5.61,34921.79,52799.0
1746,Maharashtra,Nashik,2016,Kharif,Millets,782.86,31.7,46.6,Black,Tube Well,449.32,27.27,1369.47,2.56,41715.56,32723.0
1747,Maharashtra,Nagpur,2016,Zaid,Millets,1076.91,35.2,70.9,Red,Drip,153.31,29.16,4600.39,5.74,49582.76,270356.0
1748,Maharashtra,Nagpur,2016,Kharif,Wheat,645.99,31.7,36.2,Sandy,Rain-fed,87.57,42.88,100.65,4.29,22011.64,6741.0
1749,Maharashtra,Nagpur,2016,Rabi,Cotton,648.94,37.2,62.2,Alluvial,Rain-fed,78.24,37.5,831.82,5.64,54383.86,60204.0
1750,Maharashtra,Nagpur,2016,Kharif,Cotton,1642.08,20.5,56.4,Alluvial,Canal,415.94,29.34,2238.45,6.24,44983.79,139922.0
1751,Maharashtra,Nagpur,2016,Kharif,Wheat,1689.92,25.9,50.6,Black,Tube Well,148.34,42.04,1003.09,6.74,64623.45,103083.0
1752,Maharashtra,Nagpur,2016,Zaid,Millets,1241.39,22.4,86.7,Laterite,Canal,215.67,44.93,3529.23,1.45,33116.57,88458.0
1753,Maharashtra,Nagpur,2016,Zaid,Millets,406.21,29.2,37.9,Red,Canal,201.38,6.9,3110.38,2.44,38681.44,83804.0
1754,Maharashtra,Nagpur,2016,Rabi,Wheat,1552.56,33.8,51.4,Sandy,Drip,71.46,54.38,1424.22,6.13,58032.73,111159.99999999999
1755,Maharashtra,Nagpur,2016,Kharif,Barley,1216.2,20.8,66.3,Sandy,Rain-fed,50.97,55.93,4168.99,1.3,14120.52,81652.0
1756,Maharashtra,Nagpur,2016,Kharif,Barley,1989.47,33.9,87.0,Sandy,Drip,341.57,20.55,2294.3,3.5,37742.16,111311.99999999999
1757,Maharashtra,Nagpur,2016,Zaid,Millets,1747.41,34.8,73.9,Sandy,Rain-fed,386.85,37.9,479.2,5.57,49421.48,32757.0
1758,Maharashtra,Nagpur,2016,Zaid,Pulses,425.57,23.6,73.6,Black,Sprinkler,314.74,12.86,2143.04,7.57,27719.74,150476.0
1759,Maharashtra,Nagpur,2016,Kharif,Cotton,2007.74,20.0,40.5,Red,Sprinkler,337.44,37.21,4679.35,5.1,46498.58,348552.0
1760,Maharashtra,Nagpur,2016,Kharif,Cotton,1412.29,24.8,48.8,Black,Drip,51.63,9.03,3456.77,4.39,49047.63,260892.99999999997
1761,Maharashtra,Nagpur,2016,Zaid,Cotton,2090.28,24.0,80.5,Sandy,Sprinkler,421.66,13.89,2048.69,4.57,38712.83,120934.99999999999
1762,Maharashtra,Nagpur,2016,Rabi,Maize,2036.19,20.6,59.8,Sandy,Canal,307.18,40.69,383.26,6.0,63544.15,25068.0
1763,Maharashtra,Nagpur,2016,Zaid,Barley,1655.55,37.7,46.0,Red,Tube Well,339.33,36.65,1913.38,3.43,51622.45,90237.0
1764,Maharashtra,Nagpur,2016,Kharif,Wheat,1755.47,24.5,58.6,Sandy,Tube Well,227.53,19.81,3897.72,4.02,58830.48,210209.0
1765,Maharashtra,Aurangabad,2016,Rabi,Maize,762.4,34.1,37.8,Red,Rain-fed,267.2,36.57,789.47,1.81,33241.13,11537.0
1766,Maharashtra,Aurangabad,2016,Rabi,Pulses,1718.42,31.7,57.3,Laterite,Rain-fed,161.11,32.46,4641.27,8.11,29091.11,584036.0
1767,Maharashtra,Aurangabad,2016,Zaid,Rice,2184.16,21.4,60.9,Black,Rain-fed,159.84,5.38,1993.43,4.46,39614.03,143078.0
1768,Maharashtra,Aurangabad,2016,Zaid,Wheat,1043.34,26.3,54.4,Sandy,Tube Well,180.04,13.46,4469.69,7.49,25780.64,525551.0
1769,Maharashtra,Aurangabad,2016,Rabi,Cotton,408.89,34.0,80.8,Laterite,Canal,130.64,27.36,2718.61,4.31,39165.61,121083.0
1770,Maharashtra,Aurangabad,2016,Rabi,Rice,1214.74,37.2,57.5,Alluvial,Drip,68.23,39.22,4068.46,3.15,60564.27,168230.0
1771,Maharashtra,Aurangabad,2016,Kharif,Wheat,1835.16,24.7,37.7,Red,Sprinkler,294.59,34.41,248.94,5.64,58250.47,21716.0
1772,Maharashtra,Aurangabad,2016,Kharif,Wheat,1450.99,26.7,38.6,Red,Rain-fed,292.96,37.8,4353.23,7.91,59452.16,577679.0
1773,Maharashtra,Aurangabad,2016,Rabi,Maize,1399.43,20.2,54.9,Laterite,Rain-fed,293.76,33.96,1564.24,7.87,36594.05,142056.0
1774,Maharashtra,Aurangabad,2016,Kharif,Wheat,1431.47,28.0,70.2,Black,Tube Well,139.11,18.82,192.31,3.66,55904.51,10989.0
1775,Maharashtra,Aurangabad,2016,Zaid,Wheat,703.45,30.3,49.9,Black,Rain-fed,310.27,49.48,317.05,2.9,16771.23,15735.0
1776,Maharashtra,Aurangabad,2016,Rabi,Cotton,1498.94,35.4,60.8,Sandy,Tube Well,387.75,13.45,1214.05,5.31,35320.98,81217.0
1777,Maharashtra,Aurangabad,2016,Zaid,Millets,1052.63,25.3,87.2,Black,Drip,312.52,8.67,4506.83,6.59,64651.78,441560.99999999994
1778,Maharashtra,Aurangabad,2016,Kharif,Wheat,1301.55,33.1,42.1,Sandy,Tube Well,292.55,48.27,2648.0,4.09,39258.06,188183.0
1779,Maharashtra,Aurangabad,2016,Rabi,Maize,840.45,33.3,44.3,Black,Tube Well,406.6,6.71,3249.84,6.47,31967.43,299146.0
1780,Maharashtra,Aurangabad,2016,Kharif,Barley,1909.56,23.9,63.4,Alluvial,Rain-fed,89.46,59.02,1043.1,1.22,33351.32,20914.0
1781,Maharashtra,Aurangabad,2016,Rabi,Rice,2167.11,28.6,84.1,Red,Sprinkler,355.74,30.78,2553.2,3.35,19774.11,101055.0
1782,Maharashtra,Aurangabad,2016,Kharif,Cotton,1145.78,29.0,81.0,Laterite,Sprinkler,423.43,56.03,1254.28,4.56,19653.82,83148.0
1783,Maharashtra,Kolhapur,2016,Rabi,Wheat,2165.25,35.7,47.5,Sandy,Tube Well,321.72,36.53,275.97,7.13,52434.24,24171.0
1784,Maharashtra,Kolhapur,2016,Rabi,Wheat,1607.98,29.0,79.5,Red,Drip,443.77,36.95,3546.01,1.72,53926.27,74453.0
1785,Maharashtra,Kolhapur,2016,Kharif,Rice,2179.9,35.6,65.0,Red,Tube Well,299.73,7.19,2316.92,2.73,39251.98,72913.0
1786,Maharashtra,Kolhapur,2016,Zaid,Wheat,1404.09,24.0,63.0,Sandy,Tube Well,293.41,44.17,2013.97,4.16,41146.19,109379.0
1787,Maharashtra,Kolhapur,2016,Kharif,Barley,769.65,18.5,43.6,Sandy,Canal,56.76,31.34,488.44,2.94,33154.85,13050.0
1788,Maharashtra,Kolhapur,2016,Kharif,Pulses,1728.81,28.9,79.4,Sandy,Drip,89.91,56.06,3270.5,5.14,46109.5,276923.0
1789,Maharashtra,Kolhapur,2016,Kharif,Wheat,1567.94,27.8,85.3,Black,Tube Well,205.21,46.82,4832.05,1.47,18276.35,89121.0
1790,Maharashtra,Kolhapur,2016,Rabi,Maize,1461.06,20.9,65.4,Sandy,Tube Well,407.39,17.31,4535.92,4.93,61273.94,276543.0
1791,Maharashtra,Kolhapur,2016,Kharif,Wheat,836.7,24.3,58.1,Red,Rain-fed,181.16,33.11,2127.45,4.99,50669.1,108844.0
1792,Maharashtra,Kolhapur,2016,Rabi,Millets,423.89,27.7,48.0,Alluvial,Rain-fed,90.62,14.39,4046.42,7.76,23555.08,352595.0
1793,Maharashtra,Kolhapur,2016,Rabi,Millets,1617.01,18.7,42.0,Red,Canal,87.45,31.31,3057.17,7.6,23800.12,249503.00000000003
1794,Maharashtra,Kolhapur,2016,Kharif,Cotton,1061.76,28.2,46.5,Black,Drip,438.74,22.12,1611.99,4.73,14724.53,131126.0
1795,Maharashtra,Kolhapur,2016,Zaid,Pulses,1931.5,22.0,64.5,Alluvial,Sprinkler,227.59,22.84,3775.25,7.18,53151.55,379960.0
1796,Maharashtra,Kolhapur,2016,Rabi,Millets,1981.01,27.0,59.6,Laterite,Sprinkler,71.37,53.54,1237.39,8.31,54627.72,146792.0
1797,Maharashtra,Kolhapur,2016,Rabi,Cotton,874.13,37.5,66.6,Alluvial,Canal,167.38,55.32,4949.41,7.18,34432.7,588569.0
1798,Maharashtra,Kolhapur,2016,Rabi,Barley,792.27,20.7,52.6,Laterite,Drip,137.45,32.42,3343.34,7.54,30818.56,439868.99999999994
1799,Maharashtra,Kolhapur,2016,Zaid,Maize,1592.58,22.7,63.0,Red,Rain-fed,434.69,47.57,1121.05,1.48,41941.55,14744.999999999998
1800,Maharashtra,Kolhapur,2016,Zaid,Maize,2192.67,22.5,44.6,Black,Sprinkler,86.19,52.0,3708.3,1.7,30388.85,97012.0
1801,Karnataka,Bengaluru,2016,Kharif,Barley,1834.77,18.5,60.7,Red,Sprinkler,132.92,21.04,1983.07,4.64,25494.23,89869.0
1802,Karnataka,Bengaluru,2016,Rabi,Pulses,1380.58,31.0,85.7,Alluvial,Drip,244.82,45.74,4624.41,5.65,34508.82,324497.0
1803,Karnataka,Bengaluru,2016,Rabi,Maize,538.46,31.3,57.2,Red,Tube Well,270.72,40.5,4719.68,7.71,17240.74,577757.0
1804,Karnataka,Bengaluru,2016,Zaid,Barley,1658.29,19.2,67.5,Black,Sprinkler,376.92,16.19,2485.58,4.48,13369.01,200017.0
1805,Karnataka,Bengaluru,2016,Zaid,Barley,919.51,30.7,48.3,Alluvial,Sprinkler,130.51,56.38,4078.35,4.3,57195.29,201303.0
1806,Karnataka,Bengaluru,2016,Rabi,Barley,1672.74,21.7,65.7,Alluvial,Canal,125.44,25.74,2352.43,5.58,32010.36,159552.0
1807,Karnataka,Bengaluru,2016,Zaid,Maize,2195.29,32.9,85.3,Black,Rain-fed,161.15,49.62,4616.42,2.18,56998.57,93393.0
1808,Karnataka,Bengaluru,2016,Rabi,Wheat,530.27,37.8,74.9,Laterite,Sprinkler,438.78,35.45,4466.41,4.76,44711.44,173513.0
1809,Karnataka,Bengaluru,2016,Kharif,Rice,989.32,30.7,50.2,Laterite,Rain-fed,211.44,20.09,231.82,2.4,25001.6,9227.0
1810,Karnataka,Bengaluru,2016,Rabi,Barley,2034.34,26.7,51.9,Black,Canal,397.42,25.73,357.48,5.21,25055.64,28898.0
1811,Karnataka,Bengaluru,2016,Rabi,Pulses,1723.12,30.9,84.1,Alluvial,Rain-fed,303.48,24.58,3813.87,5.87,37756.28,277307.0
1812,Karnataka,Bengaluru,2016,Zaid,Wheat,447.39,36.5,88.3,Black,Rain-fed,417.7,35.12,112.15,2.51,54483.83,3218.0
1813,Karnataka,Bengaluru,2016,Kharif,Cotton,2065.65,23.1,65.2,Black,Canal,242.44,14.93,4561.96,2.87,12042.06,166125.0
1814,Karnataka,Bengaluru,2016,Kharif,Cotton,2065.27,23.5,75.2,Red,Sprinkler,328.3,25.56,2462.79,5.44,22492.57,155090.0
1815,Karnataka,Bengaluru,2016,Rabi,Millets,1346.77,27.3,80.3,Laterite,Tube Well,135.46,12.37,3472.2,3.31,42907.63,124747.0
1816,Karnataka,Bengaluru,2016,Kharif,Barley,570.57,21.9,73.4,Red,Drip,371.76,32.61,392.9,6.48,40403.42,44938.0
1817,Karnataka,Bengaluru,2016,Zaid,Rice,984.23,36.8,48.8,Alluvial,Sprinkler,223.25,34.42,937.07,1.96,54409.95,23617.0
1818,Karnataka,Bengaluru,2016,Zaid,Millets,575.17,30.3,57.3,Alluvial,Drip,259.8,28.28,731.48,6.76,56464.33,59661.0
1819,Karnataka,Mysuru,2016,Kharif,Barley,1879.54,31.1,48.4,Alluvial,Drip,373.45,8.97,4716.12,2.51,51381.44,96148.0
1820,Karnataka,Mysuru,2016,Kharif,Sugarcane,497.61,37.2,58.7,Black,Rain-fed,184.1,40.59,4717.67,7.84,12999.94,416631.00000000006
1821,Karnataka,Mysuru,2016,Kharif,Rice,572.51,33.8,36.5,Alluvial,Tube Well,213.54,7.02,1643.68,3.07,51142.37,68949.0
1822,Karnataka,Mysuru,2016,Zaid,Barley,2007.11,22.1,75.7,Black,Drip,106.26,12.46,769.49,1.47,64534.33,11675.0
1823,Karnataka,Mysuru,2016,Rabi,Maize,484.94,25.6,71.0,Sandy,Rain-fed,88.24,41.48,3108.35,1.54,16002.86,74587.0
1824,Karnataka,Mysuru,2016,Zaid,Sugarcane,802.53,20.0,47.5,Sandy,Rain-fed,119.72,14.98,1956.28,8.3,54220.17,155604.0
1825,Karnataka,Mysuru,2016,Rabi,Pulses,1898.33,26.2,50.6,Alluvial,Drip,100.5,21.74,2552.93,3.38,54620.33,121617.0
1826,Karnataka,Mysuru,2016,Zaid,Cotton,1450.57,26.6,45.6,Laterite,Drip,119.55,8.0,4070.18,8.14,25118.41,513652.00000000006
1827,Karnataka,Mysuru,2016,Kharif,Cotton,1591.37,29.0,69.4,Laterite,Tube Well,120.94,30.95,1237.06,4.15,53043.04,58249.0
1828,Karnataka,Mysuru,2016,Kharif,Pulses,1865.33,29.3,38.6,Sandy,Tube Well,245.17,54.35,4806.16,3.9,25053.28,269835.0
1829,Karnataka,Mysuru,2016,Rabi,Barley,940.26,23.3,78.1,Laterite,Tube Well,197.79,18.71,4260.08,6.3,20440.46,450392.0
1830,Karnataka,Mysuru,2016,Rabi,Pulses,1600.46,24.8,65.9,Black,Drip,329.5,43.48,2097.84,6.76,58676.89,195219.0
1831,Karnataka,Mysuru,2016,Rabi,Cotton,764.59,36.2,76.5,Laterite,Drip,205.3,55.81,838.6,1.95,37165.52,15644.0
1832,Karnataka,Mysuru,2016,Kharif,Sugarcane,983.17,22.3,71.3,Laterite,Sprinkler,214.33,23.07,3770.51,3.0,42620.81,137204.0
1833,Karnataka,Mysuru,2016,Kharif,Maize,932.86,27.4,70.1,Sandy,Canal,296.36,46.36,3818.69,6.95,16089.69,237846.0
1834,Karnataka,Mysuru,2016,Kharif,Rice,1108.57,33.6,71.1,Laterite,Drip,327.86,9.86,1299.73,4.83,23035.62,58433.00000000001
1835,Karnataka,Mysuru,2016,Rabi,Wheat,2097.37,23.5,68.7,Sandy,Drip,375.81,57.74,4528.8,1.34,59500.58,72010.0
1836,Karnataka,Mysuru,2016,Rabi,Rice,637.27,20.4,50.7,Black,Sprinkler,363.5,37.57,1559.47,6.84,33033.61,119821.0
1837,Karnataka,Hubli,2016,Zaid,Maize,1099.48,32.1,53.9,Red,Canal,212.18,55.44,1037.15,1.99,19350.82,35721.0
1838,Karnataka,Hubli,2016,Rabi,Sugarcane,1111.74,29.5,62.8,Sandy,Tube Well,315.98,59.64,638.2,5.89,49233.34,44479.0
1839,Karnataka,Hubli,2016,Rabi,Rice,1516.76,27.0,72.0,Alluvial,Drip,214.68,53.9,1198.56,3.6,43804.36,35936.0
1840,Karnataka,Hubli,2016,Kharif,Pulses,1813.48,29.4,41.2,Black,Drip,360.43,18.58,3048.0,6.54,13796.03,309843.0
1841,Karnataka,Hubli,2016,Rabi,Cotton,2149.71,22.3,85.5,Alluvial,Sprinkler,217.7,31.51,4020.53,8.19,26502.49,525061.0
1842,Karnataka,Hubli,2016,Rabi,Cotton,559.5,19.2,38.9,Alluvial,Rain-fed,223.66,38.03,284.72,8.46,60161.61,21465.0
1843,Karnataka,Hubli,2016,Rabi,Rice,1788.99,19.0,52.1,Alluvial,Tube Well,409.58,13.89,4568.07,2.3,41776.53,176689.0
1844,Karnataka,Hubli,2016,Zaid,Wheat,1746.38,19.4,69.1,Red,Rain-fed,65.82,21.06,697.77,7.37,22630.33,66953.0
1845,Karnataka,Hubli,2016,Zaid,Cotton,1998.68,37.9,46.5,Alluvial,Drip,128.99,28.4,3507.26,5.33,47578.89,240338.0
1846,Karnataka,Hubli,2016,Kharif,Barley,505.77,24.5,61.4,Sandy,Rain-fed,392.09,53.61,3974.51,2.05,58475.97,128954.0
1847,Karnataka,Hubli,2016,Kharif,Wheat,2193.45,24.1,60.5,Black,Sprinkler,396.97,13.89,4670.98,5.26,46725.84,267641.0
1848,Karnataka,Hubli,2016,Zaid,Millets,1931.95,24.0,42.5,Red,Tube Well,243.83,43.35,3885.77,5.64,63396.9,279741.0
1849,Karnataka,Hubli,2016,Kharif,Barley,930.22,26.6,68.3,Laterite,Canal,145.54,48.37,490.49,7.9,38463.8,54816.0
1850,Karnataka,Hubli,2016,Rabi,Cotton,704.77,30.8,41.5,Sandy,Tube Well,163.58,7.63,3578.93,1.8,29782.32,72892.0
1851,Karnataka,Hubli,2016,Kharif,Maize,1099.36,26.1,48.9,Alluvial,Drip,187.76,14.2,1683.56,6.73,38332.95,125981.0
1852,Karnataka,Hubli,2016,Rabi,Pulses,909.39,32.4,38.6,Laterite,Tube Well,333.03,37.11,3026.33,5.68,39591.61,294784.0
1853,Karnataka,Hubli,2016,Rabi,Cotton,1312.03,37.6,67.9,Red,Tube Well,442.46,6.68,619.24,8.43,49140.08,59548.0
1854,Karnataka,Hubli,2016,Kharif,Sugarcane,1058.12,33.6,51.3,Red,Tube Well,108.26,59.48,2296.45,6.49,36151.29,177315.0
1855,Karnataka,Belagavi,2016,Kharif,Pulses,446.6,25.7,35.4,Alluvial,Tube Well,59.02,7.36,1540.9,8.49,60812.01,119209.99999999999
1856,Karnataka,Belagavi,2016,Rabi,Barley,1950.06,23.2,78.3,Laterite,Sprinkler,254.78,47.79,602.78,1.24,63325.98,13308.000000000002
1857,Karnataka,Belagavi,2016,Kharif,Wheat,1610.17,37.8,79.2,Alluvial,Rain-fed,90.12,12.46,789.52,4.64,20930.53,47679.0
1858,Karnataka,Belagavi,2016,Kharif,Maize,652.01,20.9,43.1,Red,Sprinkler,120.0,13.53,164.54,3.23,29317.33,5078.0
1859,Karnataka,Belagavi,2016,Zaid,Cotton,457.51,23.5,37.1,Alluvial,Drip,350.52,19.74,3066.16,2.05,31770.36,99423.0
1860,Karnataka,Belagavi,2016,Zaid,Pulses,1600.62,34.5,87.0,Sandy,Drip,175.77,22.53,3920.87,4.43,19717.8,272031.0
1861,Karnataka,Belagavi,2016,Zaid,Wheat,1824.78,26.7,41.5,Black,Canal,330.08,41.57,4786.86,5.26,14169.55,392582.0
1862,Karnataka,Belagavi,2016,Kharif,Maize,2067.94,18.3,39.0,Sandy,Rain-fed,407.98,10.63,1509.72,7.53,61990.78,118523.0
1863,Karnataka,Belagavi,2016,Zaid,Maize,1815.96,28.2,84.9,Black,Sprinkler,421.93,19.45,2400.7,4.19,36069.01,154180.0
1864,Karnataka,Belagavi,2016,Zaid,Wheat,715.52,30.8,72.1,Alluvial,Drip,420.54,17.28,1989.08,6.72,38379.26,228934.0
1865,Karnataka,Belagavi,2016,Kharif,Millets,1404.96,33.5,71.7,Laterite,Sprinkler,88.94,50.31,3140.77,7.81,35565.54,424643.99999999994
1866,Karnataka,Belagavi,2016,Rabi,Wheat,974.09,24.6,52.8,Black,Sprinkler,187.79,32.11,1923.2,5.38,48987.26,84932.0
1867,Karnataka,Belagavi,2016,Kharif,Wheat,1901.41,30.1,58.6,Laterite,Canal,305.05,42.92,1860.5,2.32,44210.06,57978.0
1868,Karnataka,Belagavi,2016,Rabi,Wheat,1099.31,26.4,48.2,Alluvial,Drip,230.94,20.04,2275.86,1.52,33150.88,32652.0
1869,Karnataka,Belagavi,2016,Rabi,Barley,1594.99,19.4,67.3,Sandy,Sprinkler,270.73,12.7,1177.76,1.35,26858.7,20334.0
1870,Karnataka,Belagavi,2016,Kharif,Maize,1552.27,35.0,51.3,Sandy,Rain-fed,170.52,47.56,2544.6,7.84,29124.76,334444.0
1871,Karnataka,Belagavi,2016,Kharif,Maize,832.7,20.8,48.8,Red,Rain-fed,135.04,33.18,3857.28,3.2,36081.57,114301.0
1872,Karnataka,Belagavi,2016,Rabi,Sugarcane,2096.13,26.0,40.9,Sandy,Tube Well,263.83,22.34,1480.76,8.18,61192.83,143434.0
1873,Karnataka,Mangalore,2016,Rabi,Wheat,691.87,21.3,59.9,Red,Drip,145.66,46.96,1185.95,2.25,54125.9,39376.0
1874,Karnataka,Mangalore,2016,Rabi,Sugarcane,1926.98,24.4,64.6,Laterite,Drip,374.17,33.89,1209.16,3.24,60317.37,36819.0
1875,Karnataka,Mangalore,2016,Kharif,Rice,1196.72,20.0,51.3,Alluvial,Rain-fed,112.79,12.64,742.01,3.4,33585.36,33846.0
1876,Karnataka,Mangalore,2016,Kharif,Sugarcane,1462.61,36.0,56.0,Black,Canal,133.97,52.21,4187.64,4.09,64268.73,277363.0
1877,Karnataka,Mangalore,2016,Kharif,Sugarcane,1455.46,28.0,51.6,Alluvial,Sprinkler,362.09,50.17,137.19,2.3,34153.3,4643.0
1878,Karnataka,Mangalore,2016,Zaid,Sugarcane,1557.38,22.2,69.0,Red,Tube Well,245.76,31.8,3058.14,1.22,46244.77,36705.0
1879,Karnataka,Mangalore,2016,Zaid,Rice,1078.21,21.7,53.7,Red,Canal,336.22,42.24,3530.07,1.67,51217.98,68025.0
1880,Karnataka,Mangalore,2016,Kharif,Millets,1442.86,30.4,84.4,Alluvial,Tube Well,140.76,20.71,3920.22,6.51,63803.05,239056.0
1881,Karnataka,Mangalore,2016,Zaid,Millets,1237.85,33.6,77.3,Alluvial,Sprinkler,163.95,25.73,2261.35,3.3,24988.33,60658.00000000001
1882,Karnataka,Mangalore,2016,Zaid,Cotton,2100.97,25.1,72.3,Laterite,Rain-fed,329.72,10.74,493.37,4.49,38444.52,39192.0
1883,Karnataka,Mangalore,2016,Zaid,Wheat,1020.28,31.2,70.6,Red,Tube Well,353.87,8.68,229.86,5.4,41350.04,20125.0
1884,Karnataka,Mangalore,2016,Rabi,Wheat,1132.2,19.5,74.7,Alluvial,Tube Well,73.95,12.26,439.31,2.03,37358.4,12013.0
1885,Karnataka,Mangalore,2016,Rabi,Millets,1538.7,22.1,48.5,Sandy,Rain-fed,110.47,42.62,703.21,3.8,20231.56,44599.0
1886,Karnataka,Mangalore,2016,Rabi,Pulses,1145.35,36.2,39.6,Red,Drip,164.43,13.37,1626.69,1.36,13532.65,34212.0
1887,Karnataka,Mangalore,2016,Kharif,Maize,1972.66,32.1,39.0,Black,Tube Well,107.28,29.05,3037.25,5.77,57127.21,206792.0
1888,Karnataka,Mangalore,2016,Zaid,Cotton,585.91,31.2,46.1,Black,Canal,323.2,27.7,2893.61,7.64,30063.84,223351.00000000003
1889,Karnataka,Mangalore,2016,Kharif,Rice,577.05,23.5,82.9,Red,Canal,375.81,49.21,901.97,4.32,27520.37,47969.0
1890,Karnataka,Mangalore,2016,Rabi,Maize,1278.13,37.9,52.4,Laterite,Sprinkler,188.17,57.92,4556.98,4.77,56224.41,320105.0
1891,Tamil Nadu,Chennai,2016,Kharif,Millets,2159.37,23.2,59.3,Alluvial,Rain-fed,167.4,28.42,906.96,7.14,42621.08,97664.0
1892,Tamil Nadu,Chennai,2016,Kharif,Barley,1525.85,24.3,87.7,Alluvial,Tube Well,281.44,58.39,2152.15,4.0,61226.89,142795.0
1893,Tamil Nadu,Chennai,2016,Kharif,Maize,1751.25,35.5,74.1,Red,Rain-fed,121.73,56.96,3724.51,6.33,44536.11,326366.0
1894,Tamil Nadu,Chennai,2016,Rabi,Maize,531.31,29.5,51.6,Laterite,Sprinkler,397.47,41.12,4515.07,2.56,53733.37,126301.0
1895,Tamil Nadu,Chennai,2016,Kharif,Wheat,916.37,24.9,62.1,Laterite,Canal,276.9,52.19,771.01,2.05,39546.88,23679.0
1896,Tamil Nadu,Chennai,2016,Kharif,Sugarcane,814.32,30.2,42.4,Laterite,Drip,167.04,35.55,4220.29,8.09,62217.36,537456.0
1897,Tamil Nadu,Chennai,2016,Rabi,Wheat,2067.64,32.0,49.8,Black,Drip,75.61,55.74,2492.36,6.79,35599.15,202303.0
1898,Tamil Nadu,Chennai,2016,Zaid,Barley,760.83,20.3,89.4,Sandy,Rain-fed,403.31,50.4,232.63,8.13,14597.55,31927.0
1899,Tamil Nadu,Chennai,2016,Rabi,Cotton,627.7,34.3,77.5,Alluvial,Sprinkler,397.87,16.19,4964.97,2.75,57003.11,201487.0
1900,Tamil Nadu,Chennai,2016,Zaid,Maize,2089.31,31.8,68.3,Red,Sprinkler,249.51,45.7,520.39,2.71,12462.53,16013.999999999998
1901,Tamil Nadu,Chennai,2016,Kharif,Cotton,2003.17,35.5,68.0,Black,Rain-fed,59.61,59.2,4594.41,3.24,49905.19,126828.0
1902,Tamil Nadu,Chennai,2016,Rabi,Pulses,1774.48,19.9,66.0,Red,Tube Well,136.06,7.75,3300.11,7.7,12048.46,230802.0
1903,Tamil Nadu,Chennai,2016,Zaid,Rice,1255.35,33.7,64.2,Sandy,Canal,326.37,43.97,394.07,7.61,23487.07,39703.0
1904,Tamil Nadu,Chennai,2016,Rabi,Cotton,859.51,19.4,50.5,Black,Sprinkler,158.78,8.51,2087.77,7.72,30016.31,239685.0
1905,Tamil Nadu,Chennai,2016,Rabi,Rice,893.99,30.9,61.3,Sandy,Rain-fed,233.23,24.37,344.7,1.51,45875.57,4701.0
1906,Tamil Nadu,Chennai,2016,Zaid,Barley,907.3,20.2,81.2,Alluvial,Tube Well,230.32,19.42,546.93,7.97,13971.69,73606.0
1907,Tamil Nadu,Chennai,2016,Zaid,Sugarcane,1270.72,20.1,40.1,Sandy,Tube Well,196.33,56.03,2179.04,7.03,63821.6,139832.0
1908,Tamil Nadu,Chennai,2016,Kharif,Barley,1189.37,29.6,74.2,Red,Sprinkler,130.79,15.96,2127.73,4.68,14209.27,111610.99999999999
1909,Tamil Nadu,Coimbatore,2016,Kharif,Sugarcane,1074.86,23.1,70.4,Black,Sprinkler,76.79,24.13,1703.03,6.35,40907.91,113216.00000000001
1910,Tamil Nadu,Coimbatore,2016,Zaid,Maize,908.12,25.8,71.3,Red,Tube Well,87.71,54.8,3531.96,3.65,14295.66,190967.0
1911,Tamil Nadu,Coimbatore,2016,Rabi,Barley,1386.5,30.1,46.4,Black,Tube Well,375.91,47.7,131.65,6.96,30071.54,8774.0
1912,Tamil Nadu,Coimbatore,2016,Zaid,Barley,1174.0,29.2,70.6,Red,Rain-fed,152.02,8.83,1917.78,6.59,15245.19,141539.0
1913,Tamil Nadu,Coimbatore,2016,Zaid,Barley,591.69,22.8,79.2,Alluvial,Tube Well,236.85,15.47,4584.8,5.11,41908.05,297985.0
1914,Tamil Nadu,Coimbatore,2016,Zaid,Sugarcane,1400.03,32.3,44.2,Red,Drip,243.51,31.13,2333.81,6.65,52050.42,142918.0
1915,Tamil Nadu,Coimbatore,2016,Kharif,Pulses,630.89,32.6,70.9,Alluvial,Drip,418.62,15.91,3923.14,1.65,35457.03,57154.99999999999
1916,Tamil Nadu,Coimbatore,2016,Zaid,Cotton,653.46,23.9,51.0,Laterite,Tube Well,136.64,42.28,353.96,6.59,37621.71,37827.0
1917,Tamil Nadu,Coimbatore,2016,Zaid,Rice,1763.3,34.7,78.1,Sandy,Tube Well,411.32,56.41,3421.49,5.45,37161.05,219327.0
1918,Tamil Nadu,Coimbatore,2016,Rabi,Pulses,1789.39,26.1,60.0,Alluvial,Canal,168.4,38.4,3644.8,3.96,57298.8,143579.0
1919,Tamil Nadu,Coimbatore,2016,Kharif,Pulses,674.21,36.7,81.2,Black,Drip,427.99,59.25,1961.32,6.4,22402.66,158022.0
1920,Tamil Nadu,Coimbatore,2016,Kharif,Rice,1443.02,33.2,48.4,Alluvial,Rain-fed,299.51,5.73,204.13,6.26,37346.76,13331.0
1921,Tamil Nadu,Coimbatore,2016,Kharif,Millets,1819.46,29.7,39.5,Laterite,Canal,427.87,7.04,3540.29,1.52,33039.17,87650.0
1922,Tamil Nadu,Coimbatore,2016,Zaid,Wheat,1307.05,20.7,54.2,Black,Drip,278.73,16.49,1382.11,4.62,29822.0,80182.0
1923,Tamil Nadu,Coimbatore,2016,Rabi,Pulses,920.24,28.0,46.4,Laterite,Drip,246.8,9.91,1015.77,3.27,33354.74,45510.0
1924,Tamil Nadu,Coimbatore,2016,Zaid,Barley,2172.91,25.7,50.6,Black,Tube Well,382.7,49.68,212.43,2.72,61947.8,10110.0
1925,Tamil Nadu,Coimbatore,2016,Zaid,Barley,1056.76,33.6,42.8,Black,Rain-fed,207.14,23.32,4305.73,5.52,20821.65,361412.0
1926,Tamil Nadu,Coimbatore,2016,Rabi,Wheat,470.92,18.7,83.4,Alluvial,Rain-fed,320.12,12.77,2775.91,6.05,16577.12,246294.0
1927,Tamil Nadu,Madurai,2016,Zaid,Rice,1460.61,29.2,53.6,Black,Drip,133.39,12.88,4399.32,4.12,46540.23,277249.0
1928,Tamil Nadu,Madurai,2016,Kharif,Pulses,2017.48,34.9,85.0,Alluvial,Sprinkler,202.56,44.2,4179.77,2.67,12681.76,190509.0
1929,Tamil Nadu,Madurai,2016,Kharif,Wheat,1347.38,29.9,47.9,Black,Sprinkler,271.22,33.66,3662.88,7.11,28415.3,422926.0
1930,Tamil Nadu,Madurai,2016,Kharif,Sugarcane,1004.66,37.0,38.5,Red,Drip,267.5,56.88,3804.39,5.76,14680.33,337376.0
1931,Tamil Nadu,Madurai,2016,Kharif,Millets,1150.89,19.8,77.4,Laterite,Sprinkler,207.56,34.36,3249.22,4.94,54971.05,150934.0
1932,Tamil Nadu,Madurai,2016,Rabi,Rice,1027.82,37.7,76.9,Black,Canal,171.24,30.24,3517.3,3.07,36273.92,86789.0
1933,Tamil Nadu,Madurai,2016,Zaid,Rice,465.4,25.0,65.2,Laterite,Sprinkler,134.84,47.89,1298.08,7.49,34930.47,168189.0
1934,Tamil Nadu,Madurai,2016,Rabi,Cotton,2161.72,19.9,67.1,Alluvial,Canal,99.92,21.96,3369.6,5.63,37141.65,229204.0
1935,Tamil Nadu,Madurai,2016,Kharif,Barley,1862.13,26.5,73.0,Laterite,Drip,89.32,32.24,2050.83,7.75,46884.71,213407.00000000003
1936,Tamil Nadu,Madurai,2016,Rabi,Barley,1380.54,36.1,71.7,Black,Sprinkler,59.83,45.08,2042.91,6.86,45913.66,176566.0
1937,Tamil Nadu,Madurai,2016,Rabi,Maize,731.34,26.6,59.4,Red,Drip,382.32,33.32,2892.39,6.22,35719.95,215363.0
1938,Tamil Nadu,Madurai,2016,Zaid,Maize,1390.53,30.8,72.2,Sandy,Canal,335.65,58.21,103.31,3.33,42937.8,5533.0
1939,Tamil Nadu,Madurai,2016,Kharif,Maize,982.23,30.4,61.4,Sandy,Rain-fed,110.92,22.75,3055.98,4.82,27708.45,198712.0
1940,Tamil Nadu,Madurai,2016,Rabi,Wheat,970.76,36.5,85.5,Sandy,Sprinkler,426.48,21.0,3888.71,2.0,62202.9,92359.0
1941,Tamil Nadu,Madurai,2016,Kharif,Sugarcane,1428.98,37.1,42.6,Alluvial,Rain-fed,432.91,52.46,4350.27,3.76,16919.07,218019.0
1942,Tamil Nadu,Madurai,2016,Rabi,Barley,470.88,35.5,54.9,Sandy,Tube Well,67.43,44.51,999.81,3.17,49312.32,31089.999999999996
1943,Tamil Nadu,Madurai,2016,Rabi,Pulses,1551.01,37.8,69.5,Alluvial,Canal,307.02,47.57,2989.29,1.33,17388.79,66681.0
1944,Tamil Nadu,Madurai,2016,Kharif,Barley,1904.1,18.7,50.1,Black,Drip,278.65,58.3,2067.35,5.89,30265.37,218628.00000000003
1945,Tamil Nadu,Salem,2016,Kharif,Barley,1488.51,34.4,69.9,Red,Drip,56.27,14.25,305.05,6.91,38419.17,20985.0
1946,Tamil Nadu,Salem,2016,Kharif,Barley,1572.17,26.5,49.3,Red,Tube Well,371.97,29.82,1272.17,8.1,50943.18,112143.0
1947,Tamil Nadu,Salem,2016,Kharif,Rice,1852.17,33.3,51.8,Laterite,Sprinkler,428.41,57.86,1900.65,4.18,53179.56,102967.0
1948,Tamil Nadu,Salem,2016,Zaid,Millets,1820.17,25.2,51.7,Sandy,Tube Well,425.9,17.04,1718.5,1.68,32183.31,35486.0
1949,Tamil Nadu,Salem,2016,Rabi,Pulses,2069.46,28.3,71.6,Sandy,Tube Well,399.03,32.87,3954.09,5.3,57375.93,306250.0
1950,Tamil Nadu,Salem,2016,Rabi,Maize,1938.42,34.6,46.9,Laterite,Rain-fed,441.45,50.64,2636.17,2.95,13552.82,113773.0
1951,Tamil Nadu,Salem,2016,Zaid,Millets,408.24,28.2,68.5,Red,Rain-fed,147.48,47.52,3287.18,6.83,44334.45,228655.00000000003
1952,Tamil Nadu,Salem,2016,Kharif,Sugarcane,1968.28,32.6,89.8,Red,Canal,326.2,52.66,255.2,1.37,50375.17,3865.0
1953,Tamil Nadu,Salem,2016,Kharif,Maize,1357.62,26.0,44.1,Sandy,Canal,379.09,7.81,1065.66,2.46,64248.01,36793.0
1954,Tamil Nadu,Salem,2016,Zaid,Millets,1204.31,36.3,62.0,Alluvial,Drip,106.75,58.47,1642.19,5.84,60870.55,140687.0
1955,Tamil Nadu,Salem,2016,Rabi,Wheat,514.18,20.8,65.8,Alluvial,Drip,190.47,24.49,3415.26,6.23,45709.37,234026.00000000003
1956,Tamil Nadu,Salem,2016,Kharif,Rice,960.97,24.9,83.7,Laterite,Sprinkler,105.71,30.52,1397.63,6.19,47633.79,89328.0
1957,Tamil Nadu,Salem,2016,Rabi,Pulses,738.56,33.9,74.9,Red,Drip,90.23,12.82,3318.42,5.41,26562.88,299619.0
1958,Tamil Nadu,Salem,2016,Rabi,Millets,1870.81,21.0,58.9,Black,Sprinkler,320.26,54.84,4050.01,3.71,48670.74,198874.0
1959,Tamil Nadu,Salem,2016,Zaid,Sugarcane,1397.21,31.5,54.2,Alluvial,Sprinkler,186.89,9.41,3196.41,4.35,14171.82,195166.0
1960,Tamil Nadu,Salem,2016,Kharif,Sugarcane,983.52,19.6,71.6,Laterite,Drip,419.26,23.92,1851.65,6.72,23655.74,156006.0
1961,Tamil Nadu,Salem,2016,Rabi,Millets,735.66,34.9,57.9,Laterite,Rain-fed,129.92,29.32,1987.83,8.48,19441.05,149498.0
1962,Tamil Nadu,Salem,2016,Kharif,Barley,1694.46,33.2,76.1,Sandy,Tube Well,354.42,19.15,597.37,6.7,13523.61,42327.0
1963,Tamil Nadu,Tiruchirappalli,2016,Zaid,Barley,687.61,29.8,86.3,Sandy,Rain-fed,219.56,17.87,3057.19,4.35,13069.41,218642.99999999997
1964,Tamil Nadu,Tiruchirappalli,2016,Kharif,Rice,1184.49,27.9,38.3,Laterite,Tube Well,184.23,44.18,3633.41,7.2,40612.2,449356.00000000006
1965,Tamil Nadu,Tiruchirappalli,2016,Kharif,Sugarcane,1618.06,20.0,44.5,Red,Sprinkler,354.24,20.42,1222.84,6.86,60747.17,111619.0
1966,Tamil Nadu,Tiruchirappalli,2016,Zaid,Pulses,1930.38,19.8,51.0,Black,Sprinkler,110.9,12.99,3078.25,2.97,27782.34,77363.0
1967,Tamil Nadu,Tiruchirappalli,2016,Kharif,Maize,1813.78,22.8,48.5,Red,Rain-fed,103.01,24.9,1918.32,3.96,21794.68,107083.99999999999
1968,Tamil Nadu,Tiruchirappalli,2016,Kharif,Wheat,1747.28,30.6,45.7,Alluvial,Canal,84.03,51.8,1095.3,3.38,35101.57,52386.0
1969,Tamil Nadu,Tiruchirappalli,2016,Rabi,Maize,1596.05,29.7,61.6,Sandy,Drip,321.28,10.9,177.42,2.27,42980.97,7043.000000000001
1970,Tamil Nadu,Tiruchirappalli,2016,Kharif,Barley,2025.85,37.2,79.5,Alluvial,Sprinkler,413.88,16.75,892.45,2.01,34650.12,26644.0
1971,Tamil Nadu,Tiruchirappalli,2016,Rabi,Millets,811.46,30.4,43.6,Laterite,Tube Well,287.48,18.54,2879.28,1.75,29079.94,51286.0
1972,Tamil Nadu,Tiruchirappalli,2016,Zaid,Rice,1791.18,25.2,66.1,Alluvial,Rain-fed,322.98,31.8,2266.15,3.33,57073.46,116249.0
1973,Tamil Nadu,Tiruchirappalli,2016,Zaid,Sugarcane,501.66,23.5,37.8,Laterite,Sprinkler,373.55,14.77,741.57,5.92,51347.27,57982.00000000001
1974,Tamil Nadu,Tiruchirappalli,2016,Kharif,Wheat,1996.7,32.9,52.0,Alluvial,Rain-fed,188.49,8.04,3012.78,4.87,35987.22,175568.0
1975,Tamil Nadu,Tiruchirappalli,2016,Kharif,Wheat,1488.26,32.4,46.3,Black,Tube Well,213.23,42.94,3429.16,3.37,15646.79,174613.0
1976,Tamil Nadu,Tiruchirappalli,2016,Rabi,Rice,480.38,35.8,80.7,Laterite,Canal,316.01,29.55,451.19,7.56,28619.32,35600.0
1977,Tamil Nadu,Tiruchirappalli,2016,Zaid,Rice,1381.89,21.2,35.2,Black,Canal,144.01,41.16,928.39,7.01,21212.07,102238.0
1978,Tamil Nadu,Tiruchirappalli,2016,Zaid,Barley,1341.35,32.5,70.0,Laterite,Drip,138.91,51.26,1264.04,5.33,47380.91,59690.0
1979,Tamil Nadu,Tiruchirappalli,2016,Kharif,Barley,1480.42,27.3,63.1,Red,Canal,332.57,40.64,2199.21,2.54,14265.31,64439.0
1980,Tamil Nadu,Tiruchirappalli,2016,Zaid,Wheat,2139.74,36.3,60.1,Red,Canal,223.48,19.79,1889.4,7.0,54106.16,194590.0
1981,Rajasthan,Jaipur,2016,Rabi,Maize,790.04,18.1,55.4,Red,Rain-fed,355.9,53.52,2962.29,1.79,26036.06,76493.0
1982,Rajasthan,Jaipur,2016,Rabi,Barley,1489.91,20.8,56.7,Alluvial,Sprinkler,185.37,50.25,3040.2,4.51,38421.36,142094.0
1983,Rajasthan,Jaipur,2016,Zaid,Barley,1750.15,34.9,48.2,Black,Canal,191.75,10.86,3736.71,6.78,32229.19,399369.0
1984,Rajasthan,Jaipur,2016,Kharif,Pulses,1054.22,22.1,40.4,Black,Rain-fed,267.79,51.86,2441.35,3.29,64615.91,77579.0
1985,Rajasthan,Jaipur,2016,Kharif,Barley,2130.55,24.0,78.3,Alluvial,Tube Well,404.3,14.67,2178.89,6.51,12044.97,248433.0
1986,Rajasthan,Jaipur,2016,Zaid,Barley,1802.44,31.7,44.6,Laterite,Drip,318.38,25.6,1548.06,2.86,43851.17,79267.0
1987,Rajasthan,Jaipur,2016,Kharif,Barley,871.48,18.5,48.8,Laterite,Sprinkler,175.28,34.63,2870.35,5.53,59826.89,274123.0
1988,Rajasthan,Jaipur,2016,Rabi,Sugarcane,405.38,23.6,47.1,Sandy,Drip,323.16,55.63,1216.4,6.52,48575.05,69694.0
1989,Rajasthan,Jaipur,2016,Kharif,Maize,1803.04,32.1,87.1,Alluvial,Rain-fed,95.45,40.41,2464.52,1.62,29481.02,40846.0
1990,Rajasthan,Jaipur,2016,Kharif,Wheat,1078.82,36.7,43.0,Alluvial,Canal,87.68,34.88,934.66,4.95,26880.59,42753.0
1991,Rajasthan,Jaipur,2016,Zaid,Rice,1203.43,29.7,89.4,Sandy,Rain-fed,210.19,7.94,4154.18,3.64,35754.58,213636.0
1992,Rajasthan,Jaipur,2016,Zaid,Millets,2009.9,29.6,59.7,Laterite,Rain-fed,290.11,22.36,4656.31,2.18,37987.62,92410.0
1993,Rajasthan,Jaipur,2016,Zaid,Barley,1040.7,32.8,65.4,Red,Tube Well,263.81,10.61,4708.38,8.27,34931.43,503284.0
1994,Rajasthan,Jaipur,2016,Rabi,Sugarcane,570.48,26.2,80.6,Alluvial,Tube Well,117.27,30.35,4779.91,7.28,35777.46,340325.0
1995,Rajasthan,Jaipur,2016,Zaid,Cotton,1495.84,22.4,85.3,Sandy,Sprinkler,252.85,9.88,4211.98,2.74,57206.12,174327.0
1996,Rajasthan,Jaipur,2016,Rabi,Wheat,1105.53,37.6,44.2,Black,Drip,68.94,47.0,3250.71,1.29,16073.57,75109.0
1997,Rajasthan,Jaipur,2016,Rabi,Rice,1100.23,34.0,73.0,Sandy,Canal,218.64,11.63,4204.13,1.76,44537.77,98180.0
1998,Rajasthan,Jaipur,2016,Kharif,Wheat,958.85,30.0,38.1,Red,Tube Well,240.49,13.98,1850.56,3.36,39342.09,70443.0
1999,Rajasthan,Jodhpur,2016,Kharif,Sugarcane,1624.15,36.3,65.1,Red,Rain-fed,382.35,13.42,4268.0,8.49,23544.84,518932.0
2000,Rajasthan,Jodhpur,2016,Rabi,Rice,1188.3,23.4,80.8,Laterite,Tube Well,330.23,15.13,2832.49,7.61,45355.57,354162.0
2001,Rajasthan,Jodhpur,2016,Zaid,Maize,2028.29,20.1,73.7,Red,Rain-fed,122.88,15.33,4074.38,2.09,40726.0,87988.0
2002,Rajasthan,Jodhpur,2016,Rabi,Cotton,575.8,22.2,77.5,Sandy,Tube Well,150.68,17.86,1638.36,2.79,14794.23,47647.0
2003,Rajasthan,Jodhpur,2016,Rabi,Pulses,1795.31,30.4,70.8,Alluvial,Sprinkler,221.46,41.39,1875.58,6.95,40534.1,121959.99999999999
2004,Rajasthan,Jodhpur,2016,Kharif,Maize,1664.71,27.2,70.0,Black,Drip,406.81,23.07,4733.97,7.96,34182.46,492970.0
2005,Rajasthan,Jodhpur,2016,Kharif,Millets,745.8,26.6,36.6,Red,Drip,326.96,11.66,3318.63,6.36,63654.91,317937.0
2006,Rajasthan,Jodhpur,2016,Rabi,Maize,1563.41,32.7,87.0,Black,Drip,87.62,38.92,4409.84,7.33,24165.31,520217.0
2007,Rajasthan,Jodhpur,2016,Zaid,Sugarcane,1180.98,24.2,35.8,Red,Drip,406.62,10.49,3975.42,3.32,20914.38,205998.0
2008,Rajasthan,Jodhpur,2016,Kharif,Wheat,683.22,23.6,79.5,Alluvial,Sprinkler,351.58,5.4,3044.52,4.41,30604.98,227502.0
2009,Rajasthan,Jodhpur,2016,Zaid,Barley,1583.27,37.6,57.9,Sandy,Canal,159.59,38.7,2922.19,1.95,38234.62,56550.0
2010,Rajasthan,Jodhpur,2016,Kharif,Sugarcane,1241.42,24.4,80.7,Laterite,Canal,103.69,51.13,4951.58,6.2,45050.23,401729.0
2011,Rajasthan,Jodhpur,2016,Kharif,Rice,448.89,22.0,56.1,Laterite,Tube Well,296.6,14.97,2931.75,8.43,13867.33,434189.99999999994
2012,Rajasthan,Jodhpur,2016,Rabi,Barley,1179.01,31.3,89.9,Alluvial,Canal,289.98,47.65,2892.25,2.91,40474.75,75182.0
2013,Rajasthan,Jodhpur,2016,Rabi,Sugarcane,1495.89,18.3,69.2,Laterite,Drip,142.2,48.67,721.4,5.97,57509.07,47118.0
2014,Rajasthan,Jodhpur,2016,Zaid,Sugarcane,886.29,21.8,79.3,Sandy,Tube Well,319.82,34.63,1227.35,2.94,23060.41,42252.0
2015,Rajasthan,Jodhpur,2016,Rabi,Barley,2024.55,23.1,37.1,Sandy,Drip,223.86,49.46,4078.48,2.48,25201.74,137763.0
2016,Rajasthan,Jodhpur,2016,Zaid,Pulses,1018.35,27.0,46.2,Sandy,Rain-fed,378.48,6.19,4323.65,2.39,52233.27,140478.0
2017,Rajasthan,Udaipur,2016,Rabi,Cotton,1982.45,36.4,81.4,Black,Rain-fed,396.25,18.68,2191.91,7.8,58302.1,208915.0
2018,Rajasthan,Udaipur,2016,Zaid,Rice,1911.11,27.4,53.0,Red,Rain-fed,153.45,11.85,2792.29,2.67,13994.69,103773.0
2019,Rajasthan,Udaipur,2016,Rabi,Maize,1390.86,37.0,46.7,Laterite,Tube Well,159.91,20.66,3675.66,5.91,47348.99,285952.0
2020,Rajasthan,Udaipur,2016,Kharif,Cotton,1222.57,26.2,40.9,Red,Sprinkler,330.11,52.03,209.02,7.5,57321.1,21700.0
2021,Rajasthan,Udaipur,2016,Rabi,Millets,2034.73,19.6,88.0,Laterite,Tube Well,135.96,33.8,4000.98,8.14,61414.14,406458.0
2022,Rajasthan,Udaipur,2016,Zaid,Pulses,1153.9,32.6,35.0,Red,Rain-fed,185.48,34.86,2575.4,8.09,48369.92,246761.0
2023,Rajasthan,Udaipur,2016,Rabi,Maize,767.94,31.9,88.3,Red,Canal,197.17,53.82,4918.58,5.4,29366.31,446995.0
2024,Rajasthan,Udaipur,2016,Rabi,Pulses,1806.77,26.2,73.9,Black,Sprinkler,366.4,17.61,1781.46,1.53,55715.67,42231.0
2025,Rajasthan,Udaipur,2016,Kharif,Barley,529.78,34.6,64.5,Black,Sprinkler,117.13,23.21,2283.94,3.39,13764.5,72010.0
2026,Rajasthan,Udaipur,2016,Kharif,Pulses,1968.33,38.0,58.5,Sandy,Rain-fed,118.97,25.7,4171.52,4.95,53848.03,295113.0
2027,Rajasthan,Udaipur,2016,Kharif,Sugarcane,1765.73,26.1,65.8,Alluvial,Drip,70.71,26.19,1683.07,3.76,13004.1,103778.0
2028,Rajasthan,Udaipur,2016,Rabi,Millets,1388.69,25.5,53.3,Black,Tube Well,436.74,38.57,1121.14,6.74,46063.12,98515.0
2029,Rajasthan,Udaipur,2016,Rabi,Millets,1030.5,25.5,61.1,Red,Rain-fed,406.61,26.3,2133.27,1.58,22298.06,41204.0
2030,Rajasthan,Udaipur,2016,Kharif,Sugarcane,1531.96,23.2,63.0,Black,Drip,289.1,46.1,3621.78,2.9,40472.5,154844.0
2031,Rajasthan,Udaipur,2016,Rabi,Pulses,1191.54,26.4,61.2,Red,Tube Well,386.88,54.62,2297.62,2.8,18573.69,80192.0
2032,Rajasthan,Udaipur,2016,Zaid,Millets,1995.06,21.5,57.7,Sandy,Tube Well,104.36,18.48,2022.83,5.13,48920.88,135882.0
2033,Rajasthan,Udaipur,2016,Rabi,Millets,876.94,27.9,77.5,Black,Sprinkler,199.73,19.99,1505.59,2.95,27118.77,57848.0
2034,Rajasthan,Udaipur,2016,Rabi,Pulses,1927.19,26.9,60.3,Sandy,Tube Well,151.5,50.42,234.73,6.7,24721.39,18704.0
2035,Rajasthan,Kota,2016,Kharif,Cotton,445.04,35.4,36.2,Alluvial,Rain-fed,396.63,28.17,1837.99,3.45,35593.06,63392.99999999999
2036,Rajasthan,Kota,2016,Kharif,Millets,1779.76,31.0,46.4,Laterite,Rain-fed,298.8,8.2,258.36,6.44,42261.69,17932.0
2037,Rajasthan,Kota,2016,Rabi,Barley,1042.72,28.1,48.3,Red,Drip,166.2,19.49,1296.41,8.38,54425.98,158037.0
2038,Rajasthan,Kota,2016,Kharif,Pulses,2116.9,36.3,82.6,Alluvial,Rain-fed,102.05,27.64,4920.88,5.81,60517.35,420593.99999999994
2039,Rajasthan,Kota,2016,Rabi,Millets,452.03,38.0,75.5,Alluvial,Canal,78.06,45.46,4093.17,5.47,51933.61,260094.0
2040,Rajasthan,Kota,2016,Rabi,Barley,1900.39,37.9,39.8,Laterite,Canal,90.72,53.77,2561.67,6.67,35734.57,295448.0
2041,Rajasthan,Kota,2016,Rabi,Cotton,1714.3,27.4,58.4,Sandy,Tube Well,87.2,40.36,3274.76,4.93,47453.27,174469.0
2042,Rajasthan,Kota,2016,Rabi,Barley,1608.19,35.2,80.9,Sandy,Sprinkler,269.02,13.1,3109.14,6.6,49736.78,239854.0
2043,Rajasthan,Kota,2016,Rabi,Pulses,430.2,30.8,38.7,Laterite,Rain-fed,337.33,43.58,3489.11,1.23,21565.47,64562.0
2044,Rajasthan,Kota,2016,Kharif,Wheat,967.98,34.8,72.4,Sandy,Tube Well,299.26,28.23,4581.67,1.69,14904.14,67150.0
2045,Rajasthan,Kota,2016,Kharif,Barley,458.02,27.7,59.8,Red,Tube Well,147.45,35.35,4206.24,3.05,50861.31,166821.0
2046,Rajasthan,Kota,2016,Zaid,Cotton,1956.54,34.6,35.1,Black,Sprinkler,180.93,19.44,605.25,7.99,51554.14,71195.0
2047,Rajasthan,Kota,2016,Rabi,Millets,1561.25,34.8,89.6,Laterite,Rain-fed,264.91,46.12,3528.44,7.47,33921.85,454843.0
2048,Rajasthan,Kota,2016,Rabi,Rice,766.82,37.4,85.5,Red,Sprinkler,80.54,42.09,142.45,3.79,31816.07,5763.0
2049,Rajasthan,Kota,2016,Zaid,Rice,1028.67,37.0,86.5,Sandy,Canal,360.33,25.06,922.16,2.07,41170.0,21530.0
2050,Rajasthan,Kota,2016,Kharif,Cotton,1670.59,31.5,88.5,Laterite,Tube Well,416.67,58.41,2814.6,3.94,31133.31,146252.0
2051,Rajasthan,Kota,2016,Zaid,Pulses,1764.22,21.6,64.6,Alluvial,Canal,426.99,10.34,1179.66,5.09,62593.48,53541.99999999999
2052,Rajasthan,Kota,2016,Kharif,Sugarcane,2128.93,19.3,49.2,Sandy,Rain-fed,204.07,19.25,3547.53,8.37,21171.62,509151.0
2053,Rajasthan,Ajmer,2016,Kharif,Millets,1740.21,22.8,77.0,Red,Canal,70.81,37.32,4626.33,2.47,39295.55,109098.0
2054,Rajasthan,Ajmer,2016,Kharif,Rice,932.3,26.0,45.8,Alluvial,Drip,83.54,53.55,1846.16,2.63,14860.61,41891.0
2055,Rajasthan,Ajmer,2016,Rabi,Wheat,1855.24,23.9,59.7,Sandy,Sprinkler,263.13,41.94,589.06,1.55,64990.27,14065.0
2056,Rajasthan,Ajmer,2016,Kharif,Cotton,1594.56,24.3,60.1,Sandy,Drip,346.57,43.94,1263.17,7.04,29253.43,149962.0
2057,Rajasthan,Ajmer,2016,Zaid,Rice,654.45,36.8,82.2,Alluvial,Canal,289.18,23.77,369.87,3.44,16347.81,18044.0
2058,Rajasthan,Ajmer,2016,Zaid,Barley,2149.06,36.4,76.2,Sandy,Drip,442.88,25.93,3117.71,1.33,59444.09,70002.0
2059,Rajasthan,Ajmer,2016,Rabi,Maize,1595.48,20.7,75.7,Red,Tube Well,211.8,12.78,4138.71,7.95,20053.08,290768.0
2060,Rajasthan,Ajmer,2016,Zaid,Maize,1570.69,25.6,69.0,Alluvial,Canal,361.64,57.5,249.34,2.61,26362.47,8935.0
2061,Rajasthan,Ajmer,2016,Zaid,Wheat,1021.47,22.6,71.4,Laterite,Canal,303.66,55.74,4741.2,3.77,18863.83,166708.0
2062,Rajasthan,Ajmer,2016,Kharif,Sugarcane,684.22,18.6,87.8,Sandy,Tube Well,314.4,55.21,1409.92,3.68,38147.33,48192.0
2063,Rajasthan,Ajmer,2016,Zaid,Rice,660.55,25.0,51.2,Alluvial,Drip,124.51,44.45,319.01,6.14,39121.14,33798.0
2064,Rajasthan,Ajmer,2016,Rabi,Barley,428.68,25.6,50.8,Laterite,Rain-fed,61.47,48.52,4175.59,3.11,34180.98,150458.0
2065,Rajasthan,Ajmer,2016,Zaid,Millets,2118.31,26.0,88.9,Sandy,Sprinkler,436.42,7.29,2939.9,3.08,16421.87,117956.0
2066,Rajasthan,Ajmer,2016,Zaid,Pulses,1184.17,37.3,49.3,Sandy,Tube Well,64.11,54.53,1713.22,7.34,34865.0,117518.0
2067,Rajasthan,Ajmer,2016,Kharif,Millets,1710.41,25.6,58.4,Laterite,Drip,443.01,58.72,3154.86,2.93,22918.19,134866.0
2068,Rajasthan,Ajmer,2016,Zaid,Maize,1918.02,18.5,39.9,Red,Tube Well,89.07,44.98,1048.3,3.99,60871.56,53622.0
2069,Rajasthan,Ajmer,2016,Rabi,Rice,1756.6,30.3,46.8,Black,Sprinkler,56.67,23.11,3823.65,6.53,57412.41,329847.0
2070,Rajasthan,Ajmer,2016,Kharif,Maize,2111.33,29.4,51.9,Red,Tube Well,285.65,46.44,1372.12,7.1,50747.08,171171.0
2071,West Bengal,Kolkata,2016,Kharif,Maize,1409.43,29.8,83.5,Laterite,Tube Well,432.93,27.49,1153.76,1.61,41913.17,28397.000000000004
2072,West Bengal,Kolkata,2016,Zaid,Wheat,1854.09,23.1,63.1,Black,Sprinkler,256.83,49.81,2690.73,6.82,56239.8,207681.0
2073,West Bengal,Kolkata,2016,Kharif,Maize,1061.61,31.3,71.4,Sandy,Drip,315.42,53.0,878.37,7.82,49995.92,116844.0
2074,West Bengal,Kolkata,2016,Rabi,Maize,841.84,22.2,59.0,Laterite,Sprinkler,253.98,23.86,2722.37,3.38,61932.45,112481.0
2075,West Bengal,Kolkata,2016,Rabi,Wheat,1499.46,26.0,52.8,Black,Canal,270.67,31.38,1417.12,3.25,29249.05,63320.00000000001
2076,West Bengal,Kolkata,2016,Zaid,Sugarcane,1043.35,22.0,86.6,Sandy,Tube Well,178.95,23.95,3957.73,3.61,45310.94,246281.0
2077,West Bengal,Kolkata,2016,Kharif,Cotton,1367.41,27.1,50.2,Laterite,Tube Well,436.79,8.54,3216.96,8.29,32445.9,449985.00000000006
2078,West Bengal,Kolkata,2016,Rabi,Pulses,1769.1,34.8,70.9,Alluvial,Rain-fed,365.96,39.04,2179.56,3.64,26215.7,95700.0
2079,West Bengal,Kolkata,2016,Kharif,Barley,959.22,20.2,57.2,Red,Sprinkler,261.76,28.47,4683.29,1.26,54874.03,80591.0
2080,West Bengal,Kolkata,2016,Rabi,Maize,509.85,20.2,78.1,Black,Drip,384.85,9.72,3708.4,5.4,46567.01,191289.0
2081,West Bengal,Kolkata,2016,Rabi,Cotton,1766.78,33.8,46.8,Laterite,Canal,358.92,38.01,2450.03,4.19,14587.45,146637.0
2082,West Bengal,Kolkata,2016,Rabi,Rice,1848.04,35.5,88.4,Black,Tube Well,159.84,48.65,1063.02,3.39,12265.43,59046.0
2083,West Bengal,Kolkata,2016,Rabi,Sugarcane,1074.51,35.6,57.0,Black,Sprinkler,444.71,31.73,4649.87,3.58,26445.98,279787.0
2084,West Bengal,Kolkata,2016,Kharif,Maize,2006.49,18.8,84.0,Alluvial,Rain-fed,243.82,19.7,3763.92,8.43,45548.58,297558.0
2085,West Bengal,Kolkata,2016,Rabi,Sugarcane,1111.16,31.9,78.6,Laterite,Drip,299.62,8.46,3036.57,2.32,40127.93,125502.0
2086,West Bengal,Kolkata,2016,Kharif,Pulses,1728.15,21.4,39.7,Sandy,Drip,402.5,24.66,1672.81,7.67,53587.39,210217.99999999997
2087,West Bengal,Kolkata,2016,Rabi,Wheat,1612.44,27.1,83.1,Laterite,Tube Well,269.61,9.91,877.7,2.53,25770.55,38691.0
2088,West Bengal,Kolkata,2016,Zaid,Cotton,919.43,25.9,59.5,Sandy,Canal,293.8,50.77,4172.83,7.26,16355.86,479043.99999999994
2089,West Bengal,Howrah,2016,Kharif,Rice,1220.95,25.5,38.8,Alluvial,Tube Well,279.03,42.84,1564.78,6.99,44012.81,105573.0
2090,West Bengal,Howrah,2016,Rabi,Cotton,1515.84,21.6,76.8,Red,Tube Well,353.98,33.45,3256.05,6.04,37221.04,243860.0
2091,West Bengal,Howrah,2016,Kharif,Pulses,1448.23,18.7,36.0,Laterite,Sprinkler,180.46,44.89,1390.29,6.99,23143.08,158925.0
2092,West Bengal,Howrah,2016,Kharif,Millets,1583.04,20.0,82.3,Laterite,Tube Well,370.28,14.61,790.23,1.22,42859.92,15113.999999999998
2093,West Bengal,Howrah,2016,Zaid,Sugarcane,937.22,20.3,46.6,Red,Tube Well,287.5,30.66,4971.14,6.05,17818.86,526243.0
2094,West Bengal,Howrah,2016,Kharif,Millets,1945.85,33.3,68.8,Red,Rain-fed,155.13,41.48,4111.37,6.01,48794.42,317208.0
2095,West Bengal,Howrah,2016,Rabi,Millets,2131.46,24.7,49.0,Red,Tube Well,139.3,19.87,4835.38,5.83,28378.09,336453.0
2096,West Bengal,Howrah,2016,Zaid,Sugarcane,1515.23,24.3,48.1,Red,Tube Well,107.83,25.17,1927.11,5.23,56201.46,148577.0
2097,West Bengal,Howrah,2016,Zaid,Cotton,1899.16,25.2,62.6,Alluvial,Drip,311.45,27.13,861.38,7.75,40137.86,114093.0
2098,West Bengal,Howrah,2016,Zaid,Barley,701.76,22.3,75.5,Laterite,Canal,364.84,40.09,2275.79,3.39,36645.74,81132.0
2099,West Bengal,Howrah,2016,Rabi,Cotton,1713.16,27.9,67.4,Sandy,Rain-fed,338.15,49.37,3498.32,8.31,18597.73,334113.0
2100,West Bengal,Howrah,2016,Kharif,Wheat,1332.76,22.3,86.6,Alluvial,Canal,199.15,47.16,281.69,4.57,22121.07,20914.0
2101,West Bengal,Howrah,2016,Rabi,Millets,1026.28,31.6,71.2,Sandy,Canal,65.73,10.77,3773.55,8.06,36380.63,483771.0
2102,West Bengal,Howrah,2016,Rabi,Millets,1377.39,32.0,44.8,Sandy,Drip,261.6,22.26,579.55,7.8,20273.08,70034.0
2103,West Bengal,Howrah,2016,Zaid,Barley,1201.31,31.5,54.4,Sandy,Tube Well,129.18,28.56,4999.3,3.89,47711.76,224819.0
2104,West Bengal,Howrah,2016,Kharif,Wheat,1280.29,27.1,42.3,Sandy,Canal,265.33,19.85,518.34,2.76,54444.81,23180.0
2105,West Bengal,Howrah,2016,Zaid,Rice,889.79,18.9,60.7,Black,Rain-fed,392.91,14.07,3212.74,8.32,24015.68,322147.0
2106,West Bengal,Howrah,2016,Zaid,Millets,1682.08,32.5,57.8,Alluvial,Canal,357.45,53.64,4758.4,3.16,63053.07,149767.0
2107,West Bengal,Darjeeling,2016,Rabi,Millets,1612.38,22.6,55.0,Black,Tube Well,301.56,51.39,2847.53,2.32,55691.19,86784.0
2108,West Bengal,Darjeeling,2016,Rabi,Sugarcane,2014.47,27.4,67.5,Sandy,Canal,155.77,47.81,434.72,7.67,57791.12,44116.0
2109,West Bengal,Darjeeling,2016,Rabi,Rice,1858.45,31.4,87.6,Alluvial,Canal,368.71,14.14,1392.89,6.0,29080.38,80152.0
2110,West Bengal,Darjeeling,2016,Rabi,Millets,1821.49,28.9,79.3,Red,Rain-fed,108.7,23.32,3131.61,3.43,63767.52,167435.0
2111,West Bengal,Darjeeling,2016,Zaid,Barley,2046.48,32.0,44.9,Sandy,Rain-fed,324.58,22.44,1503.41,1.76,39600.91,42264.0
2112,West Bengal,Darjeeling,2016,Kharif,Rice,784.89,36.4,45.3,Sandy,Drip,436.55,42.79,807.48,2.7,55753.06,31470.0
2113,West Bengal,Darjeeling,2016,Zaid,Millets,1907.5,32.4,63.2,Black,Drip,362.13,34.54,4499.26,7.49,61772.28,357272.0
2114,West Bengal,Darjeeling,2016,Zaid,Wheat,2103.01,23.2,63.7,Black,Tube Well,129.33,22.8,4876.41,7.77,17898.48,470937.0
2115,West Bengal,Darjeeling,2016,Zaid,Wheat,752.07,28.2,83.3,Laterite,Tube Well,207.96,21.01,4548.89,1.54,42369.53,125492.0
2116,West Bengal,Darjeeling,2016,Zaid,Rice,2148.38,22.7,60.6,Laterite,Drip,107.75,38.2,112.66,4.27,37587.36,7881.0
2117,West Bengal,Darjeeling,2016,Kharif,Rice,1298.18,18.8,65.0,Alluvial,Drip,388.22,26.71,341.7,3.39,38553.21,18695.0
2118,West Bengal,Darjeeling,2016,Rabi,Maize,1096.82,23.9,53.1,Black,Sprinkler,210.24,38.81,2389.61,2.0,44482.34,57412.0
2119,West Bengal,Darjeeling,2016,Kharif,Wheat,1096.43,36.2,78.8,Red,Canal,277.65,58.09,3624.66,6.68,46194.16,249262.0
2120,West Bengal,Darjeeling,2016,Rabi,Millets,1628.82,20.5,38.8,Alluvial,Tube Well,395.35,35.73,589.22,4.1,40875.95,33328.0
2121,West Bengal,Darjeeling,2016,Kharif,Cotton,715.27,37.2,85.7,Laterite,Canal,76.79,18.69,4516.51,6.52,53390.82,335976.0
2122,West Bengal,Darjeeling,2016,Zaid,Maize,713.62,26.5,75.4,Black,Drip,352.69,35.27,2599.22,3.88,26646.25,81735.0
2123,West Bengal,Darjeeling,2016,Rabi,Pulses,1381.43,33.1,80.5,Alluvial,Tube Well,126.85,51.16,3230.01,1.23,31190.65,41291.0
2124,West Bengal,Darjeeling,2016,Kharif,Cotton,1008.53,23.1,66.6,Black,Sprinkler,358.6,43.83,698.38,7.6,50923.45,58611.0
2125,West Bengal,Siliguri,2016,Zaid,Sugarcane,740.92,29.4,55.2,Laterite,Canal,430.6,37.06,2462.74,5.42,61381.79,152018.0
2126,West Bengal,Siliguri,2016,Kharif,Millets,2072.1,19.6,61.7,Black,Rain-fed,60.73,6.8,2112.95,4.5,15020.15,130560.99999999999
2127,West Bengal,Siliguri,2016,Rabi,Barley,408.66,19.9,56.6,Sandy,Rain-fed,266.35,17.75,3209.5,5.25,29000.29,175082.0
2128,West Bengal,Siliguri,2016,Rabi,Rice,1760.9,27.1,80.8,Sandy,Tube Well,233.0,52.61,2234.36,1.64,32552.01,37539.0
2129,West Bengal,Siliguri,2016,Zaid,Sugarcane,1916.97,30.8,61.0,Laterite,Rain-fed,144.53,17.52,967.53,5.44,34270.54,85725.0
2130,West Bengal,Siliguri,2016,Zaid,Millets,2013.05,23.3,82.8,Laterite,Drip,96.52,5.02,2759.94,7.75,57515.62,296598.0
2131,West Bengal,Siliguri,2016,Rabi,Rice,1374.52,37.8,56.3,Sandy,Rain-fed,392.58,51.48,894.77,1.58,43500.63,23308.0
2132,West Bengal,Siliguri,2016,Zaid,Millets,1144.4,20.3,40.9,Red,Tube Well,243.65,59.63,2416.02,3.44,35827.47,90585.0
2133,West Bengal,Siliguri,2016,Zaid,Pulses,1230.4,28.2,78.5,Alluvial,Drip,110.68,26.31,2925.41,3.36,29906.23,171353.0
2134,West Bengal,Siliguri,2016,Zaid,Wheat,1495.94,23.2,72.7,Black,Tube Well,261.37,24.19,2142.63,7.35,32084.67,218923.0
2135,West Bengal,Siliguri,2016,Zaid,Rice,793.27,20.6,57.5,Red,Tube Well,269.14,6.86,3860.9,4.43,35357.49,214860.0
2136,West Bengal,Siliguri,2016,Rabi,Wheat,1762.36,22.1,66.1,Alluvial,Canal,380.17,12.94,1191.82,4.62,21738.09,85095.0
2137,West Bengal,Siliguri,2016,Zaid,Wheat,2103.43,33.2,89.4,Black,Rain-fed,99.28,35.46,2155.27,2.57,54027.61,66849.0
2138,West Bengal,Siliguri,2016,Kharif,Sugarcane,695.13,21.9,86.8,Laterite,Canal,146.74,48.33,1156.81,5.5,24178.62,68710.0
2139,West Bengal,Siliguri,2016,Rabi,Barley,1418.8,37.5,73.9,Red,Drip,322.02,5.13,3098.66,5.98,22108.65,229336.0
2140,West Bengal,Siliguri,2016,Zaid,Cotton,562.62,28.1,48.3,Red,Rain-fed,336.16,7.67,3948.8,7.49,26039.76,393682.0
2141,West Bengal,Siliguri,2016,Rabi,Millets,1803.77,24.8,40.9,Red,Drip,434.74,39.75,3846.88,5.0,12519.7,185943.0
2142,West Bengal,Siliguri,2016,Rabi,Wheat,983.17,37.5,57.6,Sandy,Sprinkler,447.34,58.38,1889.3,7.05,37422.58,221057.00000000003
2143,West Bengal,Malda,2016,Kharif,Millets,1379.84,18.5,44.9,Alluvial,Sprinkler,141.47,37.46,737.3,2.09,59048.83,26458.999999999996
2144,West Bengal,Malda,2016,Rabi,Pulses,1408.33,37.3,85.7,Black,Sprinkler,430.57,47.66,3342.98,5.14,37014.69,227585.0
2145,West Bengal,Malda,2016,Rabi,Millets,765.37,34.0,39.2,Sandy,Tube Well,370.58,49.31,2880.18,7.02,21205.1,327027.0
2146,West Bengal,Malda,2016,Kharif,Cotton,940.75,26.5,47.9,Black,Sprinkler,354.1,34.8,2582.14,4.64,13027.47,105264.00000000001
2147,West Bengal,Malda,2016,Rabi,Millets,962.0,31.7,43.3,Red,Rain-fed,58.48,42.46,3680.05,5.99,12192.2,335757.0
2148,West Bengal,Malda,2016,Rabi,Pulses,2104.81,19.3,50.1,Black,Tube Well,249.32,12.56,4337.95,1.7,58027.52,78838.0
2149,West Bengal,Malda,2016,Zaid,Pulses,1570.42,18.4,40.4,Laterite,Canal,118.45,42.45,2898.65,3.05,21052.94,75218.0
2150,West Bengal,Malda,2016,Rabi,Millets,1362.2,33.3,51.1,Black,Drip,267.14,56.64,1024.33,1.3,63282.55,17414.0
2151,West Bengal,Malda,2016,Rabi,Sugarcane,1116.21,32.1,35.6,Laterite,Canal,69.59,9.84,1372.12,4.45,43504.19,62837.0
2152,West Bengal,Malda,2016,Rabi,Cotton,1734.75,28.6,62.5,Sandy,Tube Well,89.89,39.88,134.14,3.86,50285.44,7070.0
2153,West Bengal,Malda,2016,Kharif,Maize,449.88,20.6,39.0,Black,Sprinkler,102.28,11.55,2855.52,5.21,50206.14,137812.0
2154,West Bengal,Malda,2016,Zaid,Millets,1915.2,34.6,66.6,Red,Rain-fed,390.4,46.47,2968.9,4.89,43449.66,131117.0
2155,West Bengal,Malda,2016,Rabi,Rice,539.19,34.8,79.1,Red,Canal,308.37,9.58,3047.56,8.31,59914.0,320781.0
2156,West Bengal,Malda,2016,Zaid,Cotton,2046.53,24.0,79.6,Black,Canal,380.69,37.06,876.41,2.15,43868.38,24818.0
2157,West Bengal,Malda,2016,Rabi,Maize,940.68,29.5,88.7,Laterite,Drip,366.69,30.84,2302.71,6.75,46225.5,234436.0
2158,West Bengal,Malda,2016,Rabi,Cotton,934.72,30.7,45.9,Red,Tube Well,403.34,52.3,3150.92,4.58,38256.59,202557.0
2159,West Bengal,Malda,2016,Zaid,Rice,1007.61,26.1,74.1,Alluvial,Drip,172.95,54.19,4346.09,5.93,56250.64,364262.0
2160,West Bengal,Malda,2016,Zaid,Cotton,2070.57,30.9,70.2,Red,Canal,100.14,30.9,4334.31,8.22,45203.66,541901.0
2161,Uttarakhand,Dehradun,2017,Kharif,Rice,1154.11,25.1,47.5,Black,Rain-fed,216.08,20.84,922.18,3.99,53297.91,54966.99999999999
2162,Uttarakhand,Dehradun,2017,Zaid,Cotton,1469.02,36.5,47.1,Alluvial,Canal,362.76,17.7,3017.62,1.82,62745.65,94626.0
2163,Uttarakhand,Dehradun,2017,Rabi,Pulses,666.96,22.8,86.9,Laterite,Sprinkler,95.46,30.31,4116.0,4.09,60306.46,178214.0
2164,Uttarakhand,Dehradun,2017,Rabi,Wheat,1981.84,30.7,63.7,Laterite,Rain-fed,100.35,38.57,1191.59,8.35,44373.43,177609.0
2165,Uttarakhand,Dehradun,2017,Rabi,Maize,684.25,28.8,48.3,Laterite,Canal,367.57,46.89,3833.67,5.7,48272.77,374016.0
2166,Uttarakhand,Dehradun,2017,Rabi,Pulses,848.55,29.9,78.4,Alluvial,Canal,116.47,47.3,901.28,3.4,50615.49,31755.0
2167,Uttarakhand,Dehradun,2017,Zaid,Sugarcane,657.85,29.3,66.6,Red,Rain-fed,331.27,39.99,2218.39,7.35,33548.7,271426.0
2168,Uttarakhand,Dehradun,2017,Kharif,Maize,1212.9,27.8,81.3,Alluvial,Tube Well,332.27,22.5,3327.43,1.58,60817.08,51314.0
2169,Uttarakhand,Dehradun,2017,Kharif,Millets,1477.64,32.5,76.2,Red,Drip,343.88,29.36,1882.06,7.5,62142.73,144632.0
2170,Uttarakhand,Dehradun,2017,Rabi,Barley,1457.47,23.5,82.0,Sandy,Drip,345.74,41.95,4339.12,6.98,48511.15,295153.0
2171,Uttarakhand,Dehradun,2017,Zaid,Pulses,1222.01,23.0,78.9,Black,Canal,254.38,54.06,1306.74,8.02,24319.5,119513.00000000001
2172,Uttarakhand,Dehradun,2017,Kharif,Maize,2174.37,26.5,40.6,Laterite,Drip,121.49,21.12,2430.7,3.05,45577.67,99249.0
2173,Uttarakhand,Dehradun,2017,Zaid,Wheat,835.11,24.9,52.8,Alluvial,Rain-fed,79.05,7.65,1317.84,2.16,17079.39,23579.0
2174,Uttarakhand,Dehradun,2017,Zaid,Pulses,983.68,35.2,38.0,Red,Rain-fed,285.1,58.15,3206.84,6.3,26489.29,192397.0
2175,Uttarakhand,Dehradun,2017,Rabi,Barley,949.99,19.6,69.1,Sandy,Canal,198.53,25.47,529.25,3.54,39066.66,30214.0
2176,Uttarakhand,Dehradun,2017,Rabi,Rice,1920.06,34.4,75.3,Alluvial,Sprinkler,404.37,54.69,1811.55,6.62,50648.98,133124.0
2177,Uttarakhand,Dehradun,2017,Zaid,Millets,598.14,31.8,82.2,Black,Rain-fed,175.62,32.29,694.25,8.0,34908.86,57240.0
2178,Uttarakhand,Dehradun,2017,Zaid,Barley,842.86,34.8,58.7,Laterite,Drip,347.99,12.38,4275.16,6.1,58248.24,379998.0
2179,Uttarakhand,Haridwar,2017,Rabi,Pulses,636.56,35.5,35.0,Sandy,Rain-fed,224.33,9.02,303.52,2.32,28662.79,9593.0
2180,Uttarakhand,Haridwar,2017,Zaid,Barley,1472.16,27.2,39.3,Alluvial,Canal,125.94,16.87,4825.33,1.38,61463.39,56071.0
2181,Uttarakhand,Haridwar,2017,Zaid,Wheat,541.57,23.7,76.5,Sandy,Canal,343.09,51.73,3690.13,5.58,37736.39,270450.0
2182,Uttarakhand,Haridwar,2017,Zaid,Sugarcane,468.88,34.0,84.3,Sandy,Rain-fed,312.58,26.22,1291.06,5.02,33604.48,84790.0
2183,Uttarakhand,Haridwar,2017,Rabi,Rice,1349.4,31.7,86.3,Sandy,Sprinkler,422.39,7.52,1817.54,1.46,43334.24,30094.0
2184,Uttarakhand,Haridwar,2017,Kharif,Maize,1084.35,21.5,36.9,Red,Tube Well,241.67,13.58,2492.55,7.22,50372.13,320965.0
2185,Uttarakhand,Haridwar,2017,Kharif,Maize,1538.09,27.2,54.3,Alluvial,Tube Well,163.09,30.64,1194.05,6.49,53396.64,136345.0
2186,Uttarakhand,Haridwar,2017,Kharif,Millets,2114.14,28.4,67.9,Laterite,Tube Well,301.52,36.33,605.88,3.06,63777.95,26095.999999999996
2187,Uttarakhand,Haridwar,2017,Rabi,Rice,868.38,27.6,66.0,Laterite,Canal,427.53,25.84,2624.0,4.25,31746.43,186060.0
2188,Uttarakhand,Haridwar,2017,Kharif,Rice,1164.98,25.1,37.5,Sandy,Canal,317.53,48.76,4123.03,2.71,28094.52,192867.0
2189,Uttarakhand,Haridwar,2017,Kharif,Millets,777.12,36.6,35.9,Laterite,Tube Well,62.95,24.22,4190.98,3.73,29557.65,248712.0
2190,Uttarakhand,Haridwar,2017,Rabi,Millets,1830.28,18.4,46.0,Red,Sprinkler,201.41,42.81,2457.05,5.52,20527.08,164882.0
2191,Uttarakhand,Haridwar,2017,Zaid,Millets,1611.94,18.3,40.7,Alluvial,Rain-fed,155.05,8.17,4774.29,8.17,27373.84,437354.0
2192,Uttarakhand,Haridwar,2017,Rabi,Cotton,1461.74,18.6,89.6,Laterite,Drip,337.97,41.62,2972.13,5.22,23065.39,255467.99999999997
2193,Uttarakhand,Haridwar,2017,Kharif,Millets,643.19,25.6,56.5,Alluvial,Sprinkler,55.28,48.91,3882.5,3.02,23647.23,172506.0
2194,Uttarakhand,Haridwar,2017,Zaid,Rice,923.89,24.3,68.8,Sandy,Tube Well,297.38,17.43,187.02,6.25,49835.08,10594.0
2195,Uttarakhand,Haridwar,2017,Kharif,Pulses,2182.67,26.3,56.3,Red,Drip,254.79,32.31,1053.79,1.93,44098.68,23950.0
2196,Uttarakhand,Haridwar,2017,Zaid,Millets,1800.38,30.6,38.1,Laterite,Tube Well,116.37,18.74,735.23,7.75,27209.41,66797.0
2197,Uttarakhand,Nainital,2017,Zaid,Rice,732.01,19.6,55.3,Alluvial,Rain-fed,275.54,7.39,1385.73,7.94,57094.55,106285.99999999999
2198,Uttarakhand,Nainital,2017,Rabi,Rice,1143.07,26.6,74.0,Laterite,Sprinkler,370.42,51.74,1165.8,2.13,39941.83,27164.0
2199,Uttarakhand,Nainital,2017,Rabi,Wheat,1450.67,25.6,45.7,Red,Rain-fed,83.16,12.73,2015.45,3.56,41237.73,115661.99999999999
2200,Uttarakhand,Nainital,2017,Rabi,Maize,426.66,21.2,88.7,Black,Tube Well,327.63,13.2,2729.79,7.31,22143.82,173706.0
2201,Uttarakhand,Nainital,2017,Zaid,Rice,940.37,18.8,86.9,Sandy,Canal,385.04,52.93,4575.66,1.43,20082.48,96776.0
2202,Uttarakhand,Nainital,2017,Zaid,Cotton,1818.38,30.1,48.7,Sandy,Canal,279.5,5.35,517.82,3.12,61326.01,25655.0
2203,Uttarakhand,Nainital,2017,Zaid,Rice,1866.25,34.1,68.9,Laterite,Tube Well,343.46,51.58,1953.99,6.0,43760.12,197946.0
2204,Uttarakhand,Nainital,2017,Zaid,Sugarcane,921.04,37.4,47.1,Alluvial,Rain-fed,81.4,10.13,3802.53,4.96,17875.81,312683.0
2205,Uttarakhand,Nainital,2017,Rabi,Wheat,2107.8,24.8,39.7,Laterite,Canal,331.55,13.61,3217.29,4.45,43124.06,114854.0
2206,Uttarakhand,Nainital,2017,Zaid,Pulses,1145.33,29.5,50.1,Black,Canal,69.11,59.96,1993.32,1.93,47010.85,50140.0
2207,Uttarakhand,Nainital,2017,Zaid,Wheat,756.28,23.3,79.4,Laterite,Sprinkler,355.17,26.43,1642.04,2.11,52522.24,43576.0
2208,Uttarakhand,Nainital,2017,Zaid,Cotton,1823.01,27.1,49.7,Laterite,Canal,138.99,52.18,4693.06,3.14,44766.55,203452.0
2209,Uttarakhand,Nainital,2017,Kharif,Sugarcane,844.48,20.1,47.6,Alluvial,Tube Well,349.12,59.94,1515.76,2.56,45393.9,68429.0
2210,Uttarakhand,Nainital,2017,Rabi,Wheat,803.47,26.5,79.5,Black,Canal,190.24,56.72,3543.83,5.26,30427.2,321635.0
2211,Uttarakhand,Nainital,2017,Rabi,Wheat,546.19,37.9,68.1,Alluvial,Canal,307.6,21.24,3955.35,2.41,23970.55,79829.0
2212,Uttarakhand,Nainital,2017,Rabi,Cotton,1193.46,37.0,57.0,Sandy,Rain-fed,289.78,53.22,1955.0,5.84,42945.54,150573.0
2213,Uttarakhand,Nainital,2017,Kharif,Rice,1241.13,36.0,48.6,Laterite,Tube Well,373.25,6.39,362.43,7.71,54290.42,22464.0
2214,Uttarakhand,Nainital,2017,Kharif,Sugarcane,1576.92,24.3,84.9,Laterite,Canal,288.21,49.49,4097.78,8.02,35540.01,296850.0
2215,Uttarakhand,Almora,2017,Rabi,Barley,1897.87,37.9,50.3,Sandy,Tube Well,59.45,55.71,1413.44,3.34,62075.1,76014.0
2216,Uttarakhand,Almora,2017,Kharif,Millets,902.77,22.6,71.6,Black,Sprinkler,257.59,41.5,3679.02,8.39,61057.74,362386.0
2217,Uttarakhand,Almora,2017,Zaid,Rice,1264.08,31.6,80.0,Sandy,Sprinkler,340.76,24.81,4543.67,7.6,52127.96,383690.0
2218,Uttarakhand,Almora,2017,Kharif,Maize,1092.51,26.1,54.1,Laterite,Drip,337.74,44.47,4790.5,5.68,46322.51,341857.0
2219,Uttarakhand,Almora,2017,Rabi,Cotton,1774.03,31.9,43.5,Sandy,Tube Well,252.63,44.47,845.96,7.9,54017.33,107717.0
2220,Uttarakhand,Almora,2017,Kharif,Pulses,2145.55,22.9,69.2,Red,Sprinkler,396.3,41.24,2001.3,4.51,16901.91,135505.0
2221,Uttarakhand,Almora,2017,Rabi,Sugarcane,1823.86,35.9,61.5,Black,Rain-fed,293.58,29.22,263.55,1.24,31283.39,4709.0
2222,Uttarakhand,Almora,2017,Rabi,Millets,1493.54,20.4,74.4,Red,Tube Well,205.43,23.65,2026.69,7.12,41536.49,142566.0
2223,Uttarakhand,Almora,2017,Rabi,Cotton,1121.16,34.4,64.4,Alluvial,Drip,288.39,5.86,4699.49,6.04,45304.78,320085.0
2224,Uttarakhand,Almora,2017,Rabi,Sugarcane,850.97,20.6,73.3,Red,Drip,442.88,44.84,4929.27,4.1,51610.25,356682.0
2225,Uttarakhand,Almora,2017,Zaid,Wheat,992.68,30.4,44.5,Alluvial,Canal,443.96,5.39,3367.36,6.92,54202.43,212302.0
2226,Uttarakhand,Almora,2017,Kharif,Pulses,1163.44,26.3,81.5,Black,Canal,233.87,35.9,3960.13,8.27,51590.21,467281.00000000006
2227,Uttarakhand,Almora,2017,Zaid,Sugarcane,402.17,31.5,65.6,Alluvial,Sprinkler,105.97,47.01,2701.19,3.41,63490.22,150344.0
2228,Uttarakhand,Almora,2017,Rabi,Barley,1260.53,21.9,86.3,Black,Tube Well,79.43,19.5,1385.76,2.11,47842.26,50992.0
2229,Uttarakhand,Almora,2017,Rabi,Pulses,2144.97,32.5,38.9,Black,Canal,105.4,59.33,3883.29,5.07,19219.27,185013.0
2230,Uttarakhand,Almora,2017,Kharif,Barley,1879.51,20.4,56.1,Laterite,Sprinkler,305.23,39.51,3617.14,7.25,20243.66,318221.0
2231,Uttarakhand,Almora,2017,Kharif,Sugarcane,1162.41,21.8,85.2,Sandy,Canal,293.8,8.64,4253.32,4.37,12792.38,194015.0
2232,Uttarakhand,Almora,2017,Kharif,Sugarcane,1585.46,37.6,42.7,Laterite,Sprinkler,409.88,13.21,4445.67,7.08,54667.29,538703.0
2233,Uttarakhand,Pauri,2017,Rabi,Sugarcane,1229.97,23.2,81.5,Red,Rain-fed,277.07,51.51,910.54,2.56,21805.48,32981.0
2234,Uttarakhand,Pauri,2017,Kharif,Cotton,1768.22,23.0,85.7,Alluvial,Rain-fed,301.92,47.17,3675.27,4.38,17987.18,285250.0
2235,Uttarakhand,Pauri,2017,Rabi,Sugarcane,797.42,26.5,36.3,Sandy,Canal,333.01,6.35,2853.45,4.7,56568.29,149839.0
2236,Uttarakhand,Pauri,2017,Zaid,Barley,1657.48,21.3,61.5,Red,Tube Well,241.56,38.54,941.48,3.8,17192.35,34057.0
2237,Uttarakhand,Pauri,2017,Kharif,Sugarcane,1242.33,20.3,44.8,Sandy,Canal,339.79,26.83,3651.74,2.78,22083.88,132859.0
2238,Uttarakhand,Pauri,2017,Kharif,Maize,1520.48,24.9,69.1,Sandy,Rain-fed,277.11,31.93,3870.85,6.47,63419.08,399873.0
2239,Uttarakhand,Pauri,2017,Kharif,Millets,1934.89,24.3,54.0,Laterite,Drip,275.73,40.39,815.64,6.45,26279.91,46577.0
2240,Uttarakhand,Pauri,2017,Kharif,Barley,2133.72,27.1,47.0,Black,Rain-fed,261.08,13.16,1840.22,8.19,36539.87,185542.0
2241,Uttarakhand,Pauri,2017,Zaid,Cotton,1714.51,21.2,46.4,Black,Sprinkler,368.59,34.87,1871.32,8.18,13699.89,267532.0
2242,Uttarakhand,Pauri,2017,Rabi,Maize,1530.9,37.9,65.7,Sandy,Sprinkler,254.51,17.27,4554.65,7.51,54366.66,287091.0
2243,Uttarakhand,Pauri,2017,Kharif,Sugarcane,549.8,30.7,47.6,Alluvial,Canal,220.7,24.42,4606.31,5.18,19915.33,191522.0
2244,Uttarakhand,Pauri,2017,Rabi,Millets,1920.92,29.0,42.6,Black,Tube Well,237.98,50.63,439.84,6.18,20488.79,38410.0
2245,Uttarakhand,Pauri,2017,Zaid,Pulses,519.2,30.5,75.2,Alluvial,Sprinkler,191.39,10.03,3575.94,1.33,31261.91,41889.0
2246,Uttarakhand,Pauri,2017,Rabi,Cotton,1639.54,33.4,74.1,Black,Drip,101.53,53.24,1119.16,1.55,23119.61,14063.999999999998
2247,Uttarakhand,Pauri,2017,Rabi,Sugarcane,980.03,21.1,71.0,Black,Tube Well,142.37,43.8,1032.96,3.18,19544.31,53190.0
2248,Uttarakhand,Pauri,2017,Zaid,Pulses,1852.38,29.5,88.9,Laterite,Drip,357.01,12.79,4787.84,1.42,44125.67,113620.0
2249,Uttarakhand,Pauri,2017,Rabi,Rice,1159.65,36.0,58.4,Red,Rain-fed,204.2,35.7,3661.73,3.43,25182.65,208256.0
2250,Uttarakhand,Pauri,2017,Rabi,Cotton,515.7,18.4,40.5,Sandy,Canal,206.39,36.92,120.99,6.21,27231.9,11937.0
2251,Uttar Pradesh,Lucknow,2017,Rabi,Rice,992.56,31.1,61.9,Alluvial,Canal,169.73,36.91,2123.08,6.26,39333.39,184252.0
2252,Uttar Pradesh,Lucknow,2017,Kharif,Pulses,410.93,34.4,71.0,Alluvial,Rain-fed,435.73,27.44,2908.41,6.35,17231.92,280505.0
2253,Uttar Pradesh,Lucknow,2017,Zaid,Maize,1675.03,25.4,73.4,Black,Tube Well,328.53,12.32,3986.6,5.23,14543.69,271719.0
2254,Uttar Pradesh,Lucknow,2017,Rabi,Millets,1544.73,22.7,85.7,Black,Sprinkler,346.07,57.51,4269.08,3.43,64738.1,142675.0
2255,Uttar Pradesh,Lucknow,2017,Rabi,Pulses,484.1,20.1,41.4,Sandy,Sprinkler,181.84,13.75,1690.66,4.9,35076.3,81316.0
2256,Uttar Pradesh,Lucknow,2017,Zaid,Maize,1123.36,22.4,89.1,Sandy,Canal,160.54,37.32,4849.91,1.35,60149.23,75867.0
2257,Uttar Pradesh,Lucknow,2017,Rabi,Millets,611.92,28.9,38.7,Red,Rain-fed,405.54,51.39,4151.4,2.16,44285.07,151800.0
2258,Uttar Pradesh,Lucknow,2017,Kharif,Pulses,1473.26,21.6,52.9,Alluvial,Drip,367.38,35.99,2270.48,4.45,43777.97,180103.0
2259,Uttar Pradesh,Lucknow,2017,Zaid,Millets,2180.99,33.9,47.3,Alluvial,Canal,333.46,46.72,2391.91,8.29,35434.05,208226.00000000003
2260,Uttar Pradesh,Lucknow,2017,Rabi,Barley,401.01,29.4,84.1,Black,Drip,192.66,34.18,2377.3,8.12,54293.58,175476.0
2261,Uttar Pradesh,Lucknow,2017,Zaid,Rice,1797.86,22.0,74.0,Alluvial,Drip,288.05,25.68,138.04,4.95,26431.61,8422.0
2262,Uttar Pradesh,Lucknow,2017,Zaid,Sugarcane,412.66,37.8,62.3,Laterite,Sprinkler,206.17,10.82,672.48,3.0,56366.38,28331.0
2263,Uttar Pradesh,Lucknow,2017,Rabi,Maize,1239.78,30.7,86.1,Sandy,Sprinkler,328.37,56.43,4570.59,7.45,23677.32,449768.0
2264,Uttar Pradesh,Lucknow,2017,Rabi,Pulses,1988.53,20.9,55.1,Black,Sprinkler,307.08,56.89,4317.82,4.94,39164.06,193018.0
2265,Uttar Pradesh,Lucknow,2017,Zaid,Millets,1112.67,22.9,74.1,Red,Rain-fed,408.62,5.47,119.96,2.93,43131.43,4975.0
2266,Uttar Pradesh,Lucknow,2017,Kharif,Pulses,1232.6,36.0,71.3,Laterite,Drip,397.82,22.03,640.56,8.23,35950.67,72832.0
2267,Uttar Pradesh,Lucknow,2017,Zaid,Barley,1552.45,36.5,50.7,Red,Drip,142.9,47.27,4168.69,8.45,17783.63,419535.00000000006
2268,Uttar Pradesh,Lucknow,2017,Zaid,Pulses,1443.53,36.4,46.5,Sandy,Tube Well,294.49,23.12,3170.71,6.39,42087.66,173066.0
2269,Uttar Pradesh,Kanpur,2017,Rabi,Pulses,1311.31,24.3,62.9,Sandy,Rain-fed,139.19,41.96,1716.34,6.06,54260.52,90701.0
2270,Uttar Pradesh,Kanpur,2017,Rabi,Sugarcane,2183.77,31.5,61.9,Laterite,Tube Well,432.1,16.58,4980.79,5.96,17186.67,441337.0
2271,Uttar Pradesh,Kanpur,2017,Kharif,Rice,1984.29,31.7,82.3,Black,Drip,176.52,6.4,3169.45,4.79,40333.88,180344.0
2272,Uttar Pradesh,Kanpur,2017,Zaid,Sugarcane,1687.89,28.0,50.5,Alluvial,Drip,144.52,15.4,2950.05,5.61,18884.48,224138.0
2273,Uttar Pradesh,Kanpur,2017,Zaid,Sugarcane,556.6,38.0,42.6,Red,Canal,378.54,49.06,1643.8,2.36,24608.32,57972.0
2274,Uttar Pradesh,Kanpur,2017,Zaid,Cotton,1521.52,21.1,67.7,Red,Canal,71.45,12.68,727.0,3.16,37826.84,25087.0
2275,Uttar Pradesh,Kanpur,2017,Rabi,Sugarcane,1678.65,24.3,54.0,Alluvial,Drip,230.59,59.37,4574.91,2.29,14170.59,95708.0
2276,Uttar Pradesh,Kanpur,2017,Zaid,Barley,2153.88,23.3,86.3,Black,Sprinkler,194.18,20.08,2403.53,4.06,52596.48,88584.0
2277,Uttar Pradesh,Kanpur,2017,Kharif,Rice,2121.79,20.9,72.2,Black,Drip,352.33,5.78,2150.53,1.42,50951.97,27587.0
2278,Uttar Pradesh,Kanpur,2017,Rabi,Sugarcane,1581.19,30.6,55.1,Red,Rain-fed,168.42,28.06,3505.38,3.01,12231.66,111491.00000000001
2279,Uttar Pradesh,Kanpur,2017,Kharif,Pulses,491.9,37.4,46.7,Black,Drip,183.13,5.36,2542.25,6.81,44102.9,254871.99999999997
2280,Uttar Pradesh,Kanpur,2017,Kharif,Millets,1137.9,37.7,66.7,Laterite,Sprinkler,290.24,19.46,4135.05,1.46,39536.08,90212.0
2281,Uttar Pradesh,Kanpur,2017,Kharif,Barley,1697.57,37.7,80.9,Sandy,Tube Well,429.22,28.32,4652.74,1.33,62188.14,60877.0
2282,Uttar Pradesh,Kanpur,2017,Kharif,Pulses,2108.02,31.5,57.0,Red,Canal,233.16,38.3,2215.16,8.05,36498.04,306299.0
2283,Uttar Pradesh,Kanpur,2017,Rabi,Maize,469.61,22.1,81.7,Black,Canal,151.14,38.64,2339.77,5.57,59384.48,223164.0
2284,Uttar Pradesh,Kanpur,2017,Zaid,Sugarcane,1634.56,33.1,80.0,Sandy,Drip,285.27,39.94,4211.49,6.61,20350.22,478775.0
2285,Uttar Pradesh,Kanpur,2017,Kharif,Rice,404.4,24.7,36.4,Sandy,Drip,84.02,14.53,2147.72,7.52,59578.92,149545.0
2286,Uttar Pradesh,Kanpur,2017,Kharif,Millets,1200.05,23.6,60.0,Sandy,Drip,71.66,20.73,2842.33,4.78,40698.11,229492.0
2287,Uttar Pradesh,Varanasi,2017,Zaid,Wheat,1120.41,21.0,73.1,Sandy,Canal,257.42,43.15,3738.26,8.21,63985.09,296909.0
2288,Uttar Pradesh,Varanasi,2017,Zaid,Cotton,865.64,32.1,55.1,Alluvial,Tube Well,281.84,12.55,4417.09,4.78,12696.47,288807.0
2289,Uttar Pradesh,Varanasi,2017,Rabi,Cotton,1191.93,31.9,49.1,Laterite,Sprinkler,376.63,23.85,1872.76,2.79,41155.95,78107.0
2290,Uttar Pradesh,Varanasi,2017,Kharif,Cotton,425.37,18.1,73.3,Black,Sprinkler,292.4,27.91,2444.9,4.54,57978.95,199132.0
2291,Uttar Pradesh,Varanasi,2017,Zaid,Millets,2116.29,21.1,51.8,Alluvial,Tube Well,209.55,8.37,3033.82,4.94,64411.91,253817.99999999997
2292,Uttar Pradesh,Varanasi,2017,Rabi,Cotton,615.15,18.5,53.8,Sandy,Sprinkler,396.27,9.1,2628.14,4.3,29738.51,172751.0
2293,Uttar Pradesh,Varanasi,2017,Kharif,Wheat,1830.82,19.5,81.2,Black,Tube Well,306.51,25.79,4997.34,8.28,42593.11,483163.0
2294,Uttar Pradesh,Varanasi,2017,Kharif,Sugarcane,2015.62,35.6,76.9,Laterite,Canal,448.68,12.34,3455.09,2.94,31773.27,150914.0
2295,Uttar Pradesh,Varanasi,2017,Zaid,Rice,1438.24,19.7,68.9,Sandy,Tube Well,322.37,35.59,2659.27,1.22,49229.92,41244.0
2296,Uttar Pradesh,Varanasi,2017,Kharif,Millets,1970.0,20.1,44.4,Black,Tube Well,241.82,40.69,3650.2,1.6,55831.54,50123.0
2297,Uttar Pradesh,Varanasi,2017,Kharif,Pulses,1717.62,29.9,59.9,Sandy,Canal,110.67,55.16,2120.19,6.09,29358.72,111995.0
2298,Uttar Pradesh,Varanasi,2017,Rabi,Wheat,1617.31,19.0,40.8,Sandy,Tube Well,272.11,24.92,3659.91,1.29,14547.46,54201.0
2299,Uttar Pradesh,Varanasi,2017,Rabi,Maize,1634.94,36.6,47.6,Red,Sprinkler,323.07,14.66,501.35,8.43,21123.88,71900.0
2300,Uttar Pradesh,Varanasi,2017,Zaid,Millets,884.25,27.2,73.1,Laterite,Rain-fed,315.44,56.54,3236.02,7.54,34379.83,340375.0
2301,Uttar Pradesh,Varanasi,2017,Kharif,Cotton,1896.55,21.3,43.3,Laterite,Rain-fed,315.24,42.43,3841.4,3.08,46367.65,101296.0
2302,Uttar Pradesh,Varanasi,2017,Kharif,Rice,1028.6,32.4,59.2,Laterite,Sprinkler,65.74,48.63,3431.68,3.87,59724.2,238435.0
2303,Uttar Pradesh,Varanasi,2017,Zaid,Sugarcane,1963.12,33.8,78.8,Laterite,Canal,208.19,36.54,3938.5,5.64,32103.99,203297.0
2304,Uttar Pradesh,Varanasi,2017,Zaid,Pulses,1018.31,33.3,79.5,Sandy,Canal,233.12,37.93,327.49,3.85,27808.56,19210.0
2305,Uttar Pradesh,Agra,2017,Rabi,Cotton,891.17,30.2,63.4,Laterite,Rain-fed,134.58,50.07,1753.31,4.13,27011.8,61198.0
2306,Uttar Pradesh,Agra,2017,Zaid,Cotton,995.26,29.3,66.8,Alluvial,Canal,224.69,15.05,1932.04,2.98,19703.93,71472.0
2307,Uttar Pradesh,Agra,2017,Zaid,Rice,562.95,37.3,85.1,Sandy,Sprinkler,257.23,49.04,4321.85,8.22,25265.12,524865.0
2308,Uttar Pradesh,Agra,2017,Zaid,Pulses,1473.62,34.4,39.2,Black,Rain-fed,192.79,36.73,677.14,6.06,14772.71,59873.0
2309,Uttar Pradesh,Agra,2017,Kharif,Wheat,1979.65,18.8,43.6,Alluvial,Rain-fed,312.66,28.02,858.83,5.7,62258.36,71604.0
2310,Uttar Pradesh,Agra,2017,Kharif,Pulses,933.71,34.5,80.2,Alluvial,Rain-fed,256.82,53.64,2472.92,6.98,57816.55,262067.0
2311,Uttar Pradesh,Agra,2017,Kharif,Millets,2149.14,23.1,75.1,Laterite,Sprinkler,162.02,21.78,124.11,2.47,25139.05,3849.0
2312,Uttar Pradesh,Agra,2017,Rabi,Cotton,1627.95,37.7,83.4,Black,Sprinkler,82.24,28.64,2344.25,4.84,40372.77,182523.0
2313,Uttar Pradesh,Agra,2017,Rabi,Maize,1162.88,35.3,81.1,Red,Rain-fed,297.87,32.69,3280.36,4.52,64636.99,196422.0
2314,Uttar Pradesh,Agra,2017,Zaid,Cotton,992.9,23.2,59.9,Sandy,Drip,167.96,8.81,1460.41,2.04,44349.96,53480.99999999999
2315,Uttar Pradesh,Agra,2017,Zaid,Barley,2190.5,36.3,73.0,Black,Rain-fed,435.02,28.92,3507.36,3.63,64525.46,227627.0
2316,Uttar Pradesh,Agra,2017,Rabi,Barley,2012.46,28.3,36.5,Red,Tube Well,111.28,20.33,4889.52,3.29,27614.12,225862.0
2317,Uttar Pradesh,Agra,2017,Rabi,Rice,2058.02,19.4,54.8,Alluvial,Tube Well,271.75,27.11,3555.73,6.32,24719.6,381187.0
2318,Uttar Pradesh,Agra,2017,Kharif,Pulses,1503.92,28.4,82.7,Black,Canal,437.12,10.62,272.1,6.36,35824.07,29831.0
2319,Uttar Pradesh,Agra,2017,Kharif,Sugarcane,1906.59,37.2,44.7,Red,Rain-fed,403.98,40.78,3777.23,4.79,40455.47,259767.0
2320,Uttar Pradesh,Agra,2017,Zaid,Millets,1969.97,25.0,45.3,Black,Sprinkler,75.05,49.36,737.29,1.76,40811.14,10567.0
2321,Uttar Pradesh,Agra,2017,Rabi,Millets,1371.26,34.0,84.8,Laterite,Drip,216.48,22.54,4421.82,3.73,57673.6,186595.0
2322,Uttar Pradesh,Agra,2017,Kharif,Pulses,1179.42,32.2,51.3,Black,Sprinkler,259.15,6.58,3179.55,5.22,39679.43,188974.0
2323,Uttar Pradesh,Meerut,2017,Kharif,Barley,1179.02,18.8,85.9,Sandy,Sprinkler,383.67,38.74,2011.56,7.93,44103.19,249034.0
2324,Uttar Pradesh,Meerut,2017,Kharif,Maize,2188.36,34.8,89.5,Sandy,Sprinkler,229.6,6.98,855.17,2.97,47501.99,41647.0
2325,Uttar Pradesh,Meerut,2017,Rabi,Millets,564.11,32.7,82.6,Black,Tube Well,133.84,13.76,182.18,7.53,62066.2,18148.0
2326,Uttar Pradesh,Meerut,2017,Kharif,Millets,1381.25,20.7,87.0,Black,Drip,330.97,47.78,1012.15,2.25,36526.73,26843.0
2327,Uttar Pradesh,Meerut,2017,Zaid,Wheat,1310.47,36.3,59.7,Black,Drip,140.6,19.78,4852.75,8.18,12384.42,389808.0
2328,Uttar Pradesh,Meerut,2017,Kharif,Cotton,1547.91,24.9,82.9,Black,Tube Well,352.7,57.58,3550.74,4.71,30132.53,204916.0
2329,Uttar Pradesh,Meerut,2017,Rabi,Millets,1559.77,33.3,38.1,Black,Drip,182.24,23.68,1846.62,5.46,23571.17,175589.0
2330,Uttar Pradesh,Meerut,2017,Kharif,Maize,1391.35,34.3,79.6,Red,Rain-fed,419.11,6.25,3575.01,6.96,14213.22,379905.0
2331,Uttar Pradesh,Meerut,2017,Zaid,Pulses,922.64,26.2,68.2,Alluvial,Rain-fed,365.9,42.62,4907.41,7.01,59295.77,613391.0
2332,Uttar Pradesh,Meerut,2017,Zaid,Rice,587.2,27.5,65.7,Laterite,Drip,391.52,8.8,3964.7,4.28,53570.13,184196.0
2333,Uttar Pradesh,Meerut,2017,Zaid,Barley,1914.54,37.7,53.9,Laterite,Tube Well,293.49,21.34,4830.21,4.96,61153.9,255044.99999999997
2334,Uttar Pradesh,Meerut,2017,Zaid,Sugarcane,773.01,32.2,69.3,Laterite,Canal,78.22,42.94,1488.78,5.6,30669.21,105485.99999999999
2335,Uttar Pradesh,Meerut,2017,Kharif,Wheat,1586.62,26.5,43.9,Laterite,Rain-fed,320.96,19.4,1632.65,7.33,47906.93,129133.0
2336,Uttar Pradesh,Meerut,2017,Zaid,Wheat,1278.74,18.5,65.5,Sandy,Canal,179.21,8.25,730.99,6.44,23945.61,82628.0
2337,Uttar Pradesh,Meerut,2017,Rabi,Rice,834.38,36.9,62.4,Sandy,Canal,396.86,25.68,2767.08,3.01,34487.81,118650.0
2338,Uttar Pradesh,Meerut,2017,Kharif,Wheat,1373.51,18.3,41.4,Laterite,Tube Well,377.44,16.37,1473.0,7.1,29282.1,131606.0
2339,Uttar Pradesh,Meerut,2017,Zaid,Maize,1320.69,27.2,89.9,Red,Rain-fed,420.4,25.12,2214.32,5.73,36522.04,217792.99999999997
2340,Uttar Pradesh,Meerut,2017,Kharif,Millets,1013.13,24.9,66.4,Sandy,Canal,440.51,6.4,1778.76,7.74,24719.5,196766.0
2341,Punjab,Ludhiana,2017,Rabi,Millets,606.52,28.3,83.1,Black,Rain-fed,432.83,20.74,464.1,2.84,30283.62,12659.0
2342,Punjab,Ludhiana,2017,Rabi,Maize,1856.21,19.2,59.9,Alluvial,Canal,317.49,34.13,4884.93,2.4,52243.29,140024.0
2343,Punjab,Ludhiana,2017,Kharif,Maize,566.56,34.6,55.6,Laterite,Tube Well,168.16,21.27,829.8,7.07,14139.09,94268.0
2344,Punjab,Ludhiana,2017,Kharif,Cotton,1233.81,18.5,75.2,Alluvial,Drip,268.77,21.51,377.75,7.2,31205.93,45101.0
2345,Punjab,Ludhiana,2017,Kharif,Cotton,1980.5,23.7,75.5,Sandy,Rain-fed,119.15,16.02,3887.23,2.9,46131.24,179725.0
2346,Punjab,Ludhiana,2017,Zaid,Rice,716.85,32.3,80.3,Alluvial,Canal,410.47,24.89,4169.22,2.4,37344.35,111767.0
2347,Punjab,Ludhiana,2017,Kharif,Cotton,2065.13,27.6,85.2,Sandy,Sprinkler,85.42,49.03,3311.5,7.8,29220.63,311671.0
2348,Punjab,Ludhiana,2017,Kharif,Rice,2118.66,33.6,46.2,Black,Drip,171.04,57.98,4889.23,3.11,38623.99,177431.0
2349,Punjab,Ludhiana,2017,Kharif,Barley,1645.43,35.8,58.5,Black,Sprinkler,216.4,15.21,1272.16,7.18,18146.65,83714.0
2350,Punjab,Ludhiana,2017,Zaid,Rice,1989.13,32.2,62.6,Sandy,Canal,447.57,7.17,1521.0,7.47,41705.62,109388.00000000001
2351,Punjab,Ludhiana,2017,Zaid,Rice,1441.11,31.5,51.6,Black,Canal,194.19,15.35,4140.06,1.99,42512.88,114526.0
2352,Punjab,Ludhiana,2017,Zaid,Sugarcane,745.95,25.9,65.9,Laterite,Tube Well,376.66,16.38,2267.12,2.31,52299.89,88035.0
2353,Punjab,Ludhiana,2017,Zaid,Wheat,2185.06,37.5,74.1,Alluvial,Sprinkler,328.31,8.81,2472.84,1.28,46725.32,47187.0
2354,Punjab,Ludhiana,2017,Kharif,Rice,1998.14,33.9,61.4,Red,Rain-fed,64.31,49.72,247.85,2.95,22915.05,7011.0
2355,Punjab,Ludhiana,2017,Zaid,Pulses,1173.74,37.2,39.2,Black,Rain-fed,407.75,31.11,2015.12,1.62,49924.59,40930.0
2356,Punjab,Ludhiana,2017,Zaid,Millets,673.64,19.5,55.8,Alluvial,Canal,348.55,11.47,227.88,2.63,38365.55,8645.0
2357,Punjab,Ludhiana,2017,Kharif,Wheat,967.82,35.8,76.5,Alluvial,Tube Well,440.62,58.41,4775.12,6.75,42386.55,380053.0
2358,Punjab,Ludhiana,2017,Kharif,Barley,1965.36,18.5,54.0,Black,Drip,293.01,27.14,3026.26,7.31,33035.83,328825.0
2359,Punjab,Amritsar,2017,Kharif,Sugarcane,1642.04,19.2,62.1,Red,Canal,346.88,22.51,4112.08,6.9,42739.88,472884.0
2360,Punjab,Amritsar,2017,Zaid,Barley,756.22,21.7,51.4,Sandy,Sprinkler,387.75,48.95,2090.48,7.69,53250.76,175733.0
2361,Punjab,Amritsar,2017,Rabi,Sugarcane,1521.49,31.0,48.4,Sandy,Drip,184.02,45.27,4219.58,4.8,19533.45,334377.0
2362,Punjab,Amritsar,2017,Kharif,Pulses,1390.74,24.8,50.1,Black,Rain-fed,176.55,52.86,1136.71,6.82,59390.77,136040.0
2363,Punjab,Amritsar,2017,Kharif,Maize,1800.91,22.7,62.3,Black,Drip,274.32,16.34,3581.13,2.63,58535.83,154573.0
2364,Punjab,Amritsar,2017,Rabi,Wheat,458.57,31.9,57.6,Red,Canal,225.59,33.54,2125.15,7.76,26493.91,202961.0
2365,Punjab,Amritsar,2017,Kharif,Barley,815.6,33.3,42.2,Alluvial,Rain-fed,210.13,10.81,1731.29,7.7,42479.63,170741.0
2366,Punjab,Amritsar,2017,Rabi,Pulses,1324.09,18.1,40.7,Black,Tube Well,349.72,19.81,4016.34,3.9,21447.92,142969.0
2367,Punjab,Amritsar,2017,Kharif,Rice,530.84,28.8,41.5,Laterite,Canal,172.77,55.46,4312.76,7.61,16034.78,432043.0
2368,Punjab,Amritsar,2017,Rabi,Pulses,1015.05,32.2,49.8,Black,Tube Well,438.54,55.04,959.7,4.11,63398.16,46535.0
2369,Punjab,Amritsar,2017,Zaid,Millets,561.11,23.3,36.5,Red,Tube Well,166.03,48.96,1436.19,6.21,26882.92,101492.0
2370,Punjab,Amritsar,2017,Kharif,Barley,451.59,22.6,35.4,Sandy,Tube Well,84.49,38.05,2126.95,8.35,20065.95,279798.0
2371,Punjab,Amritsar,2017,Zaid,Millets,2032.77,31.7,73.0,Black,Sprinkler,310.65,44.97,3853.17,6.63,54554.84,304151.0
2372,Punjab,Amritsar,2017,Zaid,Pulses,1584.62,35.5,86.8,Sandy,Sprinkler,179.94,42.35,2309.81,8.35,43030.28,204179.0
2373,Punjab,Amritsar,2017,Kharif,Rice,1131.5,36.4,54.8,Black,Rain-fed,267.44,8.83,2118.13,6.26,25759.95,224296.0
2374,Punjab,Amritsar,2017,Rabi,Cotton,1411.55,21.8,76.0,Sandy,Rain-fed,239.54,30.49,176.42,4.27,54954.96,13016.999999999998
2375,Punjab,Amritsar,2017,Zaid,Rice,948.79,21.6,87.5,Laterite,Rain-fed,152.03,38.72,1997.27,5.41,27565.23,176699.0
2376,Punjab,Amritsar,2017,Kharif,Barley,634.78,24.9,62.5,Laterite,Drip,436.89,11.17,4837.53,6.62,64790.59,554292.0
2377,Punjab,Patiala,2017,Kharif,Cotton,950.86,29.6,78.1,Sandy,Drip,328.85,22.54,1002.21,3.49,18229.78,42298.0
2378,Punjab,Patiala,2017,Rabi,Maize,1160.61,36.2,63.3,Sandy,Canal,244.57,10.01,4782.19,7.42,14810.1,441758.0
2379,Punjab,Patiala,2017,Zaid,Maize,1629.56,30.5,70.0,Red,Sprinkler,185.14,27.28,466.97,6.59,14170.57,32945.0
2380,Punjab,Patiala,2017,Kharif,Cotton,561.75,36.4,50.9,Sandy,Drip,300.21,54.01,4254.26,7.04,28609.1,344606.0
2381,Punjab,Patiala,2017,Kharif,Sugarcane,1270.11,31.5,79.5,Black,Tube Well,335.18,52.27,3326.33,5.39,41404.14,261681.0
2382,Punjab,Patiala,2017,Kharif,Pulses,1081.04,30.7,87.3,Sandy,Tube Well,238.94,50.54,1774.09,5.29,58827.17,143491.0
2383,Punjab,Patiala,2017,Kharif,Wheat,1615.24,28.4,67.7,Alluvial,Rain-fed,79.19,44.68,109.94,6.51,18403.52,12803.0
2384,Punjab,Patiala,2017,Rabi,Barley,864.03,25.6,70.7,Black,Rain-fed,437.13,59.96,4295.67,2.96,52187.17,159890.0
2385,Punjab,Patiala,2017,Zaid,Millets,783.19,32.6,77.3,Laterite,Rain-fed,256.47,35.06,3292.52,3.66,49653.76,125468.0
2386,Punjab,Patiala,2017,Zaid,Millets,1225.28,19.1,65.8,Sandy,Canal,404.94,39.79,1769.12,2.46,61365.34,41641.0
2387,Punjab,Patiala,2017,Rabi,Maize,1758.91,26.1,66.4,Black,Sprinkler,284.22,38.8,3362.64,4.21,13035.02,189862.0
2388,Punjab,Patiala,2017,Zaid,Sugarcane,1892.1,30.9,54.9,Alluvial,Canal,75.27,21.91,3814.11,6.08,19080.65,210660.0
2389,Punjab,Patiala,2017,Kharif,Sugarcane,1629.16,32.9,35.5,Sandy,Sprinkler,352.81,37.66,4920.89,4.46,54969.36,282552.0
2390,Punjab,Patiala,2017,Kharif,Barley,2054.29,32.1,58.9,Sandy,Sprinkler,373.03,36.9,904.68,4.84,56554.58,67977.0
2391,Punjab,Patiala,2017,Kharif,Sugarcane,891.33,23.4,43.5,Sandy,Tube Well,328.1,28.94,3640.43,5.15,57857.29,325070.0
2392,Punjab,Patiala,2017,Zaid,Pulses,506.68,27.5,50.8,Red,Canal,395.39,49.66,2035.34,4.42,34634.74,107520.0
2393,Punjab,Patiala,2017,Kharif,Maize,1303.86,26.9,67.2,Black,Canal,249.36,36.76,117.11,7.91,14138.98,10258.0
2394,Punjab,Patiala,2017,Rabi,Maize,1187.43,21.6,68.6,Black,Rain-fed,440.68,8.21,712.54,6.63,47155.02,80501.0
2395,Punjab,Jalandhar,2017,Zaid,Millets,800.83,18.2,85.1,Laterite,Drip,353.57,59.95,2361.09,6.86,25669.25,252771.0
2396,Punjab,Jalandhar,2017,Kharif,Pulses,555.77,28.3,43.1,Laterite,Sprinkler,109.39,30.57,3748.7,3.89,18632.65,219916.0
2397,Punjab,Jalandhar,2017,Rabi,Wheat,511.33,34.0,81.2,Laterite,Drip,401.9,26.97,4628.33,4.18,61327.29,192327.0
2398,Punjab,Jalandhar,2017,Kharif,Sugarcane,2187.24,20.6,64.3,Laterite,Drip,191.98,27.01,3889.32,6.83,24236.52,249652.0
2399,Punjab,Jalandhar,2017,Kharif,Maize,1006.63,29.6,40.6,Sandy,Sprinkler,143.23,17.62,2410.52,6.8,49044.93,276254.0
2400,Punjab,Jalandhar,2017,Zaid,Cotton,656.63,22.2,86.5,Alluvial,Sprinkler,63.61,45.87,154.59,2.64,24360.74,6373.0
2401,Punjab,Jalandhar,2017,Rabi,Sugarcane,1360.08,25.3,69.9,Black,Tube Well,437.31,12.03,3263.78,7.7,45174.65,204226.0
2402,Punjab,Jalandhar,2017,Zaid,Rice,1466.4,34.0,70.3,Alluvial,Tube Well,198.67,56.44,3419.9,4.69,34311.22,233969.99999999997
2403,Punjab,Jalandhar,2017,Rabi,Cotton,1065.15,32.1,51.9,Sandy,Drip,341.16,43.01,569.71,4.77,48926.6,43251.0
2404,Punjab,Jalandhar,2017,Rabi,Barley,920.86,24.5,74.2,Sandy,Drip,301.7,29.77,3273.7,8.43,43934.34,364945.0
2405,Punjab,Jalandhar,2017,Zaid,Cotton,1706.49,20.7,89.6,Sandy,Drip,135.35,49.15,286.28,5.6,44521.28,22560.0
2406,Punjab,Jalandhar,2017,Rabi,Sugarcane,544.54,25.4,48.1,Alluvial,Canal,87.84,33.04,3812.05,7.22,34292.11,315261.0
2407,Punjab,Jalandhar,2017,Kharif,Maize,996.92,25.9,58.9,Red,Tube Well,414.6,40.71,2083.45,6.1,13951.65,183802.0
2408,Punjab,Jalandhar,2017,Zaid,Barley,1247.86,35.4,80.6,Alluvial,Drip,280.8,34.25,1308.4,5.28,30993.87,97797.0
2409,Punjab,Jalandhar,2017,Rabi,Pulses,733.36,20.9,60.8,Black,Sprinkler,117.56,10.67,1827.1,6.74,24826.71,181888.0
2410,Punjab,Jalandhar,2017,Rabi,Barley,810.13,30.1,68.8,Red,Tube Well,416.78,20.9,1085.21,5.31,28980.41,88978.0
2411,Punjab,Jalandhar,2017,Rabi,Pulses,757.1,27.4,63.2,Black,Tube Well,136.88,7.95,3717.82,1.86,47095.89,106236.99999999999
2412,Punjab,Jalandhar,2017,Zaid,Barley,798.61,32.9,44.2,Black,Rain-fed,344.33,41.12,2359.9,6.45,55821.97,147649.0
2413,Punjab,Bathinda,2017,Zaid,Millets,882.22,22.3,88.9,Sandy,Tube Well,220.43,26.53,4005.05,5.44,13769.42,176561.0
2414,Punjab,Bathinda,2017,Zaid,Barley,1696.0,32.5,76.1,Sandy,Drip,133.15,52.24,855.83,3.46,60970.66,36934.0
2415,Punjab,Bathinda,2017,Zaid,Millets,1325.38,30.3,69.7,Black,Tube Well,161.76,31.64,2210.65,1.63,55252.8,53002.0
2416,Punjab,Bathinda,2017,Rabi,Rice,2053.22,23.9,86.6,Black,Rain-fed,332.9,41.4,3228.65,5.28,12767.39,196055.0
2417,Punjab,Bathinda,2017,Kharif,Barley,1183.59,29.5,51.5,Red,Drip,415.67,48.6,3474.46,8.27,40596.78,450578.0
2418,Punjab,Bathinda,2017,Kharif,Wheat,1586.53,25.8,54.0,Sandy,Sprinkler,444.95,35.42,2268.26,7.03,28055.97,199221.0
2419,Punjab,Bathinda,2017,Kharif,Sugarcane,2158.0,23.5,79.8,Red,Canal,191.9,38.34,2076.06,3.53,23359.06,61602.0
2420,Punjab,Bathinda,2017,Kharif,Maize,831.54,28.2,66.4,Red,Drip,286.68,42.02,1474.05,7.06,62472.0,100467.0
2421,Punjab,Bathinda,2017,Rabi,Pulses,852.04,26.1,53.1,Alluvial,Canal,448.7,15.27,600.4,3.8,13706.26,23617.0
2422,Punjab,Bathinda,2017,Rabi,Wheat,777.24,35.4,58.1,Laterite,Rain-fed,166.29,28.49,4533.08,5.49,15105.71,317787.0
2423,Punjab,Bathinda,2017,Kharif,Millets,1174.56,36.3,41.7,Sandy,Tube Well,346.67,9.51,497.21,2.5,55061.95,10495.0
2424,Punjab,Bathinda,2017,Rabi,Pulses,2162.26,29.0,57.5,Alluvial,Rain-fed,251.08,55.94,443.64,5.31,45858.02,19845.0
2425,Punjab,Bathinda,2017,Zaid,Sugarcane,786.74,25.5,81.5,Alluvial,Canal,216.39,44.33,2065.35,1.93,23841.5,44397.0
2426,Punjab,Bathinda,2017,Rabi,Maize,1455.02,33.7,61.5,Laterite,Canal,365.93,5.64,4958.44,7.66,15634.74,628812.0
2427,Punjab,Bathinda,2017,Rabi,Rice,2040.2,29.2,56.2,Red,Canal,415.73,49.46,3028.91,5.64,52848.44,156470.0
2428,Punjab,Bathinda,2017,Rabi,Pulses,1004.88,29.5,72.0,Laterite,Canal,345.88,37.62,4183.24,5.41,40209.5,199492.0
2429,Punjab,Bathinda,2017,Zaid,Millets,414.02,18.2,52.1,Red,Canal,429.17,37.86,1099.64,2.39,56285.61,46209.0
2430,Punjab,Bathinda,2017,Zaid,Millets,2053.14,32.0,68.0,Red,Drip,83.49,57.96,1178.02,7.13,15933.97,83549.0
2431,Maharashtra,Pune,2017,Kharif,Maize,475.76,35.4,82.3,Laterite,Tube Well,373.35,7.27,355.59,8.44,23299.46,50203.0
2432,Maharashtra,Pune,2017,Kharif,Pulses,1339.87,25.0,43.5,Laterite,Drip,229.59,34.75,2004.43,1.98,48596.82,67322.0
2433,Maharashtra,Pune,2017,Kharif,Wheat,1569.4,36.3,89.7,Alluvial,Sprinkler,286.76,50.66,4721.64,4.33,37990.49,182633.0
2434,Maharashtra,Pune,2017,Zaid,Barley,486.52,30.9,64.8,Sandy,Sprinkler,409.69,41.7,745.62,6.08,46188.7,46695.0
2435,Maharashtra,Pune,2017,Kharif,Sugarcane,752.2,21.6,54.6,Black,Canal,399.93,32.94,2527.07,6.46,19189.88,200664.0
2436,Maharashtra,Pune,2017,Zaid,Cotton,1868.79,24.8,58.7,Laterite,Canal,313.24,32.77,3065.98,7.38,17589.14,185578.0
2437,Maharashtra,Pune,2017,Kharif,Barley,1948.32,19.0,50.9,Sandy,Canal,62.34,13.98,419.0,6.71,56655.07,44776.0
2438,Maharashtra,Pune,2017,Zaid,Barley,1814.84,33.5,86.8,Alluvial,Sprinkler,405.98,47.28,1340.55,6.65,54785.47,146186.0
2439,Maharashtra,Pune,2017,Kharif,Millets,2032.67,23.1,79.2,Laterite,Canal,270.72,17.98,2181.78,3.58,26865.94,130852.0
2440,Maharashtra,Pune,2017,Zaid,Pulses,1891.54,36.2,36.9,Sandy,Sprinkler,381.08,43.08,2337.99,3.69,34906.51,117114.00000000001
2441,Maharashtra,Pune,2017,Rabi,Pulses,1428.7,18.8,49.2,Laterite,Tube Well,293.36,20.08,1594.74,6.06,46870.04,105373.0
2442,Maharashtra,Pune,2017,Rabi,Barley,722.45,35.0,72.1,Black,Canal,300.84,20.82,2090.56,4.05,16535.49,118583.0
2443,Maharashtra,Pune,2017,Zaid,Rice,1103.34,35.1,50.7,Red,Sprinkler,105.59,58.92,2064.19,4.63,27555.14,144524.0
2444,Maharashtra,Pune,2017,Zaid,Wheat,642.55,33.6,72.8,Sandy,Tube Well,101.79,49.37,4790.84,1.82,52203.41,103494.0
2445,Maharashtra,Pune,2017,Zaid,Barley,414.18,21.8,67.8,Laterite,Tube Well,100.99,49.44,2060.1,5.2,60626.94,192603.0
2446,Maharashtra,Pune,2017,Rabi,Wheat,624.88,25.4,43.7,Black,Drip,249.05,32.01,3450.7,1.53,15333.99,61450.0
2447,Maharashtra,Pune,2017,Zaid,Rice,1690.24,21.0,43.1,Red,Sprinkler,121.72,16.17,841.72,7.24,32684.75,50815.0
2448,Maharashtra,Pune,2017,Zaid,Cotton,1480.37,35.6,59.9,Black,Rain-fed,93.2,57.57,377.17,6.84,12437.5,29926.0
2449,Maharashtra,Nashik,2017,Zaid,Sugarcane,1781.58,21.8,41.5,Black,Drip,158.88,55.52,181.63,5.67,55954.01,10607.0
2450,Maharashtra,Nashik,2017,Kharif,Maize,628.38,32.4,41.8,Alluvial,Rain-fed,291.81,53.58,4614.65,5.42,60570.11,422468.99999999994
2451,Maharashtra,Nashik,2017,Zaid,Rice,905.87,18.6,84.7,Laterite,Tube Well,420.5,31.7,1189.98,6.27,54419.01,74376.0
2452,Maharashtra,Nashik,2017,Zaid,Maize,1640.51,24.1,76.6,Sandy,Canal,88.67,11.31,4659.74,2.28,16914.67,137274.0
2453,Maharashtra,Nashik,2017,Zaid,Rice,1575.66,37.2,79.2,Laterite,Drip,276.74,13.28,1622.59,8.31,30221.59,170322.0
2454,Maharashtra,Nashik,2017,Zaid,Pulses,1050.92,27.5,88.5,Sandy,Drip,360.52,52.9,4347.52,4.24,52663.96,202862.0
2455,Maharashtra,Nashik,2017,Kharif,Sugarcane,1748.17,37.8,80.3,Laterite,Sprinkler,109.64,22.09,3764.47,2.14,29062.28,90786.0
2456,Maharashtra,Nashik,2017,Kharif,Maize,1396.37,24.6,89.2,Red,Tube Well,150.71,25.1,2814.69,5.05,39071.57,180766.0
2457,Maharashtra,Nashik,2017,Zaid,Barley,1251.07,25.6,55.8,Laterite,Canal,67.7,12.07,2775.31,4.81,29010.5,199744.0
2458,Maharashtra,Nashik,2017,Rabi,Maize,500.11,27.5,46.4,Black,Tube Well,323.61,50.19,3612.24,4.05,31075.11,144772.0
2459,Maharashtra,Nashik,2017,Kharif,Maize,571.51,31.1,61.4,Alluvial,Tube Well,168.21,54.42,502.78,6.97,25956.39,28168.0
2460,Maharashtra,Nashik,2017,Kharif,Rice,899.25,23.7,42.8,Black,Canal,365.38,37.86,4663.73,3.77,36452.12,188345.0
2461,Maharashtra,Nashik,2017,Rabi,Millets,574.03,20.4,81.8,Sandy,Tube Well,140.71,50.03,4447.1,6.93,61440.35,297283.0
2462,Maharashtra,Nashik,2017,Zaid,Wheat,566.02,33.0,76.0,Red,Sprinkler,366.73,21.64,1543.01,5.58,38305.72,132499.0
2463,Maharashtra,Nashik,2017,Kharif,Barley,1528.42,32.7,63.8,Alluvial,Rain-fed,86.93,56.29,2607.5,1.59,49659.4,71740.0
2464,Maharashtra,Nashik,2017,Kharif,Maize,1298.45,23.1,60.1,Black,Canal,441.05,17.08,725.06,7.79,42918.69,47729.0
2465,Maharashtra,Nashik,2017,Rabi,Maize,701.28,22.6,68.1,Sandy,Drip,155.62,7.25,4411.16,1.3,35874.85,85201.0
2466,Maharashtra,Nashik,2017,Rabi,Barley,1400.04,24.2,60.9,Laterite,Canal,393.4,19.07,2349.31,2.81,32404.78,109560.99999999999
2467,Maharashtra,Nagpur,2017,Zaid,Wheat,1609.98,27.0,87.9,Sandy,Drip,105.7,52.01,2793.16,2.33,57869.17,63842.99999999999
2468,Maharashtra,Nagpur,2017,Kharif,Rice,1445.85,36.6,82.2,Laterite,Rain-fed,251.38,52.59,2732.21,4.71,53877.22,201081.0
2469,Maharashtra,Nagpur,2017,Kharif,Sugarcane,1477.65,22.0,35.6,Laterite,Tube Well,169.75,47.86,3254.85,8.49,34837.1,266969.0
2470,Maharashtra,Nagpur,2017,Zaid,Barley,458.43,23.5,54.4,Red,Sprinkler,142.65,14.99,1336.64,7.87,22895.95,119926.0
2471,Maharashtra,Nagpur,2017,Rabi,Rice,602.44,28.4,52.0,Black,Tube Well,394.09,28.81,580.58,8.26,21609.73,39760.0
2472,Maharashtra,Nagpur,2017,Zaid,Rice,1252.91,32.2,51.9,Laterite,Rain-fed,334.13,56.59,3967.49,3.04,62333.6,107929.0
2473,Maharashtra,Nagpur,2017,Zaid,Pulses,2066.29,32.8,80.1,Black,Canal,372.6,44.04,2906.31,3.08,15882.33,93699.0
2474,Maharashtra,Nagpur,2017,Rabi,Sugarcane,1773.51,26.2,85.0,Red,Sprinkler,207.55,36.69,968.6,4.12,34666.5,51574.0
2475,Maharashtra,Nagpur,2017,Zaid,Sugarcane,1049.58,29.2,39.0,Alluvial,Sprinkler,383.38,21.97,2479.08,8.49,15867.61,241213.0
2476,Maharashtra,Nagpur,2017,Kharif,Cotton,722.48,33.7,82.0,Alluvial,Canal,126.8,38.43,163.63,7.12,57024.82,10660.0
2477,Maharashtra,Nagpur,2017,Zaid,Rice,547.6,30.2,53.4,Black,Canal,260.28,5.01,1486.99,6.67,33873.0,104252.0
2478,Maharashtra,Nagpur,2017,Rabi,Cotton,2187.08,30.1,39.8,Laterite,Sprinkler,395.6,33.85,2029.52,7.04,32377.09,231359.0
2479,Maharashtra,Nagpur,2017,Kharif,Wheat,961.36,30.6,79.0,Laterite,Tube Well,291.11,57.56,1778.87,7.81,23881.1,203043.0
2480,Maharashtra,Nagpur,2017,Kharif,Barley,1231.22,22.6,59.9,Laterite,Rain-fed,441.12,37.12,2032.58,1.53,21604.95,30902.0
2481,Maharashtra,Nagpur,2017,Rabi,Sugarcane,1614.33,19.1,63.0,Alluvial,Rain-fed,204.78,36.12,4906.49,7.74,60292.09,539433.0
2482,Maharashtra,Nagpur,2017,Kharif,Pulses,2047.01,26.9,45.8,Laterite,Tube Well,357.29,31.89,134.85,2.04,29789.07,4065.0
2483,Maharashtra,Nagpur,2017,Zaid,Sugarcane,1525.63,21.7,81.0,Sandy,Tube Well,215.48,49.94,2972.57,4.91,33533.95,197303.0
2484,Maharashtra,Nagpur,2017,Zaid,Rice,462.88,33.1,53.9,Red,Drip,291.98,16.03,1799.17,3.96,63316.01,118411.99999999999
2485,Maharashtra,Aurangabad,2017,Rabi,Sugarcane,2187.15,26.2,49.9,Sandy,Tube Well,248.47,14.25,1083.75,4.78,56501.83,75522.0
2486,Maharashtra,Aurangabad,2017,Rabi,Cotton,1723.63,28.4,71.1,Red,Drip,204.9,39.05,4114.4,5.82,63539.69,369863.0
2487,Maharashtra,Aurangabad,2017,Kharif,Cotton,1936.6,36.1,82.5,Sandy,Canal,309.11,44.43,735.57,1.37,31320.88,12523.0
2488,Maharashtra,Aurangabad,2017,Rabi,Cotton,1622.61,33.0,68.6,Red,Sprinkler,175.93,17.48,3156.34,3.63,13430.23,142179.0
2489,Maharashtra,Aurangabad,2017,Zaid,Wheat,1791.13,27.6,35.4,Sandy,Canal,141.83,16.88,3674.05,3.91,33354.42,142002.0
2490,Maharashtra,Aurangabad,2017,Kharif,Sugarcane,1132.75,25.6,88.7,Red,Canal,259.94,43.31,1455.81,6.9,37160.08,126427.0
2491,Maharashtra,Aurangabad,2017,Kharif,Pulses,402.35,35.6,47.0,Laterite,Rain-fed,374.32,43.86,4208.31,3.49,14432.15,225900.0
2492,Maharashtra,Aurangabad,2017,Rabi,Sugarcane,1964.83,27.0,67.0,Laterite,Canal,132.39,54.0,4630.17,4.61,46329.1,227641.0
2493,Maharashtra,Aurangabad,2017,Kharif,Sugarcane,793.14,35.1,42.5,Sandy,Rain-fed,244.28,50.22,2894.84,4.66,17907.35,188136.0
2494,Maharashtra,Aurangabad,2017,Rabi,Rice,496.07,19.8,44.8,Red,Sprinkler,245.69,7.47,4040.55,2.0,58314.18,91147.0
2495,Maharashtra,Aurangabad,2017,Rabi,Cotton,1465.42,27.2,66.1,Black,Rain-fed,237.73,33.51,4979.64,7.5,13151.58,331343.0
2496,Maharashtra,Aurangabad,2017,Zaid,Millets,1951.98,25.4,73.8,Black,Tube Well,239.22,37.45,4289.56,1.37,54853.78,67226.0
2497,Maharashtra,Aurangabad,2017,Zaid,Wheat,734.31,27.3,74.9,Sandy,Canal,394.29,30.87,2220.29,4.63,37486.92,147672.0
2498,Maharashtra,Aurangabad,2017,Zaid,Maize,1479.49,22.8,74.5,Sandy,Sprinkler,418.98,52.45,2892.93,2.13,38075.17,64919.00000000001
2499,Maharashtra,Aurangabad,2017,Zaid,Cotton,2127.92,20.0,75.5,Sandy,Canal,132.84,55.24,2541.32,8.03,35632.4,231508.0
2500,Maharashtra,Aurangabad,2017,Rabi,Millets,1441.8,33.2,69.5,Alluvial,Tube Well,351.53,51.48,1880.49,7.67,55389.5,153945.0
2501,Maharashtra,Aurangabad,2017,Rabi,Sugarcane,1770.43,31.6,51.6,Laterite,Drip,262.36,19.79,4848.03,7.08,24083.9,452235.00000000006
2502,Maharashtra,Aurangabad,2017,Zaid,Barley,2073.45,24.6,50.7,Alluvial,Drip,321.36,52.74,4400.44,5.73,37398.07,331337.0
2503,Maharashtra,Kolhapur,2017,Rabi,Rice,1960.37,29.1,80.1,Laterite,Sprinkler,147.94,41.48,2010.81,8.4,25022.34,295289.0
2504,Maharashtra,Kolhapur,2017,Zaid,Pulses,1743.0,28.1,49.7,Sandy,Drip,154.44,19.69,304.07,5.3,42344.41,17976.0
2505,Maharashtra,Kolhapur,2017,Zaid,Wheat,759.83,21.7,69.4,Sandy,Canal,234.47,53.81,2235.0,7.37,55716.99,157227.0
2506,Maharashtra,Kolhapur,2017,Kharif,Rice,1737.79,21.2,80.8,Alluvial,Sprinkler,309.59,54.44,3074.55,5.57,44989.88,202266.0
2507,Maharashtra,Kolhapur,2017,Rabi,Maize,2038.46,25.2,88.0,Red,Canal,191.05,58.3,4894.51,1.41,43653.83,96146.0
2508,Maharashtra,Kolhapur,2017,Rabi,Maize,1628.71,22.2,44.0,Alluvial,Canal,96.99,52.65,3176.98,3.81,16951.15,215019.99999999997
2509,Maharashtra,Kolhapur,2017,Kharif,Cotton,630.44,19.6,87.1,Red,Sprinkler,106.01,7.14,4983.88,7.44,61463.86,343478.0
2510,Maharashtra,Kolhapur,2017,Zaid,Rice,1807.17,18.7,48.1,Red,Tube Well,437.08,55.02,1798.29,5.07,49567.28,92770.0
2511,Maharashtra,Kolhapur,2017,Zaid,Millets,1480.01,35.7,67.3,Alluvial,Rain-fed,260.17,46.17,1427.39,6.43,45818.49,103476.0
2512,Maharashtra,Kolhapur,2017,Kharif,Rice,1364.41,27.7,82.3,Sandy,Rain-fed,125.12,33.34,776.61,8.0,57153.45,86165.0
2513,Maharashtra,Kolhapur,2017,Kharif,Maize,1967.48,25.3,60.7,Black,Canal,217.52,34.03,2677.15,6.48,29836.8,197497.0
2514,Maharashtra,Kolhapur,2017,Rabi,Rice,1435.34,32.6,81.9,Alluvial,Rain-fed,298.23,51.47,1382.83,4.86,32547.07,99142.0
2515,Maharashtra,Kolhapur,2017,Kharif,Cotton,1453.37,20.3,74.2,Black,Rain-fed,180.14,6.67,2903.33,5.98,27269.66,262485.0
2516,Maharashtra,Kolhapur,2017,Rabi,Wheat,1198.52,35.0,67.8,Sandy,Sprinkler,194.44,48.11,3046.54,7.04,61510.25,250566.0
2517,Maharashtra,Kolhapur,2017,Rabi,Rice,1945.85,28.2,74.1,Laterite,Rain-fed,315.62,29.57,3902.22,3.39,52684.88,165625.0
2518,Maharashtra,Kolhapur,2017,Kharif,Pulses,1433.96,21.6,50.6,Laterite,Sprinkler,333.22,11.94,2620.14,2.28,27288.28,82846.0
2519,Maharashtra,Kolhapur,2017,Zaid,Millets,1508.25,18.3,38.4,Laterite,Tube Well,164.01,23.2,1884.52,8.38,41013.22,175379.0
2520,Maharashtra,Kolhapur,2017,Kharif,Cotton,2059.64,34.9,40.8,Red,Rain-fed,220.55,15.86,2861.84,6.95,46926.52,256296.0
2521,Karnataka,Bengaluru,2017,Kharif,Sugarcane,1018.31,18.6,44.3,Black,Tube Well,230.16,29.57,3157.92,6.98,31907.02,203654.0
2522,Karnataka,Bengaluru,2017,Rabi,Maize,1623.17,25.9,45.9,Alluvial,Canal,75.1,20.57,1902.31,2.03,45263.6,41564.0
2523,Karnataka,Bengaluru,2017,Kharif,Pulses,909.25,25.3,65.6,Alluvial,Tube Well,366.12,24.43,3150.19,3.65,56031.32,198187.0
2524,Karnataka,Bengaluru,2017,Zaid,Sugarcane,766.37,33.9,86.0,Red,Canal,243.46,58.38,3845.02,4.23,14860.33,263544.0
2525,Karnataka,Bengaluru,2017,Rabi,Cotton,2179.32,32.9,40.0,Laterite,Sprinkler,251.1,46.75,348.99,2.67,37103.42,10907.0
2526,Karnataka,Bengaluru,2017,Zaid,Pulses,1778.73,19.9,74.5,Black,Canal,232.72,17.73,2015.75,4.0,14449.97,140145.0
2527,Karnataka,Bengaluru,2017,Rabi,Barley,464.88,29.5,88.0,Sandy,Drip,257.06,32.84,1816.28,6.16,63914.49,93245.0
2528,Karnataka,Bengaluru,2017,Kharif,Rice,567.1,25.4,46.3,Black,Sprinkler,67.48,27.32,337.59,5.66,22062.55,28238.0
2529,Karnataka,Bengaluru,2017,Zaid,Barley,837.39,29.7,45.2,Alluvial,Sprinkler,50.98,41.8,1257.4,5.29,35719.95,64491.99999999999
2530,Karnataka,Bengaluru,2017,Rabi,Sugarcane,1350.78,23.7,86.7,Black,Canal,257.89,46.4,2119.85,4.51,33421.58,147971.0
2531,Karnataka,Bengaluru,2017,Rabi,Sugarcane,938.16,32.0,45.2,Red,Canal,124.54,47.13,2231.33,4.71,19891.66,169853.0
2532,Karnataka,Bengaluru,2017,Zaid,Cotton,1233.58,29.2,77.2,Red,Sprinkler,355.99,46.89,3036.43,4.37,24699.75,184957.0
2533,Karnataka,Bengaluru,2017,Rabi,Rice,1629.58,29.0,59.4,Red,Tube Well,391.9,19.99,2875.74,3.47,39903.15,146065.0
2534,Karnataka,Bengaluru,2017,Zaid,Sugarcane,2168.96,29.4,73.7,Red,Canal,149.73,49.57,1718.38,4.39,28480.48,71225.0
2535,Karnataka,Bengaluru,2017,Rabi,Maize,1527.89,33.8,67.1,Laterite,Sprinkler,54.44,35.55,2870.2,3.94,52580.64,157093.0
2536,Karnataka,Bengaluru,2017,Zaid,Rice,2125.73,20.4,89.2,Black,Rain-fed,122.82,12.65,3929.36,2.27,47244.42,129328.0
2537,Karnataka,Bengaluru,2017,Zaid,Barley,1408.33,20.7,84.7,Alluvial,Drip,140.62,16.43,2481.25,5.27,26301.6,232919.0
2538,Karnataka,Bengaluru,2017,Zaid,Barley,1285.49,24.0,83.6,Laterite,Rain-fed,258.33,22.97,2557.07,1.58,26071.25,45642.0
2539,Karnataka,Mysuru,2017,Rabi,Millets,1592.67,31.0,71.6,Red,Canal,366.32,25.45,4025.6,4.87,41765.99,157255.0
2540,Karnataka,Mysuru,2017,Kharif,Maize,2049.82,30.7,61.3,Laterite,Canal,219.74,40.15,4709.13,3.13,63310.11,252856.0
2541,Karnataka,Mysuru,2017,Zaid,Pulses,1139.96,23.1,58.9,Sandy,Tube Well,127.15,18.82,1340.65,1.51,27467.48,17972.0
2542,Karnataka,Mysuru,2017,Zaid,Millets,850.11,32.3,82.6,Alluvial,Rain-fed,104.92,18.73,505.83,5.39,42297.41,36198.0
2543,Karnataka,Mysuru,2017,Kharif,Barley,1073.32,20.0,47.3,Black,Sprinkler,401.65,35.1,343.34,1.84,25944.9,6239.0
2544,Karnataka,Mysuru,2017,Kharif,Millets,2018.28,26.2,89.7,Sandy,Canal,124.47,31.95,2996.11,6.43,53309.02,178944.0
2545,Karnataka,Mysuru,2017,Zaid,Wheat,1123.98,36.4,75.9,Alluvial,Sprinkler,252.16,58.38,3709.72,4.78,14022.5,168654.0
2546,Karnataka,Mysuru,2017,Kharif,Cotton,1029.23,36.0,71.0,Laterite,Canal,383.38,21.25,4176.23,4.17,44761.13,142964.0
2547,Karnataka,Mysuru,2017,Kharif,Maize,1032.42,30.4,40.3,Laterite,Tube Well,95.23,20.95,1651.0,8.35,55546.45,116456.0
2548,Karnataka,Mysuru,2017,Rabi,Pulses,622.3,18.8,39.2,Red,Drip,288.14,13.42,4458.28,2.22,33277.03,137343.0
2549,Karnataka,Mysuru,2017,Kharif,Millets,598.42,38.0,48.2,Black,Tube Well,383.75,7.4,1304.56,5.65,35503.89,77313.0
2550,Karnataka,Mysuru,2017,Kharif,Barley,1140.22,26.0,37.4,Red,Tube Well,138.67,27.09,4531.21,8.27,30006.89,308093.0
2551,Karnataka,Mysuru,2017,Rabi,Pulses,997.16,21.0,60.1,Red,Canal,105.54,7.98,1285.58,5.79,37072.67,63824.0
2552,Karnataka,Mysuru,2017,Rabi,Wheat,413.87,37.2,84.7,Laterite,Canal,388.18,55.46,4624.19,5.21,14208.47,332240.0
2553,Karnataka,Mysuru,2017,Kharif,Rice,2148.65,19.7,63.7,Sandy,Drip,389.76,29.95,3471.96,2.68,21552.1,96857.0
2554,Karnataka,Mysuru,2017,Kharif,Sugarcane,430.06,35.3,50.0,Laterite,Sprinkler,162.75,37.05,1666.39,1.8,58143.33,33920.0
2555,Karnataka,Mysuru,2017,Rabi,Cotton,739.02,35.2,73.8,Red,Canal,140.88,13.13,965.52,6.19,33850.04,79388.0
2556,Karnataka,Mysuru,2017,Kharif,Wheat,656.83,18.7,38.8,Alluvial,Sprinkler,359.93,54.83,1682.67,3.42,38734.49,90871.0
2557,Karnataka,Hubli,2017,Rabi,Sugarcane,742.65,25.8,55.1,Red,Drip,149.13,58.93,1095.11,2.94,28732.59,48573.0
2558,Karnataka,Hubli,2017,Kharif,Millets,1661.0,19.1,66.8,Black,Canal,266.1,20.5,2087.54,8.43,24364.22,304282.0
2559,Karnataka,Hubli,2017,Zaid,Millets,419.3,37.3,49.8,Black,Drip,74.6,50.04,1770.94,6.31,44987.15,151059.0
2560,Karnataka,Hubli,2017,Kharif,Millets,566.56,30.8,81.6,Laterite,Drip,199.64,34.11,2324.67,5.62,31873.71,150845.0
2561,Karnataka,Hubli,2017,Zaid,Sugarcane,454.95,32.0,89.0,Black,Drip,324.25,44.66,4473.15,5.5,53045.95,346050.0
2562,Karnataka,Hubli,2017,Rabi,Rice,1278.63,22.2,83.9,Red,Rain-fed,165.01,32.48,2643.75,6.41,25658.1,186407.0
2563,Karnataka,Hubli,2017,Rabi,Pulses,1890.46,37.6,53.4,Alluvial,Sprinkler,131.05,51.25,2388.71,6.05,57182.07,258753.00000000003
2564,Karnataka,Hubli,2017,Zaid,Cotton,1105.52,35.4,60.8,Black,Tube Well,402.29,22.62,821.3,8.08,21661.25,60432.00000000001
2565,Karnataka,Hubli,2017,Kharif,Wheat,1768.16,37.6,80.7,Alluvial,Canal,313.06,48.32,4113.5,1.67,41738.99,90165.0
2566,Karnataka,Hubli,2017,Kharif,Sugarcane,1184.81,18.1,70.7,Black,Tube Well,285.83,51.44,117.09,5.26,46645.07,5229.0
2567,Karnataka,Hubli,2017,Kharif,Barley,1600.19,28.5,54.0,Alluvial,Rain-fed,387.6,41.76,3482.54,4.57,55633.87,262782.0
2568,Karnataka,Hubli,2017,Rabi,Millets,641.44,25.7,42.1,Red,Tube Well,433.54,10.78,1745.67,5.93,52964.14,144915.0
2569,Karnataka,Hubli,2017,Kharif,Wheat,2135.45,27.0,70.0,Black,Canal,434.7,24.91,3507.28,5.31,17939.63,259398.0
2570,Karnataka,Hubli,2017,Rabi,Pulses,1957.58,36.0,41.6,Red,Sprinkler,131.86,27.07,4291.87,6.52,42153.49,430526.0
2571,Karnataka,Hubli,2017,Rabi,Maize,1033.07,19.0,54.6,Sandy,Canal,219.77,46.09,4408.48,6.47,34051.46,363063.0
2572,Karnataka,Hubli,2017,Zaid,Maize,1715.48,27.8,62.3,Sandy,Rain-fed,253.84,56.91,1482.55,4.49,24654.18,110721.0
2573,Karnataka,Hubli,2017,Zaid,Cotton,789.09,22.7,56.3,Black,Canal,281.48,30.83,708.56,3.76,52970.13,43755.0
2574,Karnataka,Hubli,2017,Kharif,Barley,2005.71,26.5,66.8,Black,Rain-fed,109.48,49.54,648.49,1.85,34272.12,16619.0
2575,Karnataka,Belagavi,2017,Zaid,Sugarcane,1620.84,22.3,39.2,Laterite,Rain-fed,355.86,31.31,1162.07,3.54,32845.69,38365.0
2576,Karnataka,Belagavi,2017,Rabi,Sugarcane,823.76,34.9,44.8,Sandy,Canal,325.82,7.93,3031.29,3.22,41089.61,126007.0
2577,Karnataka,Belagavi,2017,Kharif,Rice,735.33,21.2,67.5,Black,Sprinkler,315.78,15.83,3755.44,2.09,24230.19,139204.0
2578,Karnataka,Belagavi,2017,Rabi,Sugarcane,548.87,30.9,63.1,Red,Canal,184.26,56.3,3986.76,5.34,26675.86,323857.0
2579,Karnataka,Belagavi,2017,Zaid,Pulses,986.18,27.6,71.3,Red,Drip,339.91,47.95,2856.47,4.55,22803.52,222848.99999999997
2580,Karnataka,Belagavi,2017,Rabi,Cotton,1553.33,22.1,48.6,Black,Canal,420.0,9.21,3480.68,4.81,13677.85,232315.0
2581,Karnataka,Belagavi,2017,Rabi,Cotton,1328.02,32.7,45.3,Black,Drip,286.61,52.01,2308.47,3.77,34138.38,146389.0
2582,Karnataka,Belagavi,2017,Rabi,Rice,1132.49,25.6,80.5,Black,Sprinkler,234.24,5.26,2652.19,3.5,12878.35,127417.0
2583,Karnataka,Belagavi,2017,Kharif,Cotton,878.84,20.1,78.2,Red,Rain-fed,76.98,21.49,4304.73,6.89,43429.24,314523.0
2584,Karnataka,Belagavi,2017,Zaid,Maize,606.52,37.2,40.9,Alluvial,Drip,259.83,8.91,2773.92,5.87,34029.92,275776.0
2585,Karnataka,Belagavi,2017,Kharif,Maize,1772.79,35.3,67.2,Alluvial,Canal,197.88,58.41,1672.7,5.06,54218.45,142848.0
2586,Karnataka,Belagavi,2017,Zaid,Pulses,1689.95,18.8,45.4,Black,Tube Well,233.22,26.76,3250.83,7.56,56367.15,266970.0
2587,Karnataka,Belagavi,2017,Zaid,Maize,943.4,36.8,85.0,Red,Tube Well,163.53,59.4,115.91,2.5,18542.35,2986.0
2588,Karnataka,Belagavi,2017,Rabi,Maize,659.35,23.0,50.6,Alluvial,Sprinkler,246.08,52.31,3778.67,3.0,27640.5,121998.0
2589,Karnataka,Belagavi,2017,Kharif,Pulses,1899.76,23.2,72.7,Alluvial,Tube Well,338.3,7.78,348.55,6.98,61095.9,32248.0
2590,Karnataka,Belagavi,2017,Zaid,Pulses,595.04,21.8,42.3,Alluvial,Tube Well,153.9,46.94,518.5,2.49,60369.41,12465.0
2591,Karnataka,Belagavi,2017,Rabi,Pulses,1118.85,25.7,37.3,Alluvial,Drip,292.95,28.99,3355.84,1.83,50792.41,104851.0
2592,Karnataka,Belagavi,2017,Rabi,Sugarcane,1613.4,26.7,54.8,Red,Sprinkler,371.45,12.73,1768.67,8.06,54406.58,123643.0
2593,Karnataka,Mangalore,2017,Zaid,Rice,1190.64,30.3,71.7,Black,Drip,340.81,35.18,2872.52,6.34,21416.99,291934.0
2594,Karnataka,Mangalore,2017,Kharif,Rice,1865.99,35.3,70.4,Red,Canal,91.06,20.57,2895.1,7.85,26327.74,207471.0
2595,Karnataka,Mangalore,2017,Rabi,Rice,789.52,28.3,54.9,Black,Canal,331.31,54.57,2947.3,5.44,27079.02,155268.0
2596,Karnataka,Mangalore,2017,Rabi,Rice,1891.93,34.4,36.7,Laterite,Sprinkler,230.09,53.95,845.52,5.72,38822.7,53332.00000000001
2597,Karnataka,Mangalore,2017,Rabi,Barley,1125.84,30.5,64.9,Red,Sprinkler,326.41,13.08,1014.43,7.03,18605.09,104267.0
2598,Karnataka,Mangalore,2017,Zaid,Rice,2043.65,24.2,50.0,Alluvial,Canal,305.71,11.81,4553.41,3.49,54182.53,241442.0
2599,Karnataka,Mangalore,2017,Rabi,Rice,743.24,28.3,83.5,Black,Sprinkler,137.09,24.76,4161.22,5.1,21053.75,374497.0
2600,Karnataka,Mangalore,2017,Kharif,Cotton,2081.36,37.5,75.0,Black,Drip,109.02,44.96,3700.4,3.04,21230.23,134211.0
2601,Karnataka,Mangalore,2017,Rabi,Wheat,2190.98,24.3,86.6,Laterite,Tube Well,437.01,53.46,878.74,5.12,35373.6,37764.0
2602,Karnataka,Mangalore,2017,Zaid,Wheat,959.69,20.7,85.5,Laterite,Tube Well,129.16,59.61,4674.91,6.02,51818.6,364027.0
2603,Karnataka,Mangalore,2017,Rabi,Millets,944.29,37.4,73.5,Alluvial,Canal,408.28,32.46,4329.96,1.75,35787.53,86234.0
2604,Karnataka,Mangalore,2017,Rabi,Sugarcane,1898.61,32.0,83.5,Black,Rain-fed,198.15,9.02,3470.82,7.14,51979.36,375364.0
2605,Karnataka,Mangalore,2017,Zaid,Millets,1847.79,20.8,50.2,Black,Sprinkler,222.9,20.91,417.18,6.64,47320.6,36893.0
2606,Karnataka,Mangalore,2017,Zaid,Maize,1273.71,34.9,76.4,Alluvial,Sprinkler,431.4,44.03,1246.27,5.22,49063.75,66326.0
2607,Karnataka,Mangalore,2017,Rabi,Maize,1831.06,28.2,45.5,Sandy,Canal,202.53,15.54,3386.03,2.41,56212.56,110106.0
2608,Karnataka,Mangalore,2017,Zaid,Millets,1992.35,32.8,37.2,Sandy,Sprinkler,122.26,53.2,1826.18,7.87,52983.47,148174.0
2609,Karnataka,Mangalore,2017,Zaid,Pulses,1441.86,19.4,39.4,Laterite,Canal,220.55,36.82,1016.72,1.79,22131.97,19099.0
2610,Karnataka,Mangalore,2017,Rabi,Pulses,412.31,27.4,82.0,Sandy,Rain-fed,312.18,32.26,1937.29,6.48,41233.67,197635.0
2611,Tamil Nadu,Chennai,2017,Rabi,Barley,756.08,24.9,55.8,Sandy,Rain-fed,216.46,57.7,713.7,1.72,40982.2,9961.0
2612,Tamil Nadu,Chennai,2017,Kharif,Rice,1499.6,34.5,65.4,Black,Canal,345.94,20.28,939.44,7.77,42883.05,82969.0
2613,Tamil Nadu,Chennai,2017,Kharif,Pulses,1502.2,25.0,40.3,Sandy,Tube Well,215.39,41.27,1836.5,7.92,49311.97,249700.0
2614,Tamil Nadu,Chennai,2017,Rabi,Millets,955.52,20.1,47.7,Alluvial,Rain-fed,394.22,56.24,1223.95,6.72,50909.14,66607.0
2615,Tamil Nadu,Chennai,2017,Rabi,Rice,1284.23,27.9,85.7,Alluvial,Drip,106.95,18.05,758.11,7.52,37803.81,74246.0
2616,Tamil Nadu,Chennai,2017,Zaid,Maize,789.66,34.5,41.2,Black,Rain-fed,256.38,29.27,4445.53,7.57,55248.41,489256.00000000006
2617,Tamil Nadu,Chennai,2017,Zaid,Cotton,1614.54,32.8,81.8,Laterite,Drip,178.06,12.65,4123.41,1.72,20545.26,109874.0
2618,Tamil Nadu,Chennai,2017,Zaid,Millets,2004.07,22.3,39.8,Laterite,Drip,292.53,57.47,1269.17,8.41,59576.28,191733.0
2619,Tamil Nadu,Chennai,2017,Zaid,Sugarcane,496.91,26.6,77.2,Alluvial,Sprinkler,362.59,36.98,1371.14,7.26,13417.81,160669.0
2620,Tamil Nadu,Chennai,2017,Kharif,Wheat,838.22,26.3,65.1,Red,Canal,198.89,10.1,283.43,1.53,15589.28,4133.0
2621,Tamil Nadu,Chennai,2017,Kharif,Rice,1205.93,20.7,49.4,Alluvial,Rain-fed,219.06,28.35,2795.75,5.09,46001.06,203827.0
2622,Tamil Nadu,Chennai,2017,Kharif,Millets,1951.38,35.1,46.5,Red,Rain-fed,101.34,6.13,1019.77,3.47,38265.5,35848.0
2623,Tamil Nadu,Chennai,2017,Kharif,Maize,588.05,26.2,38.6,Alluvial,Drip,67.99,6.14,4232.93,1.21,12635.31,55946.0
2624,Tamil Nadu,Chennai,2017,Zaid,Pulses,1059.5,37.2,60.0,Black,Sprinkler,171.38,7.6,2414.56,8.32,19777.28,297512.0
2625,Tamil Nadu,Chennai,2017,Zaid,Pulses,1161.87,35.2,73.1,Sandy,Sprinkler,102.19,9.68,1951.09,6.9,49670.96,215500.0
2626,Tamil Nadu,Chennai,2017,Rabi,Millets,1687.57,36.1,80.3,Alluvial,Drip,246.44,31.19,2245.98,3.91,15369.09,114172.0
2627,Tamil Nadu,Chennai,2017,Kharif,Sugarcane,1491.65,19.7,88.4,Red,Rain-fed,139.28,30.11,3215.72,2.37,26719.95,97289.0
2628,Tamil Nadu,Chennai,2017,Kharif,Rice,1456.47,24.4,75.7,Red,Canal,213.96,33.04,4162.28,5.91,53889.39,400547.0
2629,Tamil Nadu,Coimbatore,2017,Rabi,Wheat,1297.54,37.5,71.2,Red,Sprinkler,361.54,45.04,296.25,5.77,54154.04,19621.0
2630,Tamil Nadu,Coimbatore,2017,Rabi,Pulses,1515.67,36.1,40.8,Red,Sprinkler,443.78,40.07,1268.29,4.06,19431.08,59819.00000000001
2631,Tamil Nadu,Coimbatore,2017,Rabi,Sugarcane,1780.97,29.7,59.6,Alluvial,Drip,319.71,22.39,252.37,4.2,39377.79,17462.0
2632,Tamil Nadu,Coimbatore,2017,Zaid,Wheat,1729.99,37.3,39.1,Red,Rain-fed,192.05,30.23,3317.98,2.56,48399.5,97373.0
2633,Tamil Nadu,Coimbatore,2017,Rabi,Sugarcane,1612.79,23.3,86.5,Sandy,Sprinkler,389.77,29.76,4701.42,4.97,43454.52,283472.0
2634,Tamil Nadu,Coimbatore,2017,Zaid,Maize,1559.82,35.9,42.4,Alluvial,Rain-fed,439.37,10.82,4632.45,6.6,36143.19,287348.0
2635,Tamil Nadu,Coimbatore,2017,Zaid,Wheat,1784.25,30.4,62.2,Laterite,Sprinkler,437.96,59.29,3933.23,3.35,17599.45,163860.0
2636,Tamil Nadu,Coimbatore,2017,Rabi,Wheat,2006.51,23.6,86.8,Red,Drip,59.19,43.17,1622.06,4.32,37624.2,92624.0
2637,Tamil Nadu,Coimbatore,2017,Kharif,Barley,626.95,23.8,80.3,Alluvial,Sprinkler,434.48,8.26,1367.93,5.2,36911.0,65085.0
2638,Tamil Nadu,Coimbatore,2017,Rabi,Millets,1239.16,18.3,48.3,Black,Drip,180.52,47.71,3495.4,6.02,23878.83,327148.0
2639,Tamil Nadu,Coimbatore,2017,Kharif,Cotton,1912.19,31.2,77.5,Black,Canal,276.52,38.75,2466.13,7.71,43838.12,306290.0
2640,Tamil Nadu,Coimbatore,2017,Rabi,Cotton,1836.57,22.6,89.0,Laterite,Sprinkler,371.12,29.33,3014.53,6.61,61475.43,273667.0
2641,Tamil Nadu,Coimbatore,2017,Rabi,Maize,910.53,18.4,82.0,Black,Drip,98.48,56.1,3432.43,1.63,39117.85,87716.0
2642,Tamil Nadu,Coimbatore,2017,Rabi,Sugarcane,550.73,23.3,54.7,Alluvial,Canal,201.58,25.44,2599.51,2.11,36576.97,76498.0
2643,Tamil Nadu,Coimbatore,2017,Zaid,Sugarcane,888.21,36.1,60.3,Red,Drip,129.12,51.36,1835.09,3.98,48179.42,80049.0
2644,Tamil Nadu,Coimbatore,2017,Kharif,Barley,648.53,19.8,70.7,Black,Canal,111.93,11.79,4125.93,3.08,45760.34,116092.0
2645,Tamil Nadu,Coimbatore,2017,Zaid,Barley,420.84,20.0,75.5,Red,Rain-fed,309.85,16.21,3941.89,3.83,18815.52,132161.0
2646,Tamil Nadu,Coimbatore,2017,Kharif,Maize,1564.11,26.5,86.0,Red,Tube Well,311.59,57.04,3766.49,3.87,22608.82,155313.0
2647,Tamil Nadu,Madurai,2017,Zaid,Rice,622.65,26.2,88.0,Alluvial,Sprinkler,175.07,47.04,2897.29,5.66,26317.14,154421.0
2648,Tamil Nadu,Madurai,2017,Zaid,Cotton,1931.83,24.6,46.5,Sandy,Rain-fed,355.28,59.82,1651.98,8.29,33278.23,126985.99999999999
2649,Tamil Nadu,Madurai,2017,Zaid,Wheat,1360.94,23.4,68.7,Red,Sprinkler,376.81,41.13,4840.69,2.54,22149.71,122321.0
2650,Tamil Nadu,Madurai,2017,Rabi,Sugarcane,1885.86,28.2,73.2,Alluvial,Tube Well,429.6,45.52,3180.05,7.59,21083.93,318089.0
2651,Tamil Nadu,Madurai,2017,Rabi,Pulses,482.03,27.9,71.6,Black,Rain-fed,85.21,42.74,4469.48,7.2,54839.65,373520.0
2652,Tamil Nadu,Madurai,2017,Kharif,Maize,904.9,32.0,62.1,Red,Tube Well,242.97,20.69,4557.76,5.33,26020.8,337015.0
2653,Tamil Nadu,Madurai,2017,Zaid,Cotton,1852.12,19.0,35.5,Laterite,Rain-fed,277.32,53.06,4627.25,4.05,40955.85,173518.0
2654,Tamil Nadu,Madurai,2017,Rabi,Pulses,1844.19,27.9,67.7,Alluvial,Sprinkler,364.06,49.86,2856.11,7.79,57863.22,323329.0
2655,Tamil Nadu,Madurai,2017,Rabi,Rice,651.48,18.4,81.6,Alluvial,Canal,59.74,13.64,1866.26,7.11,30774.07,132441.0
2656,Tamil Nadu,Madurai,2017,Kharif,Barley,508.8,34.7,68.8,Laterite,Drip,444.49,17.24,4227.8,6.63,36842.94,347677.0
2657,Tamil Nadu,Madurai,2017,Zaid,Pulses,1603.17,35.9,40.7,Black,Sprinkler,240.77,16.07,3459.62,6.85,23533.15,277682.0
2658,Tamil Nadu,Madurai,2017,Kharif,Cotton,843.75,30.7,63.0,Laterite,Canal,262.47,57.13,4695.37,4.56,42379.98,204537.0
2659,Tamil Nadu,Madurai,2017,Rabi,Millets,1464.75,23.3,57.8,Laterite,Sprinkler,155.03,55.96,1600.84,6.3,59480.1,152414.0
2660,Tamil Nadu,Madurai,2017,Kharif,Rice,711.94,32.5,74.9,Sandy,Drip,247.2,53.07,3437.16,7.5,54454.07,319514.0
2661,Tamil Nadu,Madurai,2017,Rabi,Maize,1930.01,36.6,50.4,Alluvial,Tube Well,59.47,16.73,4828.46,4.08,47280.01,183081.0
2662,Tamil Nadu,Madurai,2017,Kharif,Barley,2052.62,23.4,36.7,Black,Sprinkler,316.53,58.82,1463.01,7.94,29826.89,135514.0
2663,Tamil Nadu,Madurai,2017,Kharif,Barley,816.53,19.6,41.8,Alluvial,Tube Well,56.36,5.36,765.7,7.55,18956.62,87783.0
2664,Tamil Nadu,Madurai,2017,Rabi,Cotton,1622.51,24.8,54.6,Laterite,Tube Well,367.26,56.26,4888.78,8.12,35444.73,687254.0
2665,Tamil Nadu,Salem,2017,Kharif,Cotton,728.61,30.5,52.5,Laterite,Sprinkler,156.0,55.09,1223.26,5.86,58653.0,71219.0
2666,Tamil Nadu,Salem,2017,Kharif,Sugarcane,1494.24,33.4,66.8,Alluvial,Rain-fed,81.92,57.72,686.5,1.29,32105.84,11422.0
2667,Tamil Nadu,Salem,2017,Rabi,Sugarcane,2009.26,30.5,87.5,Black,Tube Well,328.76,26.2,4398.32,6.07,32280.86,424514.99999999994
2668,Tamil Nadu,Salem,2017,Kharif,Rice,1050.15,25.1,48.7,Alluvial,Sprinkler,437.84,24.59,121.08,5.34,22310.91,8768.0
2669,Tamil Nadu,Salem,2017,Kharif,Pulses,493.13,30.5,81.3,Red,Canal,236.83,51.75,4532.34,1.97,18899.48,113959.99999999999
2670,Tamil Nadu,Salem,2017,Zaid,Cotton,1330.95,19.0,88.8,Alluvial,Sprinkler,113.96,42.97,3382.22,8.48,44146.47,467347.99999999994
2671,Tamil Nadu,Salem,2017,Kharif,Maize,1141.55,32.3,35.0,Sandy,Sprinkler,73.52,13.29,234.84,5.98,37312.22,23472.0
2672,Tamil Nadu,Salem,2017,Zaid,Cotton,1024.91,22.9,89.8,Sandy,Sprinkler,329.87,36.36,3884.89,2.16,23114.37,135341.0
2673,Tamil Nadu,Salem,2017,Kharif,Millets,2102.94,20.3,54.8,Laterite,Canal,365.82,6.63,920.01,1.3,61605.17,15856.0
2674,Tamil Nadu,Salem,2017,Zaid,Cotton,2090.13,27.3,35.6,Sandy,Tube Well,431.9,45.38,696.64,2.81,13272.99,24346.0
2675,Tamil Nadu,Salem,2017,Kharif,Millets,1569.33,28.3,78.0,Red,Rain-fed,179.82,42.55,1756.61,8.43,43148.15,203619.0
2676,Tamil Nadu,Salem,2017,Rabi,Wheat,934.02,34.6,59.1,Red,Canal,410.5,26.5,3147.92,6.14,18780.61,189026.0
2677,Tamil Nadu,Salem,2017,Zaid,Rice,918.46,31.8,37.2,Red,Tube Well,367.29,55.54,3291.37,3.17,47092.89,178760.0
2678,Tamil Nadu,Salem,2017,Zaid,Maize,590.88,35.5,49.3,Laterite,Tube Well,127.35,21.27,4362.11,7.47,59925.35,295422.0
2679,Tamil Nadu,Salem,2017,Rabi,Cotton,2143.57,26.8,84.2,Sandy,Rain-fed,273.9,53.24,2155.38,4.93,56199.47,184468.0
2680,Tamil Nadu,Salem,2017,Kharif,Millets,887.32,19.5,76.3,Sandy,Tube Well,71.84,40.51,4692.48,4.54,20015.52,261780.00000000003
2681,Tamil Nadu,Salem,2017,Kharif,Sugarcane,1575.61,27.0,68.6,Laterite,Rain-fed,176.81,30.0,356.69,8.26,26773.2,29839.0
2682,Tamil Nadu,Salem,2017,Kharif,Pulses,1616.42,30.0,89.9,Red,Canal,420.52,19.23,1309.55,8.04,40968.84,112701.0
2683,Tamil Nadu,Tiruchirappalli,2017,Zaid,Millets,1530.88,22.0,54.0,Sandy,Drip,370.72,51.09,1929.02,6.94,21457.01,164947.0
2684,Tamil Nadu,Tiruchirappalli,2017,Rabi,Wheat,1900.62,33.5,86.7,Alluvial,Drip,138.23,58.3,3653.8,4.63,23042.17,193242.0
2685,Tamil Nadu,Tiruchirappalli,2017,Zaid,Pulses,1100.91,27.7,45.2,Red,Sprinkler,78.95,51.89,123.81,5.23,30094.91,9452.0
2686,Tamil Nadu,Tiruchirappalli,2017,Rabi,Rice,1061.34,20.8,51.8,Laterite,Sprinkler,186.17,26.36,196.63,5.44,53577.46,17693.0
2687,Tamil Nadu,Tiruchirappalli,2017,Zaid,Sugarcane,1133.08,30.1,73.4,Laterite,Rain-fed,132.22,16.12,4559.2,1.73,60241.41,82494.0
2688,Tamil Nadu,Tiruchirappalli,2017,Rabi,Sugarcane,625.02,28.3,58.9,Alluvial,Tube Well,424.48,19.68,4461.12,5.6,57533.12,416139.99999999994
2689,Tamil Nadu,Tiruchirappalli,2017,Rabi,Wheat,1167.14,18.5,50.0,Sandy,Canal,200.93,50.74,3957.18,3.01,35592.41,213550.0
2690,Tamil Nadu,Tiruchirappalli,2017,Zaid,Millets,2185.3,35.8,50.6,Laterite,Tube Well,205.01,29.07,3335.56,5.85,56922.79,230561.0
2691,Tamil Nadu,Tiruchirappalli,2017,Zaid,Maize,1974.98,36.1,84.1,Laterite,Tube Well,333.15,49.0,4179.0,6.6,25513.24,323987.0
2692,Tamil Nadu,Tiruchirappalli,2017,Rabi,Rice,1342.34,23.8,64.7,Alluvial,Sprinkler,249.79,8.69,934.67,4.89,58766.07,65257.00000000001
2693,Tamil Nadu,Tiruchirappalli,2017,Zaid,Millets,711.62,22.1,49.2,Black,Canal,278.78,9.52,889.06,2.7,23596.55,40076.0
2694,Tamil Nadu,Tiruchirappalli,2017,Zaid,Pulses,1413.74,18.5,60.4,Red,Rain-fed,378.88,16.64,4852.21,6.03,12356.21,444259.0
2695,Tamil Nadu,Tiruchirappalli,2017,Kharif,Barley,1216.08,33.9,38.9,Red,Rain-fed,382.02,41.67,641.27,8.14,46444.89,61589.0
2696,Tamil Nadu,Tiruchirappalli,2017,Zaid,Barley,1386.5,34.8,66.7,Laterite,Tube Well,406.78,27.1,4112.08,3.46,35329.07,170829.0
2697,Tamil Nadu,Tiruchirappalli,2017,Zaid,Pulses,1869.56,32.4,56.2,Red,Drip,394.53,31.44,2030.84,5.3,18663.28,139939.0
2698,Tamil Nadu,Tiruchirappalli,2017,Zaid,Barley,959.53,35.6,86.0,Sandy,Sprinkler,78.24,25.01,1508.84,5.75,39528.6,115321.0
2699,Tamil Nadu,Tiruchirappalli,2017,Rabi,Millets,2192.92,27.4,51.4,Sandy,Drip,160.35,14.16,2212.51,6.21,41362.56,205042.99999999997
2700,Tamil Nadu,Tiruchirappalli,2017,Rabi,Millets,1810.55,22.6,63.9,Black,Sprinkler,364.05,20.16,402.35,7.04,19403.71,34412.0
2701,Rajasthan,Jaipur,2017,Kharif,Wheat,842.36,34.0,39.8,Alluvial,Canal,148.87,15.67,2765.53,2.59,42033.54,121606.0
2702,Rajasthan,Jaipur,2017,Rabi,Rice,2059.2,34.0,63.0,Black,Rain-fed,317.43,27.03,1332.8,5.08,30186.32,87893.0
2703,Rajasthan,Jaipur,2017,Kharif,Pulses,676.26,25.9,53.9,Red,Canal,160.59,27.66,2341.55,3.05,36105.61,125244.0
2704,Rajasthan,Jaipur,2017,Rabi,Millets,2123.76,35.6,46.0,Sandy,Tube Well,250.67,44.19,536.06,2.96,30502.17,19000.0
2705,Rajasthan,Jaipur,2017,Rabi,Sugarcane,1582.69,22.1,81.3,Sandy,Drip,334.82,36.63,3581.9,6.64,35180.24,249810.0
2706,Rajasthan,Jaipur,2017,Kharif,Pulses,2100.19,25.7,37.5,Red,Tube Well,99.07,38.81,2957.46,2.01,55578.17,91246.0
2707,Rajasthan,Jaipur,2017,Rabi,Cotton,1540.88,26.4,87.2,Alluvial,Tube Well,286.76,26.63,4438.09,8.03,27049.73,438921.0
2708,Rajasthan,Jaipur,2017,Rabi,Millets,744.23,27.6,75.0,Alluvial,Sprinkler,292.48,59.26,543.23,7.61,18949.16,73918.0
2709,Rajasthan,Jaipur,2017,Kharif,Wheat,1623.42,37.9,52.2,Alluvial,Drip,338.12,42.19,723.31,1.27,40621.4,13415.0
2710,Rajasthan,Jaipur,2017,Zaid,Rice,1796.52,34.0,70.0,Red,Tube Well,278.85,39.87,4505.28,6.54,32282.61,479170.0
2711,Rajasthan,Jaipur,2017,Kharif,Maize,670.91,19.9,53.5,Red,Drip,213.21,39.77,1255.53,2.75,47940.01,28881.0
2712,Rajasthan,Jaipur,2017,Zaid,Maize,1089.87,24.5,72.0,Sandy,Rain-fed,86.54,20.21,1251.59,5.9,28635.58,128813.00000000001
2713,Rajasthan,Jaipur,2017,Kharif,Rice,1610.61,35.9,38.4,Sandy,Drip,403.66,34.11,1029.17,8.12,14611.32,90256.0
2714,Rajasthan,Jaipur,2017,Rabi,Sugarcane,2094.99,28.3,82.0,Black,Canal,305.86,53.51,3079.7,4.6,19404.84,151559.0
2715,Rajasthan,Jaipur,2017,Rabi,Wheat,2033.14,18.2,61.6,Laterite,Drip,317.71,14.56,3420.62,6.33,24800.89,374289.0
2716,Rajasthan,Jaipur,2017,Kharif,Millets,1185.1,24.9,59.2,Red,Tube Well,75.95,12.0,1849.14,8.11,29890.32,166459.0
2717,Rajasthan,Jaipur,2017,Zaid,Rice,723.5,25.8,58.5,Red,Drip,185.83,42.58,2942.48,7.03,42586.34,345442.0
2718,Rajasthan,Jaipur,2017,Kharif,Millets,1674.04,34.6,87.9,Sandy,Canal,188.3,56.36,581.29,7.66,56016.85,45532.0
2719,Rajasthan,Jodhpur,2017,Kharif,Barley,683.68,30.4,75.7,Black,Sprinkler,438.97,40.42,1719.76,2.52,27265.14,54019.00000000001
2720,Rajasthan,Jodhpur,2017,Zaid,Rice,1896.42,30.1,68.2,Black,Sprinkler,67.36,29.75,648.42,5.58,19846.03,44924.0
2721,Rajasthan,Jodhpur,2017,Kharif,Pulses,967.1,31.4,39.8,Alluvial,Tube Well,165.13,14.94,3969.88,1.85,61841.86,72486.0
2722,Rajasthan,Jodhpur,2017,Kharif,Pulses,1476.47,18.9,74.4,Sandy,Tube Well,383.66,15.43,1330.81,2.77,26153.42,38743.0
2723,Rajasthan,Jodhpur,2017,Rabi,Rice,855.19,21.1,76.8,Laterite,Sprinkler,419.31,5.41,376.23,5.79,20752.95,36797.0
2724,Rajasthan,Jodhpur,2017,Kharif,Sugarcane,974.45,27.2,37.6,Sandy,Drip,300.88,54.64,4608.41,7.93,28939.21,468650.0
2725,Rajasthan,Jodhpur,2017,Zaid,Sugarcane,1372.73,25.4,37.2,Laterite,Tube Well,67.44,7.39,393.99,4.29,45609.22,15897.0
2726,Rajasthan,Jodhpur,2017,Rabi,Millets,1992.48,23.7,55.3,Red,Tube Well,215.28,31.37,2808.43,3.46,36513.62,80440.0
2727,Rajasthan,Jodhpur,2017,Kharif,Sugarcane,796.39,32.2,80.1,Red,Rain-fed,191.48,48.39,3827.51,4.22,57784.75,175258.0
2728,Rajasthan,Jodhpur,2017,Zaid,Barley,1722.72,24.7,60.6,Laterite,Tube Well,248.03,22.25,4941.75,1.7,64434.76,97993.0
2729,Rajasthan,Jodhpur,2017,Kharif,Barley,1046.16,34.3,54.9,Black,Tube Well,281.97,23.0,2118.02,1.5,61216.33,54694.00000000001
2730,Rajasthan,Jodhpur,2017,Kharif,Pulses,676.2,29.4,56.7,Red,Canal,158.82,19.1,784.39,1.26,20467.06,17501.0
2731,Rajasthan,Jodhpur,2017,Rabi,Cotton,1009.32,27.6,67.3,Alluvial,Rain-fed,197.31,44.62,2320.48,2.15,37687.66,60528.0
2732,Rajasthan,Jodhpur,2017,Zaid,Maize,2084.28,24.1,38.2,Black,Canal,297.53,30.95,2771.1,2.81,37794.56,76228.0
2733,Rajasthan,Jodhpur,2017,Kharif,Wheat,1515.88,22.0,70.1,Alluvial,Rain-fed,109.44,54.09,3388.75,5.62,20808.37,273857.0
2734,Rajasthan,Jodhpur,2017,Zaid,Barley,2015.99,29.1,36.4,Laterite,Sprinkler,372.1,42.23,3371.31,7.11,22501.24,204808.0
2735,Rajasthan,Jodhpur,2017,Rabi,Sugarcane,1586.62,31.1,76.3,Laterite,Tube Well,211.15,42.79,217.83,8.14,35229.99,16948.0
2736,Rajasthan,Jodhpur,2017,Rabi,Barley,1079.11,24.2,65.9,Sandy,Drip,222.57,42.64,123.88,8.26,45590.48,10339.0
2737,Rajasthan,Udaipur,2017,Rabi,Pulses,2029.76,18.3,53.0,Sandy,Drip,281.71,23.38,3202.74,2.41,37266.38,75979.0
2738,Rajasthan,Udaipur,2017,Zaid,Sugarcane,1852.95,33.6,53.0,Sandy,Drip,343.76,13.74,1300.73,8.1,50045.52,177211.0
2739,Rajasthan,Udaipur,2017,Rabi,Millets,2129.7,32.6,49.9,Laterite,Tube Well,120.73,47.95,3431.69,3.05,25324.49,175610.0
2740,Rajasthan,Udaipur,2017,Kharif,Rice,482.75,20.0,87.6,Sandy,Sprinkler,289.8,45.9,525.98,1.55,32056.71,10706.0
2741,Rajasthan,Udaipur,2017,Rabi,Barley,1763.95,32.9,73.2,Alluvial,Drip,432.29,56.85,3118.76,2.44,63508.76,106847.0
2742,Rajasthan,Udaipur,2017,Zaid,Pulses,550.09,37.1,69.2,Black,Drip,179.6,49.0,1224.78,3.39,14493.65,56527.0
2743,Rajasthan,Udaipur,2017,Kharif,Rice,1380.03,28.9,41.7,Laterite,Tube Well,281.72,15.48,2397.69,5.48,54638.55,189916.0
2744,Rajasthan,Udaipur,2017,Kharif,Sugarcane,1536.95,30.2,79.4,Sandy,Rain-fed,86.42,42.04,872.99,7.99,13473.56,82695.0
2745,Rajasthan,Udaipur,2017,Zaid,Maize,455.94,30.5,48.2,Black,Canal,89.76,13.35,458.66,2.62,55125.5,14360.0
2746,Rajasthan,Udaipur,2017,Kharif,Cotton,1782.44,29.9,44.8,Alluvial,Drip,117.18,7.5,1297.59,5.21,60502.38,86798.0
2747,Rajasthan,Udaipur,2017,Kharif,Pulses,1487.91,36.0,87.2,Alluvial,Canal,89.07,47.53,2481.19,3.54,59914.58,131531.0
2748,Rajasthan,Udaipur,2017,Kharif,Rice,1581.08,30.8,76.3,Red,Rain-fed,81.67,30.46,4357.22,7.35,58829.46,519080.0
2749,Rajasthan,Udaipur,2017,Rabi,Sugarcane,862.92,22.4,82.5,Sandy,Canal,413.87,31.45,1926.32,1.73,27087.94,43083.0
2750,Rajasthan,Udaipur,2017,Rabi,Rice,1237.35,30.5,84.4,Alluvial,Canal,325.98,29.87,753.53,2.23,63270.2,28669.0
2751,Rajasthan,Udaipur,2017,Kharif,Sugarcane,1582.22,32.7,63.6,Black,Drip,394.42,34.99,3662.74,3.27,49810.01,172652.0
2752,Rajasthan,Udaipur,2017,Zaid,Rice,1084.79,31.6,36.4,Red,Drip,394.45,52.87,1152.01,3.14,16032.23,37383.0
2753,Rajasthan,Udaipur,2017,Rabi,Millets,1091.88,25.2,71.1,Black,Sprinkler,67.17,14.02,1179.19,1.92,36768.09,25952.999999999996
2754,Rajasthan,Udaipur,2017,Rabi,Sugarcane,701.44,25.7,72.4,Sandy,Tube Well,90.61,46.66,2064.37,4.89,17985.81,124469.0
2755,Rajasthan,Kota,2017,Kharif,Maize,2115.55,18.1,52.6,Black,Drip,183.24,32.9,4385.9,6.7,34912.44,303806.0
2756,Rajasthan,Kota,2017,Rabi,Wheat,1506.63,24.0,61.6,Black,Canal,372.77,56.86,1122.71,7.46,26994.4,123429.0
2757,Rajasthan,Kota,2017,Rabi,Cotton,1802.75,19.2,53.8,Laterite,Tube Well,228.94,48.75,112.88,3.09,28955.23,4701.0
2758,Rajasthan,Kota,2017,Zaid,Wheat,818.83,27.9,48.8,Laterite,Tube Well,230.83,32.07,3695.8,5.28,50482.08,350505.0
2759,Rajasthan,Kota,2017,Kharif,Cotton,1587.78,34.6,53.7,Laterite,Sprinkler,253.97,22.71,3617.64,1.26,38370.18,43915.0
2760,Rajasthan,Kota,2017,Kharif,Millets,836.27,32.5,65.2,Black,Canal,275.88,11.48,3479.06,7.83,18913.11,316270.0
2761,Rajasthan,Kota,2017,Kharif,Sugarcane,860.11,26.5,45.7,Laterite,Rain-fed,203.34,6.71,4440.4,5.55,31285.47,241210.0
2762,Rajasthan,Kota,2017,Rabi,Rice,519.06,27.4,74.2,Sandy,Rain-fed,159.27,57.3,4029.66,6.45,36427.08,381629.0
2763,Rajasthan,Kota,2017,Kharif,Millets,1420.13,36.2,65.6,Laterite,Sprinkler,430.85,39.69,538.87,7.73,53627.7,43930.0
2764,Rajasthan,Kota,2017,Rabi,Wheat,954.23,24.0,72.7,Red,Tube Well,426.01,34.83,3322.46,2.08,15309.36,63876.0
2765,Rajasthan,Kota,2017,Rabi,Millets,1832.31,26.0,59.1,Alluvial,Sprinkler,410.85,37.15,1757.81,3.16,33152.61,46048.0
2766,Rajasthan,Kota,2017,Kharif,Maize,1822.27,27.0,51.9,Black,Sprinkler,80.04,54.47,4363.01,4.61,54322.3,186841.0
2767,Rajasthan,Kota,2017,Zaid,Wheat,852.85,37.7,87.6,Black,Canal,172.13,32.76,894.6,4.56,19207.2,67801.0
2768,Rajasthan,Kota,2017,Rabi,Pulses,1545.0,30.9,45.0,Black,Sprinkler,157.11,36.02,2424.08,2.92,49563.94,91937.0
2769,Rajasthan,Kota,2017,Kharif,Sugarcane,786.93,32.5,73.5,Sandy,Sprinkler,406.7,39.49,900.7,7.78,13590.68,113210.99999999999
2770,Rajasthan,Kota,2017,Zaid,Barley,1598.76,21.9,68.4,Sandy,Drip,261.4,47.12,1502.29,3.29,19171.7,62024.0
2771,Rajasthan,Kota,2017,Kharif,Pulses,1701.11,25.9,72.2,Black,Tube Well,102.35,18.19,479.46,6.55,34064.32,39381.0
2772,Rajasthan,Kota,2017,Rabi,Sugarcane,1000.28,37.6,47.4,Laterite,Drip,143.87,22.15,114.57,4.05,20375.99,7666.0
2773,Rajasthan,Ajmer,2017,Kharif,Sugarcane,886.31,19.2,49.4,Laterite,Drip,401.01,10.05,2051.95,2.63,58758.66,96327.0
2774,Rajasthan,Ajmer,2017,Zaid,Barley,708.39,35.4,65.6,Alluvial,Rain-fed,122.78,16.94,1885.74,1.43,26624.71,31383.0
2775,Rajasthan,Ajmer,2017,Rabi,Sugarcane,887.61,23.8,43.1,Red,Drip,81.0,30.7,1399.18,5.4,27530.47,103332.0
2776,Rajasthan,Ajmer,2017,Zaid,Rice,1537.2,28.6,51.5,Alluvial,Canal,392.52,47.26,1954.97,4.89,59659.26,83609.0
2777,Rajasthan,Ajmer,2017,Kharif,Barley,891.6,27.8,68.6,Red,Tube Well,410.83,41.33,1512.54,5.48,58557.44,148426.0
2778,Rajasthan,Ajmer,2017,Kharif,Sugarcane,981.78,31.0,69.2,Alluvial,Tube Well,261.32,32.27,3846.9,5.36,18267.52,214414.0
2779,Rajasthan,Ajmer,2017,Zaid,Pulses,1857.14,23.2,89.0,Black,Canal,310.37,48.83,1179.18,3.23,58822.5,37228.0
2780,Rajasthan,Ajmer,2017,Rabi,Pulses,2124.15,34.3,65.7,Red,Drip,154.03,45.71,4988.45,1.39,38668.12,65201.0
2781,Rajasthan,Ajmer,2017,Zaid,Millets,1363.13,31.6,88.8,Laterite,Canal,425.91,21.97,3749.41,8.41,45691.53,542649.0
2782,Rajasthan,Ajmer,2017,Rabi,Barley,1157.29,32.9,56.4,Sandy,Canal,340.16,25.77,4338.1,5.77,24844.32,311853.0
2783,Rajasthan,Ajmer,2017,Rabi,Maize,1838.16,33.9,63.5,Laterite,Canal,246.43,57.57,3181.25,4.02,12474.57,112224.0
2784,Rajasthan,Ajmer,2017,Kharif,Pulses,1446.35,20.0,84.5,Black,Tube Well,177.37,12.63,4955.59,1.79,14337.3,151666.0
2785,Rajasthan,Ajmer,2017,Kharif,Maize,1404.26,34.2,64.8,Sandy,Tube Well,365.68,57.92,2606.04,2.86,19084.21,128606.0
2786,Rajasthan,Ajmer,2017,Zaid,Rice,875.69,32.0,65.1,Laterite,Sprinkler,106.4,7.02,2364.26,4.08,32178.52,135482.0
2787,Rajasthan,Ajmer,2017,Rabi,Cotton,695.07,36.6,70.6,Black,Drip,164.37,20.3,1421.46,3.08,12733.55,55851.0
2788,Rajasthan,Ajmer,2017,Rabi,Barley,521.91,37.6,66.8,Red,Tube Well,117.86,43.75,4230.98,6.6,49560.45,390837.0
2789,Rajasthan,Ajmer,2017,Rabi,Barley,784.01,33.1,61.9,Sandy,Sprinkler,355.95,32.71,3005.86,1.41,28662.75,54159.0
2790,Rajasthan,Ajmer,2017,Kharif,Sugarcane,1101.91,26.7,60.8,Red,Canal,337.96,10.48,1907.96,2.79,26447.5,78392.0
2791,West Bengal,Kolkata,2017,Zaid,Cotton,1871.15,22.6,38.1,Laterite,Sprinkler,144.55,58.52,2224.89,1.39,19068.5,35737.0
2792,West Bengal,Kolkata,2017,Kharif,Barley,1165.96,18.3,69.0,Black,Canal,134.59,21.9,2393.21,7.9,12905.83,243167.99999999997
2793,West Bengal,Kolkata,2017,Kharif,Wheat,559.48,23.8,56.4,Red,Rain-fed,315.31,25.88,4208.46,3.29,17500.5,113998.0
2794,West Bengal,Kolkata,2017,Rabi,Cotton,509.59,25.0,78.2,Laterite,Sprinkler,303.28,22.69,1930.16,3.66,54458.47,101791.0
2795,West Bengal,Kolkata,2017,Rabi,Pulses,468.52,26.9,84.2,Sandy,Rain-fed,418.46,55.96,3889.86,3.56,59490.73,178062.0
2796,West Bengal,Kolkata,2017,Kharif,Maize,994.46,21.4,86.9,Alluvial,Tube Well,425.28,45.95,4164.3,4.26,54034.8,291946.0
2797,West Bengal,Kolkata,2017,Rabi,Pulses,1791.14,35.0,81.9,Red,Drip,285.6,39.9,958.26,3.2,48339.58,50520.0
2798,West Bengal,Kolkata,2017,Zaid,Sugarcane,1815.77,25.9,49.0,Red,Rain-fed,399.37,57.26,2862.32,1.58,15191.69,46313.0
2799,West Bengal,Kolkata,2017,Rabi,Wheat,1187.78,19.2,49.4,Laterite,Rain-fed,85.87,36.37,502.53,2.14,19605.61,14671.0
2800,West Bengal,Kolkata,2017,Zaid,Sugarcane,1906.88,28.9,38.8,Red,Tube Well,447.28,42.16,3080.53,4.72,49387.94,164843.0
2801,West Bengal,Kolkata,2017,Rabi,Rice,962.13,32.5,76.1,Alluvial,Canal,58.71,8.28,1835.42,1.36,53901.98,25074.0
2802,West Bengal,Kolkata,2017,Zaid,Millets,1346.04,21.8,42.9,Sandy,Canal,121.82,26.03,1811.71,5.6,56009.57,148025.0
2803,West Bengal,Kolkata,2017,Zaid,Cotton,584.34,37.1,38.6,Black,Canal,84.01,53.64,1984.5,8.44,22723.62,272722.0
2804,West Bengal,Kolkata,2017,Zaid,Pulses,925.38,19.7,70.8,Black,Canal,149.92,40.9,4338.59,1.6,21578.92,56637.0
2805,West Bengal,Kolkata,2017,Zaid,Sugarcane,1248.21,29.1,37.7,Laterite,Tube Well,113.34,54.97,253.93,2.95,34021.72,11423.0
2806,West Bengal,Kolkata,2017,Kharif,Millets,1809.62,27.1,81.9,Black,Rain-fed,186.83,57.48,1949.63,3.81,27836.15,105292.0
2807,West Bengal,Kolkata,2017,Kharif,Rice,1504.09,34.1,73.3,Sandy,Rain-fed,130.82,47.43,3637.39,1.99,14677.66,85545.0
2808,West Bengal,Kolkata,2017,Rabi,Pulses,769.76,34.5,64.6,Alluvial,Rain-fed,342.63,12.44,3486.62,2.58,62148.42,79362.0
2809,West Bengal,Howrah,2017,Rabi,Pulses,1005.45,33.7,60.5,Alluvial,Rain-fed,107.3,18.77,2217.61,7.04,34397.07,185081.0
2810,West Bengal,Howrah,2017,Kharif,Rice,1743.43,23.9,79.8,Red,Drip,241.0,13.65,4669.47,7.8,34263.47,395414.0
2811,West Bengal,Howrah,2017,Kharif,Millets,1655.07,34.7,66.8,Red,Drip,149.7,14.58,1481.18,4.39,29341.15,83099.0
2812,West Bengal,Howrah,2017,Zaid,Wheat,683.83,32.8,77.6,Red,Sprinkler,194.49,39.1,2324.36,6.81,20522.83,213088.0
2813,West Bengal,Howrah,2017,Zaid,Rice,1465.13,35.8,74.5,Sandy,Canal,431.49,21.51,3056.42,8.15,32356.93,379932.0
2814,West Bengal,Howrah,2017,Kharif,Cotton,964.42,34.3,71.1,Red,Canal,167.28,21.42,1331.96,3.55,24627.6,65450.0
2815,West Bengal,Howrah,2017,Kharif,Pulses,705.78,35.5,88.8,Alluvial,Sprinkler,401.54,45.56,1940.84,5.13,29502.39,128808.0
2816,West Bengal,Howrah,2017,Zaid,Millets,1771.77,30.0,54.1,Black,Tube Well,68.02,54.13,1576.18,4.5,14304.86,122941.00000000001
2817,West Bengal,Howrah,2017,Kharif,Millets,657.85,30.8,53.9,Laterite,Tube Well,67.78,12.05,2567.19,1.4,54265.21,39879.0
2818,West Bengal,Howrah,2017,Zaid,Wheat,1891.58,27.9,49.8,Laterite,Sprinkler,390.25,7.36,1316.13,4.22,23742.68,60988.0
2819,West Bengal,Howrah,2017,Zaid,Maize,1843.4,32.9,56.2,Black,Drip,157.28,31.48,4230.86,4.76,27294.81,197196.0
2820,West Bengal,Howrah,2017,Kharif,Barley,1281.79,36.0,53.6,Red,Rain-fed,86.12,24.53,355.92,7.82,32736.86,48305.0
2821,West Bengal,Howrah,2017,Kharif,Millets,597.66,24.5,81.0,Sandy,Drip,320.94,9.45,2164.7,5.29,42860.16,126138.00000000001
2822,West Bengal,Howrah,2017,Kharif,Barley,2081.6,22.8,48.8,Black,Drip,305.69,23.79,4424.78,3.49,48866.93,141541.0
2823,West Bengal,Howrah,2017,Kharif,Pulses,1147.59,21.8,42.2,Alluvial,Drip,412.52,56.21,2602.72,3.92,44170.55,88495.0
2824,West Bengal,Howrah,2017,Rabi,Barley,2026.37,27.0,75.6,Sandy,Sprinkler,174.76,51.17,3528.62,4.03,37762.46,157017.0
2825,West Bengal,Howrah,2017,Kharif,Barley,1731.15,19.7,58.4,Black,Rain-fed,139.79,24.11,2523.84,1.57,49556.93,47101.0
2826,West Bengal,Howrah,2017,Rabi,Rice,1159.52,20.7,35.2,Black,Canal,98.2,31.55,2086.3,7.89,52606.0,149892.0
2827,West Bengal,Darjeeling,2017,Rabi,Rice,1427.2,28.0,58.4,Alluvial,Tube Well,236.68,42.52,183.2,5.03,47369.92,9457.0
2828,West Bengal,Darjeeling,2017,Rabi,Maize,712.8,18.2,45.4,Black,Sprinkler,216.87,16.33,3710.85,4.78,31806.81,251938.0
2829,West Bengal,Darjeeling,2017,Kharif,Cotton,1840.7,18.0,51.4,Black,Rain-fed,53.36,58.59,273.14,7.44,20445.4,20387.0
2830,West Bengal,Darjeeling,2017,Rabi,Maize,1677.01,24.1,73.2,Alluvial,Canal,202.37,46.15,1691.9,6.19,24151.22,119552.0
2831,West Bengal,Darjeeling,2017,Zaid,Maize,423.16,22.9,88.7,Laterite,Drip,51.32,51.37,4299.04,6.11,50153.33,296691.0
2832,West Bengal,Darjeeling,2017,Rabi,Rice,1411.93,22.0,70.7,Laterite,Sprinkler,315.85,8.52,604.58,5.99,20669.7,56571.0
2833,West Bengal,Darjeeling,2017,Kharif,Wheat,1857.17,22.2,56.5,Black,Drip,203.98,17.57,3289.57,8.05,28097.08,258240.0
2834,West Bengal,Darjeeling,2017,Zaid,Barley,2112.98,24.5,63.3,Sandy,Rain-fed,184.51,15.59,4888.17,4.79,14610.16,227829.0
2835,West Bengal,Darjeeling,2017,Rabi,Wheat,1898.69,27.8,47.0,Black,Tube Well,303.18,15.89,3737.1,6.02,20230.92,236432.00000000003
2836,West Bengal,Darjeeling,2017,Rabi,Pulses,1146.19,34.6,67.0,Sandy,Canal,186.92,49.73,4158.83,6.54,14889.27,327149.0
2837,West Bengal,Darjeeling,2017,Zaid,Millets,1821.44,20.5,82.2,Red,Drip,209.21,13.35,4261.15,5.74,54160.61,343314.0
2838,West Bengal,Darjeeling,2017,Zaid,Sugarcane,1313.82,36.0,85.0,Alluvial,Drip,412.77,9.06,691.94,5.49,35411.01,46104.0
2839,West Bengal,Darjeeling,2017,Rabi,Barley,1706.59,26.2,54.4,Alluvial,Sprinkler,215.57,24.05,2589.91,8.46,62816.76,329347.0
2840,West Bengal,Darjeeling,2017,Rabi,Pulses,1581.79,32.2,66.0,Black,Rain-fed,375.84,53.92,4789.26,5.31,41780.64,270469.0
2841,West Bengal,Darjeeling,2017,Zaid,Pulses,1224.43,34.7,89.3,Red,Canal,395.38,9.23,4418.91,7.91,40410.95,432351.0
2842,West Bengal,Darjeeling,2017,Zaid,Wheat,1672.66,29.7,40.0,Red,Sprinkler,197.0,24.07,2061.37,4.44,21937.93,159811.0
2843,West Bengal,Darjeeling,2017,Rabi,Sugarcane,1090.52,18.3,41.4,Black,Tube Well,362.08,9.78,3221.88,1.42,32291.66,62309.0
2844,West Bengal,Darjeeling,2017,Zaid,Wheat,1669.85,27.9,37.3,Black,Sprinkler,424.42,12.47,3377.81,1.41,57469.56,48746.0
2845,West Bengal,Siliguri,2017,Kharif,Rice,2098.31,21.2,76.7,Black,Tube Well,281.14,28.48,4276.89,4.33,23651.49,178502.0
2846,West Bengal,Siliguri,2017,Kharif,Sugarcane,931.43,23.0,47.3,Red,Tube Well,408.33,24.89,2466.76,4.56,17333.94,160732.0
2847,West Bengal,Siliguri,2017,Zaid,Pulses,1282.69,23.7,82.4,Black,Canal,127.51,27.44,2443.75,3.52,32727.95,107576.0
2848,West Bengal,Siliguri,2017,Kharif,Barley,852.26,29.9,67.5,Alluvial,Rain-fed,347.08,23.79,4939.89,7.73,46651.53,494559.0
2849,West Bengal,Siliguri,2017,Kharif,Barley,1360.84,19.2,43.8,Red,Rain-fed,134.94,10.2,4841.3,7.05,34388.35,574154.0
2850,West Bengal,Siliguri,2017,Rabi,Millets,1799.24,35.9,72.8,Sandy,Tube Well,275.42,33.36,1598.69,7.4,53317.77,140320.0
2851,West Bengal,Siliguri,2017,Rabi,Wheat,473.59,19.4,66.9,Laterite,Drip,72.24,53.89,271.12,2.73,38842.8,8291.0
2852,West Bengal,Siliguri,2017,Kharif,Cotton,1711.24,23.7,81.5,Alluvial,Sprinkler,351.29,17.76,2911.31,8.28,41387.03,259448.0
2853,West Bengal,Siliguri,2017,Zaid,Pulses,2103.37,25.6,38.7,Red,Drip,137.61,11.01,4799.38,3.76,18670.19,263520.0
2854,West Bengal,Siliguri,2017,Rabi,Pulses,1534.47,20.1,88.2,Black,Sprinkler,283.17,7.3,3802.91,5.59,57570.4,173127.0
2855,West Bengal,Siliguri,2017,Kharif,Cotton,513.5,21.6,66.1,Sandy,Sprinkler,298.58,45.61,2989.17,6.52,24098.27,306295.0
2856,West Bengal,Siliguri,2017,Rabi,Millets,1622.89,37.7,56.4,Alluvial,Drip,222.08,59.66,1997.49,2.41,50579.38,66300.0
2857,West Bengal,Siliguri,2017,Kharif,Cotton,430.05,22.2,68.7,Sandy,Canal,439.51,35.26,2715.39,3.29,47463.42,129758.99999999999
2858,West Bengal,Siliguri,2017,Rabi,Sugarcane,1133.44,21.2,76.6,Black,Sprinkler,315.8,39.85,4375.73,7.18,49399.13,308007.0
2859,West Bengal,Siliguri,2017,Rabi,Maize,1979.42,27.4,54.2,Sandy,Tube Well,173.57,9.39,1695.95,2.82,55719.87,43303.0
2860,West Bengal,Siliguri,2017,Zaid,Wheat,1014.02,34.6,57.3,Sandy,Drip,230.93,8.93,769.32,6.34,58314.25,71450.0
2861,West Bengal,Siliguri,2017,Kharif,Wheat,1974.23,19.2,43.6,Black,Canal,438.05,59.5,1665.99,4.4,13775.31,95550.0
2862,West Bengal,Siliguri,2017,Kharif,Sugarcane,1151.76,25.6,61.9,Laterite,Rain-fed,242.87,37.7,3252.7,3.14,43646.24,149361.0
2863,West Bengal,Malda,2017,Zaid,Pulses,1751.17,27.3,45.4,Red,Rain-fed,211.95,36.69,2129.62,8.12,48994.72,154724.0
2864,West Bengal,Malda,2017,Rabi,Sugarcane,1214.69,33.3,54.5,Black,Tube Well,337.67,58.49,1556.14,7.12,55650.75,147565.0
2865,West Bengal,Malda,2017,Kharif,Wheat,1672.95,34.3,55.1,Sandy,Rain-fed,91.69,55.9,4112.78,3.5,34937.37,243725.0
2866,West Bengal,Malda,2017,Zaid,Rice,975.58,26.6,75.5,Alluvial,Sprinkler,247.78,7.04,1904.52,6.03,51798.03,189079.0
2867,West Bengal,Malda,2017,Rabi,Sugarcane,1307.21,22.2,38.7,Alluvial,Drip,283.16,19.25,1685.69,1.64,52248.31,30964.0
2868,West Bengal,Malda,2017,Rabi,Cotton,1743.8,36.0,55.7,Black,Rain-fed,325.26,51.98,3909.39,5.42,24943.12,301659.0
2869,West Bengal,Malda,2017,Kharif,Pulses,1213.73,24.8,52.4,Sandy,Sprinkler,402.25,23.55,2405.49,5.07,62492.74,113845.0
2870,West Bengal,Malda,2017,Zaid,Wheat,1883.0,22.1,44.1,Laterite,Drip,157.74,42.25,4381.9,2.26,16699.68,90128.0
2871,West Bengal,Malda,2017,Kharif,Barley,1444.01,27.3,75.5,Sandy,Rain-fed,242.56,44.78,981.33,7.71,23426.8,96043.0
2872,West Bengal,Malda,2017,Zaid,Cotton,1245.25,33.1,76.4,Black,Drip,328.03,27.73,570.32,8.43,22028.14,44369.0
2873,West Bengal,Malda,2017,Rabi,Cotton,562.5,33.9,88.0,Black,Rain-fed,423.26,43.59,783.54,6.7,12051.75,91295.0
2874,West Bengal,Malda,2017,Rabi,Sugarcane,1633.37,23.0,75.3,Sandy,Sprinkler,414.57,24.83,1774.46,3.23,56695.56,80981.0
2875,West Bengal,Malda,2017,Rabi,Sugarcane,553.97,33.3,37.8,Black,Rain-fed,142.9,27.13,237.15,7.8,20401.21,17585.0
2876,West Bengal,Malda,2017,Zaid,Cotton,1967.94,18.2,89.1,Sandy,Tube Well,281.83,46.53,4760.99,3.83,17313.87,296917.0
2877,West Bengal,Malda,2017,Rabi,Maize,566.28,21.0,75.7,Black,Rain-fed,196.67,33.85,945.83,5.14,60082.82,54145.00000000001
2878,West Bengal,Malda,2017,Kharif,Millets,1095.88,31.7,63.8,Sandy,Sprinkler,399.29,34.6,1133.41,5.41,57105.03,82434.0
2879,West Bengal,Malda,2017,Kharif,Cotton,1111.11,36.7,71.5,Laterite,Drip,207.17,9.29,1091.55,1.32,41367.79,17109.0
2880,West Bengal,Malda,2017,Rabi,Barley,2141.41,21.0,77.3,Laterite,Rain-fed,144.25,16.41,4463.7,3.47,14602.38,251754.0
2881,Uttarakhand,Dehradun,2018,Kharif,Rice,1537.04,26.7,89.9,Alluvial,Tube Well,151.65,40.86,1190.59,8.48,13832.18,175955.0
2882,Uttarakhand,Dehradun,2018,Kharif,Barley,822.76,25.5,44.8,Sandy,Rain-fed,350.7,12.9,1443.2,7.31,28219.43,115004.0
2883,Uttarakhand,Dehradun,2018,Rabi,Millets,1507.58,36.5,87.3,Sandy,Tube Well,110.91,54.23,1824.78,6.78,17516.87,99203.0
2884,Uttarakhand,Dehradun,2018,Rabi,Rice,465.49,32.6,77.6,Sandy,Canal,348.98,45.69,3972.87,2.53,32641.7,81027.0
2885,Uttarakhand,Dehradun,2018,Rabi,Rice,1195.96,30.2,53.5,Red,Canal,254.44,39.88,619.17,7.21,32125.95,72349.0
2886,Uttarakhand,Dehradun,2018,Rabi,Wheat,1149.54,30.5,65.0,Red,Canal,165.16,59.27,4380.84,2.81,55868.68,210403.00000000003
2887,Uttarakhand,Dehradun,2018,Kharif,Maize,2040.12,23.5,84.3,Alluvial,Canal,359.67,36.47,1798.07,6.62,56898.3,96891.0
2888,Uttarakhand,Dehradun,2018,Rabi,Millets,1760.71,30.3,55.6,Laterite,Tube Well,117.57,41.37,225.12,3.73,61296.97,6973.0
2889,Uttarakhand,Dehradun,2018,Rabi,Rice,854.65,24.8,86.2,Red,Canal,312.82,47.69,2548.12,1.79,36119.33,71170.0
2890,Uttarakhand,Dehradun,2018,Zaid,Maize,1413.23,34.0,65.4,Sandy,Canal,116.33,46.46,2937.05,2.34,55496.55,67346.0
2891,Uttarakhand,Dehradun,2018,Kharif,Pulses,1815.05,21.6,63.0,Black,Tube Well,393.81,42.4,779.59,7.37,58265.79,77424.0
2892,Uttarakhand,Dehradun,2018,Kharif,Barley,699.24,37.3,81.8,Black,Sprinkler,353.7,31.25,1217.07,6.4,26763.55,133822.0
2893,Uttarakhand,Dehradun,2018,Kharif,Cotton,829.5,22.9,88.0,Black,Sprinkler,350.16,25.1,3735.16,2.43,25281.93,108683.99999999999
2894,Uttarakhand,Dehradun,2018,Rabi,Sugarcane,1310.49,23.6,37.6,Black,Sprinkler,415.04,57.18,4850.38,7.33,37537.06,424145.0
2895,Uttarakhand,Dehradun,2018,Kharif,Cotton,677.85,32.6,76.7,Red,Sprinkler,344.95,6.05,1201.35,1.39,33777.01,17612.0
2896,Uttarakhand,Dehradun,2018,Zaid,Barley,1579.65,34.6,67.5,Sandy,Tube Well,68.72,22.56,199.73,8.31,51959.29,17799.0
2897,Uttarakhand,Dehradun,2018,Rabi,Rice,1002.24,18.6,52.3,Red,Rain-fed,272.84,55.12,2386.46,2.44,15145.76,49611.0
2898,Uttarakhand,Dehradun,2018,Rabi,Millets,1430.3,22.6,40.9,Red,Tube Well,78.69,11.87,4704.31,7.44,12523.95,350144.0
2899,Uttarakhand,Haridwar,2018,Kharif,Cotton,2047.64,28.6,53.1,Laterite,Drip,423.37,46.49,2446.43,6.9,43740.4,203385.0
2900,Uttarakhand,Haridwar,2018,Kharif,Sugarcane,1108.76,32.6,77.2,Laterite,Sprinkler,390.48,48.72,1390.25,2.28,41591.43,42577.0
2901,Uttarakhand,Haridwar,2018,Kharif,Sugarcane,1301.93,21.1,81.2,Red,Canal,103.1,34.34,4726.17,5.76,12251.6,276568.0
2902,Uttarakhand,Haridwar,2018,Zaid,Barley,432.79,25.9,77.6,Alluvial,Drip,181.44,58.59,1929.99,6.24,34819.62,163864.0
2903,Uttarakhand,Haridwar,2018,Rabi,Rice,1169.24,26.0,63.8,Red,Drip,233.97,13.22,4187.71,5.24,25170.16,229114.0
2904,Uttarakhand,Haridwar,2018,Rabi,Sugarcane,1760.56,22.4,46.5,Alluvial,Sprinkler,299.65,58.79,1277.61,3.88,51246.35,83402.0
2905,Uttarakhand,Haridwar,2018,Zaid,Pulses,738.77,30.0,65.7,Laterite,Rain-fed,237.2,18.02,3553.6,1.42,16456.62,71625.0
2906,Uttarakhand,Haridwar,2018,Kharif,Millets,2160.89,23.4,61.9,Sandy,Tube Well,318.78,40.98,4295.45,1.47,52325.11,110675.0
2907,Uttarakhand,Haridwar,2018,Kharif,Millets,1361.22,30.1,55.1,Alluvial,Drip,366.74,58.72,1748.32,4.7,35888.15,115828.0
2908,Uttarakhand,Haridwar,2018,Kharif,Cotton,438.23,27.4,85.0,Red,Canal,210.59,54.72,3673.58,1.9,14712.46,116230.0
2909,Uttarakhand,Haridwar,2018,Zaid,Millets,2139.48,24.3,69.4,Sandy,Sprinkler,161.17,16.8,2421.62,6.41,20561.99,140336.0
2910,Uttarakhand,Haridwar,2018,Rabi,Millets,1591.16,34.0,72.3,Black,Rain-fed,219.74,55.78,2982.15,4.03,38833.93,117902.0
2911,Uttarakhand,Haridwar,2018,Rabi,Rice,613.69,23.3,82.2,Red,Tube Well,225.86,35.58,3597.99,4.48,60384.23,280614.0
2912,Uttarakhand,Haridwar,2018,Zaid,Maize,1388.59,19.3,88.3,Sandy,Rain-fed,386.41,37.28,676.58,7.4,52181.41,71285.0
2913,Uttarakhand,Haridwar,2018,Zaid,Maize,864.86,37.1,67.0,Red,Rain-fed,299.81,27.24,3227.06,3.33,50109.26,123330.0
2914,Uttarakhand,Haridwar,2018,Rabi,Sugarcane,1237.36,22.5,73.8,Alluvial,Tube Well,161.24,30.07,2140.0,2.11,29005.84,61657.00000000001
2915,Uttarakhand,Haridwar,2018,Zaid,Rice,1183.37,30.4,49.0,Red,Canal,268.97,55.71,567.84,6.67,12120.13,32539.0
2916,Uttarakhand,Haridwar,2018,Zaid,Millets,1065.26,18.9,48.1,Laterite,Drip,394.58,11.77,3660.27,3.48,53101.59,158525.0
2917,Uttarakhand,Nainital,2018,Rabi,Barley,1343.3,21.2,75.3,Red,Sprinkler,251.32,54.41,3770.87,3.43,36032.96,130133.99999999999
2918,Uttarakhand,Nainital,2018,Rabi,Millets,1436.3,32.8,43.2,Laterite,Rain-fed,395.52,11.32,4278.21,7.91,37463.35,336683.0
2919,Uttarakhand,Nainital,2018,Zaid,Cotton,1201.64,36.8,63.0,Laterite,Canal,384.32,51.0,3541.01,8.06,63279.04,297788.0
2920,Uttarakhand,Nainital,2018,Rabi,Wheat,1911.11,24.5,88.6,Laterite,Canal,347.94,12.86,3273.04,5.51,54193.03,269291.0
2921,Uttarakhand,Nainital,2018,Rabi,Pulses,751.07,26.0,77.2,Laterite,Canal,92.73,20.92,1199.56,1.35,15247.18,27930.0
2922,Uttarakhand,Nainital,2018,Kharif,Wheat,928.33,22.0,40.5,Black,Tube Well,322.83,51.57,2377.76,2.28,53149.78,43403.0
2923,Uttarakhand,Nainital,2018,Zaid,Millets,584.65,26.6,75.8,Sandy,Canal,180.32,27.57,4004.11,3.36,64977.79,169319.0
2924,Uttarakhand,Nainital,2018,Kharif,Cotton,779.19,29.0,40.5,Black,Rain-fed,413.38,27.4,2048.43,8.01,20901.35,276281.0
2925,Uttarakhand,Nainital,2018,Kharif,Cotton,843.83,19.4,70.2,Red,Tube Well,446.53,36.6,1660.98,3.46,34313.41,96882.0
2926,Uttarakhand,Nainital,2018,Zaid,Wheat,1887.09,25.7,60.7,Alluvial,Rain-fed,406.53,13.67,3301.52,6.18,35099.36,167602.0
2927,Uttarakhand,Nainital,2018,Kharif,Pulses,459.07,34.3,56.6,Black,Canal,75.87,19.16,3537.7,7.56,36977.03,238992.99999999997
2928,Uttarakhand,Nainital,2018,Zaid,Barley,1090.98,26.7,88.4,Alluvial,Tube Well,164.59,5.23,1248.13,5.83,26718.96,103852.0
2929,Uttarakhand,Nainital,2018,Kharif,Cotton,798.26,22.5,44.2,Black,Sprinkler,436.53,46.0,4576.09,4.6,47273.06,245379.0
2930,Uttarakhand,Nainital,2018,Rabi,Wheat,2116.43,27.1,45.3,Red,Rain-fed,139.43,47.67,2273.55,5.27,61574.77,174155.0
2931,Uttarakhand,Nainital,2018,Rabi,Pulses,1897.89,20.7,41.1,Black,Sprinkler,97.66,29.23,4965.23,3.74,31366.02,240987.0
2932,Uttarakhand,Nainital,2018,Zaid,Pulses,465.01,26.0,62.1,Sandy,Sprinkler,369.14,20.91,720.87,2.59,61204.47,25889.999999999996
2933,Uttarakhand,Nainital,2018,Kharif,Barley,1580.44,36.7,52.5,Red,Rain-fed,208.86,13.28,2055.92,3.49,13322.65,84873.0
2934,Uttarakhand,Nainital,2018,Zaid,Rice,1059.17,27.7,76.9,Red,Sprinkler,284.95,46.54,3504.46,3.85,57897.95,135024.0
2935,Uttarakhand,Almora,2018,Zaid,Pulses,792.18,34.7,44.5,Alluvial,Sprinkler,371.05,19.69,4354.68,7.09,29714.23,446560.99999999994
2936,Uttarakhand,Almora,2018,Zaid,Millets,1161.6,21.2,45.9,Laterite,Rain-fed,157.54,46.98,2043.88,6.19,16078.09,120026.0
2937,Uttarakhand,Almora,2018,Kharif,Sugarcane,672.1,20.8,81.6,Alluvial,Rain-fed,366.35,54.66,3891.52,1.49,47854.92,51883.00000000001
2938,Uttarakhand,Almora,2018,Kharif,Rice,702.08,32.4,39.0,Laterite,Rain-fed,273.35,19.99,3894.53,5.26,58625.25,298735.0
2939,Uttarakhand,Almora,2018,Zaid,Rice,1857.1,35.9,63.3,Sandy,Sprinkler,245.01,55.93,1323.72,6.51,39623.37,70501.0
2940,Uttarakhand,Almora,2018,Kharif,Wheat,993.46,31.1,89.4,Sandy,Canal,66.72,11.64,178.79,2.78,49757.11,4101.0
2941,Uttarakhand,Almora,2018,Kharif,Wheat,1010.39,37.6,74.1,Black,Canal,186.51,40.29,3631.23,6.0,54949.01,303130.0
2942,Uttarakhand,Almora,2018,Rabi,Sugarcane,2199.37,19.9,73.6,Laterite,Tube Well,277.36,27.99,4459.57,8.21,15979.58,627032.0
2943,Uttarakhand,Almora,2018,Kharif,Barley,1796.4,20.9,41.3,Laterite,Rain-fed,332.26,44.82,1798.91,5.02,22077.74,142441.0
2944,Uttarakhand,Almora,2018,Zaid,Cotton,1452.62,31.8,52.7,Red,Tube Well,79.94,14.47,122.05,5.42,12025.84,6773.999999999999
2945,Uttarakhand,Almora,2018,Zaid,Pulses,1151.06,31.7,62.2,Alluvial,Drip,410.6,11.6,2155.89,3.79,57082.9,140458.0
2946,Uttarakhand,Almora,2018,Rabi,Wheat,913.74,29.5,54.0,Red,Rain-fed,72.94,17.93,2556.42,6.13,32992.93,227109.0
2947,Uttarakhand,Almora,2018,Kharif,Wheat,1351.05,20.9,74.8,Laterite,Drip,422.83,53.26,1031.15,7.68,52749.76,130431.0
2948,Uttarakhand,Almora,2018,Zaid,Cotton,2008.02,37.6,65.4,Red,Rain-fed,245.68,19.01,4592.58,4.22,59307.82,284799.0
2949,Uttarakhand,Almora,2018,Kharif,Millets,852.33,28.9,41.5,Sandy,Drip,348.35,42.83,4290.68,2.66,25006.21,192257.0
2950,Uttarakhand,Almora,2018,Zaid,Pulses,888.33,34.3,50.4,Black,Canal,106.3,40.15,2623.3,3.78,40923.46,129895.0
2951,Uttarakhand,Almora,2018,Kharif,Barley,1501.44,25.5,68.7,Black,Drip,121.11,41.54,3029.72,7.11,62449.24,266162.0
2952,Uttarakhand,Almora,2018,Rabi,Barley,1369.97,19.7,44.6,Red,Tube Well,186.18,54.82,701.55,2.7,51195.09,28483.0
2953,Uttarakhand,Pauri,2018,Kharif,Wheat,689.8,37.2,86.1,Laterite,Drip,390.08,12.38,2618.22,1.84,36080.56,42426.0
2954,Uttarakhand,Pauri,2018,Rabi,Cotton,1053.14,36.3,42.3,Alluvial,Rain-fed,204.63,46.71,1502.69,4.52,53178.09,99637.0
2955,Uttarakhand,Pauri,2018,Rabi,Sugarcane,1518.31,18.6,46.9,Sandy,Canal,429.91,45.48,706.11,5.06,56412.9,55324.0
2956,Uttarakhand,Pauri,2018,Kharif,Barley,1159.65,27.7,76.0,Red,Canal,238.28,40.52,765.14,1.58,61116.03,10632.0
2957,Uttarakhand,Pauri,2018,Zaid,Sugarcane,1316.73,22.9,60.8,Red,Drip,273.12,26.69,3982.54,5.89,35689.17,354571.0
2958,Uttarakhand,Pauri,2018,Rabi,Sugarcane,1959.67,32.9,50.5,Laterite,Tube Well,103.3,16.65,1207.29,5.7,19098.42,63871.0
2959,Uttarakhand,Pauri,2018,Kharif,Maize,1220.78,23.0,59.5,Alluvial,Rain-fed,185.63,14.07,622.59,7.07,39853.63,50368.0
2960,Uttarakhand,Pauri,2018,Zaid,Cotton,1177.56,18.7,74.1,Red,Drip,125.84,17.67,4152.81,6.39,40314.2,356125.0
2961,Uttarakhand,Pauri,2018,Zaid,Wheat,1764.62,33.9,50.7,Sandy,Rain-fed,182.49,42.84,3490.53,5.49,41703.63,223921.0
2962,Uttarakhand,Pauri,2018,Zaid,Millets,1755.07,19.1,56.1,Alluvial,Drip,330.63,44.72,1297.76,5.51,39889.9,74463.0
2963,Uttarakhand,Pauri,2018,Rabi,Pulses,958.88,19.6,58.1,Sandy,Canal,316.07,40.5,3001.06,3.32,51544.91,124056.0
2964,Uttarakhand,Pauri,2018,Zaid,Barley,787.45,26.3,85.6,Black,Canal,399.24,52.84,1695.28,6.45,53354.2,123345.0
2965,Uttarakhand,Pauri,2018,Rabi,Rice,1682.22,24.7,59.1,Laterite,Sprinkler,141.86,39.79,4810.04,1.58,44794.96,95806.0
2966,Uttarakhand,Pauri,2018,Rabi,Barley,647.75,31.5,62.8,Laterite,Sprinkler,362.78,25.85,4170.1,3.33,62876.65,242132.00000000003
2967,Uttarakhand,Pauri,2018,Kharif,Rice,1674.4,29.1,69.7,Alluvial,Rain-fed,374.04,48.69,199.59,5.22,46174.64,8577.0
2968,Uttarakhand,Pauri,2018,Zaid,Maize,1308.3,26.2,57.9,Alluvial,Sprinkler,73.08,15.02,520.45,4.77,43067.19,22534.0
2969,Uttarakhand,Pauri,2018,Zaid,Barley,1201.55,30.6,78.1,Laterite,Drip,446.36,5.77,2605.14,1.21,26053.96,54851.0
2970,Uttarakhand,Pauri,2018,Zaid,Cotton,681.93,21.5,82.2,Black,Sprinkler,409.92,21.11,4882.18,6.25,62806.04,373346.0
2971,Uttar Pradesh,Lucknow,2018,Zaid,Cotton,1869.0,22.0,37.5,Black,Rain-fed,447.64,11.32,709.06,4.59,51375.94,28118.0
2972,Uttar Pradesh,Lucknow,2018,Zaid,Sugarcane,1765.96,22.7,47.8,Black,Tube Well,222.81,25.52,2292.73,4.73,35546.7,113943.0
2973,Uttar Pradesh,Lucknow,2018,Rabi,Pulses,1357.66,27.6,37.6,Laterite,Canal,316.25,5.5,3573.41,5.51,43761.07,208071.0
2974,Uttar Pradesh,Lucknow,2018,Rabi,Maize,1961.41,18.6,78.4,Laterite,Sprinkler,84.14,41.32,2924.46,1.46,56645.56,76703.0
2975,Uttar Pradesh,Lucknow,2018,Kharif,Millets,1898.55,23.5,43.3,Red,Tube Well,387.87,55.41,541.5,2.07,61593.83,12216.0
2976,Uttar Pradesh,Lucknow,2018,Zaid,Barley,1300.81,34.2,78.0,Red,Drip,344.14,16.99,1806.5,2.64,61302.47,78575.0
2977,Uttar Pradesh,Lucknow,2018,Kharif,Pulses,986.66,26.9,75.5,Laterite,Drip,201.9,16.38,3673.55,4.66,41692.51,152976.0
2978,Uttar Pradesh,Lucknow,2018,Rabi,Sugarcane,1574.43,24.0,60.4,Alluvial,Rain-fed,204.4,57.1,2134.47,6.15,61799.61,129093.0
2979,Uttar Pradesh,Lucknow,2018,Rabi,Sugarcane,1581.27,31.4,48.0,Black,Sprinkler,358.37,26.72,4317.1,7.89,29688.53,510260.00000000006
2980,Uttar Pradesh,Lucknow,2018,Rabi,Wheat,1449.52,19.3,68.3,Black,Canal,184.76,53.88,2064.4,8.49,15268.21,209246.0
2981,Uttar Pradesh,Lucknow,2018,Rabi,Wheat,1045.67,19.5,49.2,Sandy,Canal,228.13,30.43,3730.74,8.21,49752.07,443505.0
2982,Uttar Pradesh,Lucknow,2018,Zaid,Rice,768.07,31.1,77.1,Black,Sprinkler,406.8,15.75,4667.72,6.53,51677.11,546694.0
2983,Uttar Pradesh,Lucknow,2018,Rabi,Barley,1056.8,21.2,85.7,Alluvial,Rain-fed,404.74,47.1,3018.92,5.44,40838.64,203754.0
2984,Uttar Pradesh,Lucknow,2018,Zaid,Pulses,936.76,29.9,74.3,Alluvial,Rain-fed,64.77,9.9,992.52,5.49,44073.25,76775.0
2985,Uttar Pradesh,Lucknow,2018,Kharif,Cotton,1666.85,21.7,80.2,Black,Tube Well,241.3,7.73,723.73,3.01,53124.31,35408.0
2986,Uttar Pradesh,Lucknow,2018,Kharif,Sugarcane,1247.74,23.2,36.1,Black,Sprinkler,75.74,28.9,2770.61,5.11,16014.35,184012.0
2987,Uttar Pradesh,Lucknow,2018,Rabi,Rice,1347.34,21.5,69.4,Red,Sprinkler,199.76,44.73,1830.65,4.22,16503.59,95465.0
2988,Uttar Pradesh,Lucknow,2018,Kharif,Maize,679.25,31.9,54.9,Alluvial,Drip,101.86,35.07,2826.22,6.08,58090.2,291817.0
2989,Uttar Pradesh,Kanpur,2018,Rabi,Maize,1384.49,35.4,44.8,Alluvial,Rain-fed,421.35,48.86,1848.39,2.25,57254.67,55195.00000000001
2990,Uttar Pradesh,Kanpur,2018,Rabi,Sugarcane,1031.35,36.1,70.7,Red,Rain-fed,170.13,56.88,2111.64,6.05,57076.11,165932.0
2991,Uttar Pradesh,Kanpur,2018,Zaid,Pulses,460.89,31.7,84.3,Alluvial,Sprinkler,148.16,46.7,4624.18,2.1,41183.29,112006.0
2992,Uttar Pradesh,Kanpur,2018,Zaid,Wheat,2082.33,27.6,57.2,Alluvial,Rain-fed,174.2,56.46,1818.04,1.39,47915.41,33937.0
2993,Uttar Pradesh,Kanpur,2018,Rabi,Wheat,595.97,29.2,70.3,Alluvial,Sprinkler,405.86,50.3,2483.76,4.79,63208.56,125354.0
2994,Uttar Pradesh,Kanpur,2018,Kharif,Sugarcane,1203.77,34.2,75.1,Black,Drip,431.91,25.73,4167.37,6.94,27670.89,451984.0
2995,Uttar Pradesh,Kanpur,2018,Zaid,Cotton,1871.03,26.9,75.9,Laterite,Drip,213.37,17.59,4768.1,5.41,57612.82,246660.0
2996,Uttar Pradesh,Kanpur,2018,Kharif,Rice,1509.04,19.5,35.0,Red,Drip,137.43,20.96,2792.13,5.86,24978.31,292378.0
2997,Uttar Pradesh,Kanpur,2018,Zaid,Rice,1480.52,18.2,85.0,Laterite,Drip,51.56,31.03,3782.59,1.39,37344.65,89863.0
2998,Uttar Pradesh,Kanpur,2018,Zaid,Rice,885.43,37.0,61.8,Alluvial,Sprinkler,144.5,58.36,1950.48,5.38,51806.96,182148.0
2999,Uttar Pradesh,Kanpur,2018,Rabi,Rice,1190.35,24.0,88.7,Red,Sprinkler,142.74,28.97,1104.43,4.42,40022.14,56141.99999999999
3000,Uttar Pradesh,Kanpur,2018,Zaid,Pulses,2025.68,35.4,59.9,Sandy,Tube Well,147.9,48.99,3099.16,3.05,25909.55,166183.0
3001,Uttar Pradesh,Kanpur,2018,Kharif,Rice,2053.87,22.9,66.0,Black,Drip,122.44,31.34,2439.61,4.73,24561.17,166191.0
3002,Uttar Pradesh,Kanpur,2018,Zaid,Cotton,1327.38,26.9,56.1,Laterite,Rain-fed,375.93,48.2,4595.53,1.79,41059.08,112103.0
3003,Uttar Pradesh,Kanpur,2018,Kharif,Pulses,1287.0,35.4,64.6,Red,Sprinkler,439.36,11.98,1018.26,5.54,45880.28,46735.0
3004,Uttar Pradesh,Kanpur,2018,Kharif,Wheat,975.44,25.0,41.2,Red,Rain-fed,142.05,22.71,1885.17,1.44,50655.92,23540.0
3005,Uttar Pradesh,Kanpur,2018,Kharif,Maize,922.81,20.5,71.2,Laterite,Rain-fed,397.89,10.67,760.18,5.65,25089.03,72300.0
3006,Uttar Pradesh,Kanpur,2018,Kharif,Sugarcane,763.92,35.5,45.7,Sandy,Tube Well,335.47,38.69,2414.29,8.01,55521.42,284381.0
3007,Uttar Pradesh,Varanasi,2018,Zaid,Maize,1306.78,32.6,41.6,Sandy,Drip,211.34,5.01,2501.43,4.77,45347.91,170970.0
3008,Uttar Pradesh,Varanasi,2018,Kharif,Millets,2171.62,27.3,86.7,Laterite,Tube Well,149.02,37.34,2397.43,2.8,45984.99,88305.0
3009,Uttar Pradesh,Varanasi,2018,Zaid,Barley,449.01,28.0,66.3,Red,Rain-fed,249.44,49.57,4656.67,8.33,53921.05,602829.0
3010,Uttar Pradesh,Varanasi,2018,Zaid,Pulses,1591.17,26.9,42.7,Alluvial,Canal,209.89,56.98,4484.11,6.52,63451.27,450362.0
3011,Uttar Pradesh,Varanasi,2018,Rabi,Millets,1501.88,32.2,72.9,Sandy,Rain-fed,109.03,24.56,2298.33,2.36,27351.4,56279.99999999999
3012,Uttar Pradesh,Varanasi,2018,Rabi,Rice,1728.1,26.5,41.7,Black,Rain-fed,233.53,22.57,2961.86,7.33,62733.79,378978.0
3013,Uttar Pradesh,Varanasi,2018,Rabi,Pulses,1396.51,32.3,67.5,Red,Rain-fed,388.53,35.42,3385.92,8.37,47576.59,312920.0
3014,Uttar Pradesh,Varanasi,2018,Rabi,Sugarcane,1643.23,34.1,55.1,Alluvial,Tube Well,346.66,23.63,3170.61,2.24,39643.41,118636.99999999999
3015,Uttar Pradesh,Varanasi,2018,Zaid,Wheat,1028.56,34.0,81.9,Black,Sprinkler,213.5,27.85,990.2,6.89,40340.65,76246.0
3016,Uttar Pradesh,Varanasi,2018,Kharif,Millets,1806.5,34.6,45.1,Alluvial,Rain-fed,396.02,33.64,1734.64,4.48,58503.3,105434.99999999999
3017,Uttar Pradesh,Varanasi,2018,Rabi,Maize,958.32,22.5,40.7,Sandy,Drip,146.53,52.89,2187.91,2.6,13873.03,99970.0
3018,Uttar Pradesh,Varanasi,2018,Kharif,Wheat,1134.39,23.2,85.7,Black,Sprinkler,131.68,52.32,3913.98,6.77,61229.83,324168.0
3019,Uttar Pradesh,Varanasi,2018,Zaid,Barley,1166.02,31.3,37.5,Red,Rain-fed,209.64,31.44,4978.84,3.75,30853.5,295867.0
3020,Uttar Pradesh,Varanasi,2018,Kharif,Rice,1859.59,24.4,76.0,Black,Rain-fed,305.52,53.86,2458.82,6.01,30750.95,119983.99999999999
3021,Uttar Pradesh,Varanasi,2018,Rabi,Rice,446.42,28.8,52.6,Black,Canal,180.13,29.62,1135.03,4.74,27473.94,62397.0
3022,Uttar Pradesh,Varanasi,2018,Kharif,Wheat,675.25,36.8,35.9,Alluvial,Tube Well,164.5,25.34,3967.13,6.57,61624.93,287480.0
3023,Uttar Pradesh,Varanasi,2018,Kharif,Barley,424.8,31.4,58.5,Red,Canal,322.21,11.3,1782.05,3.88,32267.56,85512.0
3024,Uttar Pradesh,Varanasi,2018,Kharif,Cotton,1192.81,31.1,37.5,Black,Tube Well,66.57,50.61,1745.0,3.4,62295.04,80317.0
3025,Uttar Pradesh,Agra,2018,Zaid,Wheat,1131.05,35.8,69.3,Red,Sprinkler,64.86,40.79,1619.83,6.96,45062.19,127626.0
3026,Uttar Pradesh,Agra,2018,Zaid,Wheat,2056.57,22.5,71.0,Alluvial,Tube Well,134.47,16.96,1535.12,2.22,20731.37,39629.0
3027,Uttar Pradesh,Agra,2018,Zaid,Wheat,1343.16,22.4,54.2,Laterite,Tube Well,362.94,47.5,4368.77,6.08,25813.64,384328.0
3028,Uttar Pradesh,Agra,2018,Zaid,Sugarcane,1608.15,18.7,37.2,Sandy,Sprinkler,63.95,24.63,2999.32,8.12,41084.97,261378.00000000003
3029,Uttar Pradesh,Agra,2018,Rabi,Barley,1292.47,21.3,52.4,Black,Canal,170.64,42.81,1944.75,6.59,14699.27,176802.0
3030,Uttar Pradesh,Agra,2018,Kharif,Millets,1884.34,37.0,62.6,Black,Sprinkler,96.28,26.89,2090.8,5.09,41730.38,108856.0
3031,Uttar Pradesh,Agra,2018,Kharif,Cotton,1083.51,20.2,44.9,Red,Tube Well,88.37,8.01,1967.01,3.58,61156.45,83450.0
3032,Uttar Pradesh,Agra,2018,Zaid,Sugarcane,601.06,35.3,47.0,Red,Tube Well,93.2,29.28,3008.17,4.5,21127.41,225648.0
3033,Uttar Pradesh,Agra,2018,Kharif,Cotton,1278.91,25.3,65.5,Alluvial,Rain-fed,302.35,40.62,3122.79,4.49,36711.11,144636.0
3034,Uttar Pradesh,Agra,2018,Kharif,Millets,569.29,26.5,84.2,Laterite,Rain-fed,119.0,56.58,4152.2,3.13,60136.25,136784.0
3035,Uttar Pradesh,Agra,2018,Zaid,Wheat,1926.7,23.2,40.8,Laterite,Sprinkler,124.14,19.37,4845.87,6.18,38511.94,429109.0
3036,Uttar Pradesh,Agra,2018,Zaid,Cotton,1711.12,25.4,39.7,Alluvial,Rain-fed,319.27,36.53,4429.03,7.3,61397.42,523066.0
3037,Uttar Pradesh,Agra,2018,Rabi,Millets,1891.28,20.7,68.2,Black,Tube Well,374.23,49.44,2276.79,5.54,61338.1,193735.0
3038,Uttar Pradesh,Agra,2018,Rabi,Barley,404.38,34.0,50.5,Alluvial,Drip,320.35,22.1,1381.49,6.77,26323.82,149340.0
3039,Uttar Pradesh,Agra,2018,Kharif,Pulses,744.31,21.1,54.4,Sandy,Rain-fed,204.15,35.63,802.55,8.1,50153.24,106033.99999999999
3040,Uttar Pradesh,Agra,2018,Kharif,Rice,1953.56,25.2,39.0,Laterite,Rain-fed,53.56,41.69,1438.54,2.17,63290.33,36274.0
3041,Uttar Pradesh,Agra,2018,Kharif,Wheat,1062.02,36.1,62.7,Laterite,Canal,74.7,54.76,3271.43,5.04,21111.92,134088.0
3042,Uttar Pradesh,Agra,2018,Kharif,Maize,1104.32,22.1,36.8,Laterite,Tube Well,315.58,41.11,1138.27,5.07,17581.97,91356.0
3043,Uttar Pradesh,Meerut,2018,Zaid,Maize,1212.34,22.9,83.3,Sandy,Canal,100.15,29.59,3632.9,4.4,35024.12,226090.0
3044,Uttar Pradesh,Meerut,2018,Zaid,Cotton,1772.17,28.7,59.5,Black,Canal,332.55,46.39,2959.49,2.3,42484.43,72730.0
3045,Uttar Pradesh,Meerut,2018,Zaid,Sugarcane,1150.75,24.9,83.7,Alluvial,Rain-fed,112.79,52.65,3665.65,7.66,33670.08,297814.0
3046,Uttar Pradesh,Meerut,2018,Kharif,Sugarcane,1127.81,26.5,59.2,Alluvial,Tube Well,250.56,46.98,255.57,1.75,18542.44,6768.000000000001
3047,Uttar Pradesh,Meerut,2018,Zaid,Millets,1474.37,24.8,51.6,Alluvial,Sprinkler,416.06,35.5,2716.66,2.58,17395.88,78423.0
3048,Uttar Pradesh,Meerut,2018,Zaid,Wheat,589.72,26.1,64.7,Sandy,Sprinkler,54.53,18.72,762.34,1.63,18319.4,17359.0
3049,Uttar Pradesh,Meerut,2018,Kharif,Pulses,2119.07,19.4,54.4,Red,Canal,359.96,41.75,1280.75,4.73,60181.69,70241.0
3050,Uttar Pradesh,Meerut,2018,Rabi,Pulses,1443.64,19.7,72.1,Laterite,Canal,359.96,5.68,2159.17,2.54,49933.39,63246.0
3051,Uttar Pradesh,Meerut,2018,Rabi,Maize,1138.72,37.8,44.6,Alluvial,Sprinkler,107.42,52.46,2522.84,5.87,18986.86,256656.0
3052,Uttar Pradesh,Meerut,2018,Zaid,Maize,1963.89,35.9,87.9,Red,Canal,89.72,48.56,1299.1,1.51,34037.99,16969.0
3053,Uttar Pradesh,Meerut,2018,Kharif,Rice,981.54,27.6,68.7,Sandy,Sprinkler,282.77,55.78,186.54,2.19,44601.81,5407.0
3054,Uttar Pradesh,Meerut,2018,Rabi,Millets,1556.62,21.7,87.6,Sandy,Drip,262.39,28.01,1933.43,8.36,23364.46,218586.0
3055,Uttar Pradesh,Meerut,2018,Zaid,Rice,923.64,26.9,47.4,Alluvial,Drip,444.26,7.97,3460.93,4.51,60947.08,242627.0
3056,Uttar Pradesh,Meerut,2018,Kharif,Wheat,1484.99,37.1,36.4,Black,Rain-fed,70.82,51.5,3720.76,4.06,33083.61,126827.0
3057,Uttar Pradesh,Meerut,2018,Rabi,Millets,913.75,34.5,84.1,Black,Sprinkler,229.55,33.79,2717.88,5.07,21104.53,142073.0
3058,Uttar Pradesh,Meerut,2018,Rabi,Rice,2001.56,36.8,43.4,Red,Canal,363.87,16.4,762.4,4.51,47987.08,60655.99999999999
3059,Uttar Pradesh,Meerut,2018,Zaid,Rice,934.09,31.4,72.2,Alluvial,Sprinkler,270.27,57.29,4475.3,4.77,58816.75,233035.0
3060,Uttar Pradesh,Meerut,2018,Rabi,Barley,1817.34,25.2,49.8,Laterite,Drip,268.43,8.16,4088.55,7.27,42421.43,456689.00000000006
3061,Punjab,Ludhiana,2018,Rabi,Barley,1139.96,30.0,63.8,Sandy,Drip,241.22,24.27,4892.54,5.94,46361.17,313908.0
3062,Punjab,Ludhiana,2018,Kharif,Millets,1049.57,18.3,75.8,Alluvial,Canal,349.07,58.31,3123.66,1.6,21979.11,62163.0
3063,Punjab,Ludhiana,2018,Rabi,Sugarcane,1778.59,37.8,73.9,Red,Canal,50.95,15.61,1258.74,7.09,31862.26,108933.0
3064,Punjab,Ludhiana,2018,Rabi,Rice,487.77,24.2,36.7,Black,Drip,404.66,42.24,4946.02,7.91,29324.42,315775.0
3065,Punjab,Ludhiana,2018,Rabi,Barley,498.21,29.3,39.2,Alluvial,Rain-fed,205.1,20.2,3826.61,4.11,61654.53,162165.0
3066,Punjab,Ludhiana,2018,Rabi,Wheat,2027.45,37.1,45.5,Red,Canal,53.12,31.14,3486.38,2.08,54079.36,79413.0
3067,Punjab,Ludhiana,2018,Rabi,Pulses,1772.34,30.1,70.0,Laterite,Tube Well,194.79,35.47,3030.28,6.38,12301.02,315140.0
3068,Punjab,Ludhiana,2018,Kharif,Sugarcane,1547.84,21.1,57.9,Black,Canal,140.33,37.9,526.44,7.04,24647.45,36399.0
3069,Punjab,Ludhiana,2018,Kharif,Maize,1668.15,34.1,88.5,Black,Rain-fed,363.35,25.7,4971.81,1.6,33953.3,122704.0
3070,Punjab,Ludhiana,2018,Kharif,Maize,2140.35,25.3,59.5,Black,Drip,227.52,9.46,1574.97,1.52,36953.39,31083.0
3071,Punjab,Ludhiana,2018,Zaid,Millets,1954.74,30.5,69.0,Laterite,Sprinkler,384.37,43.18,3420.68,3.74,32869.55,117957.0
3072,Punjab,Ludhiana,2018,Zaid,Rice,1121.88,32.6,82.4,Red,Canal,89.45,58.39,1654.52,8.19,16961.66,143372.0
3073,Punjab,Ludhiana,2018,Rabi,Maize,926.97,34.1,52.1,Alluvial,Tube Well,195.7,21.79,2140.7,2.78,60511.26,103266.00000000001
3074,Punjab,Ludhiana,2018,Rabi,Cotton,566.33,35.8,35.0,Alluvial,Drip,213.95,37.84,1620.3,8.09,46696.67,176011.0
3075,Punjab,Ludhiana,2018,Zaid,Cotton,413.39,20.4,88.9,Alluvial,Canal,86.3,32.11,4426.37,1.85,13533.14,74048.0
3076,Punjab,Ludhiana,2018,Kharif,Rice,1609.79,27.0,64.3,Red,Tube Well,392.83,41.56,2659.5,7.25,16655.94,185551.0
3077,Punjab,Ludhiana,2018,Rabi,Barley,1043.78,34.8,49.3,Black,Tube Well,62.26,36.34,3361.95,7.42,61283.96,426805.0
3078,Punjab,Ludhiana,2018,Zaid,Wheat,1677.29,35.5,65.4,Black,Rain-fed,433.71,51.85,468.09,4.27,26848.47,21411.0
3079,Punjab,Amritsar,2018,Kharif,Rice,1905.19,23.1,89.9,Black,Drip,176.84,21.04,2039.2,4.39,26561.78,139016.0
3080,Punjab,Amritsar,2018,Zaid,Wheat,1559.6,35.9,83.5,Sandy,Rain-fed,100.52,9.03,488.25,7.92,25870.71,33055.0
3081,Punjab,Amritsar,2018,Rabi,Rice,1530.24,24.8,43.2,Red,Rain-fed,161.63,42.92,2015.46,2.27,56811.56,59259.0
3082,Punjab,Amritsar,2018,Rabi,Sugarcane,1770.25,22.7,87.1,Alluvial,Canal,350.83,19.87,3983.3,1.27,13787.83,56839.0
3083,Punjab,Amritsar,2018,Kharif,Sugarcane,1256.45,38.0,70.9,Alluvial,Tube Well,422.54,40.3,1523.94,4.3,58894.29,68288.0
3084,Punjab,Amritsar,2018,Kharif,Wheat,1550.15,28.7,66.7,Alluvial,Rain-fed,323.8,22.67,3763.69,1.59,41543.69,93711.0
3085,Punjab,Amritsar,2018,Rabi,Rice,1651.9,24.5,82.2,Sandy,Tube Well,161.32,20.59,1601.56,4.84,24620.25,116439.00000000001
3086,Punjab,Amritsar,2018,Zaid,Sugarcane,1177.63,30.1,36.9,Laterite,Rain-fed,315.94,32.61,1865.23,7.3,31229.04,141802.0
3087,Punjab,Amritsar,2018,Zaid,Wheat,857.4,18.1,66.0,Laterite,Rain-fed,239.51,9.54,3763.41,4.98,44933.07,254328.00000000003
3088,Punjab,Amritsar,2018,Kharif,Wheat,1727.95,25.2,66.1,Sandy,Canal,181.02,48.33,4696.61,1.44,30555.33,116441.00000000001
3089,Punjab,Amritsar,2018,Kharif,Cotton,1204.44,21.1,56.9,Laterite,Canal,69.85,57.05,3730.95,5.63,45660.62,204152.0
3090,Punjab,Amritsar,2018,Rabi,Rice,1474.29,35.2,36.9,Sandy,Sprinkler,326.0,44.8,4503.38,7.25,53829.8,319149.0
3091,Punjab,Amritsar,2018,Kharif,Wheat,1318.94,28.7,75.5,Laterite,Sprinkler,312.45,26.66,4015.39,1.85,18505.12,130743.0
3092,Punjab,Amritsar,2018,Kharif,Pulses,1484.82,35.6,43.2,Red,Canal,380.4,13.81,1282.94,1.79,29454.16,29533.999999999996
3093,Punjab,Amritsar,2018,Kharif,Sugarcane,1334.39,24.9,76.6,Red,Drip,221.57,28.35,3476.43,6.3,62772.59,232419.99999999997
3094,Punjab,Amritsar,2018,Zaid,Millets,1574.88,27.9,42.9,Red,Drip,176.22,32.05,3527.73,7.5,21534.6,419189.00000000006
3095,Punjab,Amritsar,2018,Zaid,Wheat,1496.56,21.7,59.2,Red,Drip,145.38,31.46,648.47,5.94,36133.24,54604.99999999999
3096,Punjab,Amritsar,2018,Kharif,Pulses,490.75,35.2,53.1,Sandy,Rain-fed,276.63,41.47,4249.88,3.61,62473.12,261400.0
3097,Punjab,Patiala,2018,Rabi,Pulses,1640.36,32.8,65.1,Black,Tube Well,247.75,49.04,3560.05,2.83,27655.32,159557.0
3098,Punjab,Patiala,2018,Rabi,Pulses,1216.9,22.5,74.7,Alluvial,Canal,89.82,57.85,3945.89,1.72,42898.75,60069.00000000001
3099,Punjab,Patiala,2018,Zaid,Rice,830.88,22.1,40.9,Red,Sprinkler,240.17,15.32,4733.14,6.14,21440.36,308091.0
3100,Punjab,Patiala,2018,Kharif,Cotton,1680.64,35.5,44.4,Sandy,Rain-fed,105.77,45.11,988.66,7.45,60036.49,100003.0
3101,Punjab,Patiala,2018,Rabi,Millets,506.62,33.4,77.0,Sandy,Tube Well,280.21,16.4,4171.74,1.97,37442.03,146613.0
3102,Punjab,Patiala,2018,Zaid,Sugarcane,1263.5,21.4,47.4,Alluvial,Sprinkler,444.98,28.33,4736.99,5.24,19449.62,359793.0
3103,Punjab,Patiala,2018,Kharif,Sugarcane,1203.47,25.4,69.4,Sandy,Canal,79.81,29.7,2762.94,3.17,43724.1,119038.00000000001
3104,Punjab,Patiala,2018,Zaid,Sugarcane,1199.67,23.6,70.8,Red,Sprinkler,405.16,49.22,2764.28,1.9,54027.45,65409.0
3105,Punjab,Patiala,2018,Rabi,Cotton,1112.24,24.1,55.1,Red,Sprinkler,173.43,29.18,2492.56,8.38,12822.29,357967.0
3106,Punjab,Patiala,2018,Zaid,Maize,1937.3,36.3,65.3,Black,Sprinkler,90.45,11.84,2604.75,6.07,54989.66,215763.0
3107,Punjab,Patiala,2018,Rabi,Pulses,504.33,36.6,75.1,Red,Drip,263.98,32.07,2998.64,5.24,20796.42,179223.0
3108,Punjab,Patiala,2018,Kharif,Millets,526.27,25.4,77.4,Laterite,Tube Well,90.13,53.63,4053.62,2.91,51405.77,147008.0
3109,Punjab,Patiala,2018,Kharif,Barley,1625.91,27.9,70.5,Laterite,Canal,315.0,27.09,3851.2,2.9,17293.07,177441.0
3110,Punjab,Patiala,2018,Kharif,Rice,2180.58,29.8,53.5,Black,Tube Well,138.09,37.72,2501.36,6.5,56574.25,171634.0
3111,Punjab,Patiala,2018,Zaid,Millets,1520.98,37.5,35.5,Black,Canal,429.17,31.71,3192.02,2.74,33950.94,140878.0
3112,Punjab,Patiala,2018,Rabi,Wheat,916.23,36.4,63.5,Black,Rain-fed,68.03,12.91,572.85,2.53,26325.97,25707.0
3113,Punjab,Patiala,2018,Zaid,Barley,1405.98,36.6,48.4,Sandy,Canal,194.07,48.41,1674.21,6.8,62086.32,186079.0
3114,Punjab,Patiala,2018,Zaid,Pulses,1689.71,22.4,79.4,Alluvial,Sprinkler,426.02,39.33,686.27,1.38,35865.7,9081.0
3115,Punjab,Jalandhar,2018,Kharif,Pulses,1258.03,34.3,88.3,Sandy,Sprinkler,59.08,17.88,3507.08,6.32,12592.23,394202.0
3116,Punjab,Jalandhar,2018,Zaid,Barley,1371.29,34.0,86.4,Sandy,Canal,155.22,22.7,1700.55,6.34,64941.58,166479.0
3117,Punjab,Jalandhar,2018,Rabi,Millets,874.37,37.9,36.8,Red,Tube Well,175.84,8.05,4792.97,3.84,16500.81,311698.0
3118,Punjab,Jalandhar,2018,Zaid,Millets,1835.62,23.6,66.0,Black,Canal,119.72,11.44,2028.44,4.84,28745.83,150831.0
3119,Punjab,Jalandhar,2018,Kharif,Wheat,528.8,35.7,82.5,Sandy,Canal,81.38,53.02,1810.66,5.79,14764.65,149925.0
3120,Punjab,Jalandhar,2018,Rabi,Cotton,1810.17,23.4,58.8,Laterite,Rain-fed,173.73,19.16,4883.74,1.3,59141.38,53166.0
3121,Punjab,Jalandhar,2018,Rabi,Pulses,853.45,27.2,64.1,Sandy,Sprinkler,134.42,45.25,2723.9,4.42,21030.99,145233.0
3122,Punjab,Jalandhar,2018,Zaid,Maize,1947.42,25.9,42.4,Alluvial,Canal,227.39,8.33,4834.33,5.07,48924.06,343738.0
3123,Punjab,Jalandhar,2018,Rabi,Rice,707.15,35.8,78.6,Sandy,Canal,203.62,14.73,3323.59,1.64,47776.97,63671.0
3124,Punjab,Jalandhar,2018,Rabi,Cotton,832.48,24.8,36.2,Laterite,Tube Well,397.21,56.13,446.13,4.83,15771.28,26564.999999999996
3125,Punjab,Jalandhar,2018,Kharif,Barley,1980.57,34.4,80.8,Sandy,Tube Well,90.61,7.19,4815.86,2.87,55618.44,207404.0
3126,Punjab,Jalandhar,2018,Rabi,Barley,1249.26,21.2,51.9,Sandy,Sprinkler,200.3,27.73,1344.5,3.34,32125.4,54760.0
3127,Punjab,Jalandhar,2018,Kharif,Maize,852.33,24.2,86.8,Laterite,Drip,266.9,15.19,4484.19,1.69,16664.97,121179.0
3128,Punjab,Jalandhar,2018,Rabi,Cotton,2095.11,31.7,50.3,Sandy,Canal,247.25,44.18,4103.4,2.35,42648.65,149290.0
3129,Punjab,Jalandhar,2018,Zaid,Cotton,2047.81,24.0,64.2,Red,Tube Well,418.33,59.58,198.07,1.24,47009.13,2909.0
3130,Punjab,Jalandhar,2018,Rabi,Sugarcane,1987.54,33.9,43.5,Black,Tube Well,349.51,35.82,4230.7,4.87,41687.94,297519.0
3131,Punjab,Jalandhar,2018,Rabi,Barley,1598.94,31.5,61.3,Black,Rain-fed,371.12,51.95,2403.1,2.7,40149.94,72775.0
3132,Punjab,Jalandhar,2018,Rabi,Rice,1413.23,35.1,60.0,Laterite,Canal,219.38,51.57,2901.08,3.44,35066.51,125518.0
3133,Punjab,Bathinda,2018,Rabi,Rice,1458.99,30.0,84.2,Laterite,Sprinkler,115.47,51.12,718.28,5.41,46378.09,39271.0
3134,Punjab,Bathinda,2018,Zaid,Millets,1921.83,34.9,64.2,Laterite,Drip,192.01,46.36,2292.75,5.4,13386.37,145446.0
3135,Punjab,Bathinda,2018,Rabi,Barley,1272.89,31.2,82.1,Laterite,Canal,364.04,31.26,2458.46,7.22,17882.1,148045.0
3136,Punjab,Bathinda,2018,Zaid,Maize,2144.67,37.9,76.2,Sandy,Sprinkler,328.88,24.8,4817.28,3.07,26955.24,212946.99999999997
3137,Punjab,Bathinda,2018,Rabi,Pulses,1224.92,24.5,55.4,Red,Rain-fed,447.34,16.91,1365.85,7.82,61491.01,144147.0
3138,Punjab,Bathinda,2018,Rabi,Millets,1102.68,34.7,76.4,Alluvial,Sprinkler,214.0,18.31,1757.49,3.18,21738.44,84312.0
3139,Punjab,Bathinda,2018,Rabi,Pulses,2113.63,33.6,72.7,Laterite,Sprinkler,114.22,56.07,2403.73,5.05,49459.07,191143.0
3140,Punjab,Bathinda,2018,Zaid,Pulses,1610.05,35.6,62.4,Laterite,Tube Well,428.7,35.54,4955.79,7.34,57757.62,558503.0
3141,Punjab,Bathinda,2018,Zaid,Wheat,822.56,36.5,79.6,Black,Sprinkler,266.12,48.34,1018.26,4.59,48111.23,51703.0
3142,Punjab,Bathinda,2018,Rabi,Cotton,753.78,25.2,38.1,Sandy,Rain-fed,242.78,50.71,4029.64,4.36,23868.51,227650.0
3143,Punjab,Bathinda,2018,Kharif,Maize,900.75,20.1,89.7,Laterite,Drip,275.7,8.55,647.31,2.61,48058.75,23348.0
3144,Punjab,Bathinda,2018,Kharif,Pulses,1493.29,24.9,40.5,Alluvial,Tube Well,292.58,24.18,3103.94,5.07,37458.99,206094.99999999997
3145,Punjab,Bathinda,2018,Rabi,Wheat,438.04,19.3,46.9,Black,Drip,389.99,21.93,3711.1,1.33,23050.52,77530.0
3146,Punjab,Bathinda,2018,Rabi,Barley,1433.59,32.3,76.7,Sandy,Sprinkler,161.48,20.48,2805.78,1.86,32104.74,71874.0
3147,Punjab,Bathinda,2018,Rabi,Rice,612.37,31.9,66.5,Sandy,Canal,170.21,54.56,293.19,1.7,17669.88,4763.0
3148,Punjab,Bathinda,2018,Zaid,Cotton,1182.36,25.1,54.2,Alluvial,Rain-fed,440.91,40.94,234.72,2.58,24215.88,9772.0
3149,Punjab,Bathinda,2018,Zaid,Barley,2170.95,31.6,70.5,Laterite,Rain-fed,151.52,16.93,4742.48,3.32,22010.9,232344.0
3150,Punjab,Bathinda,2018,Zaid,Cotton,1995.91,28.6,51.5,Black,Canal,146.93,44.57,1282.47,5.78,45385.62,83356.0
3151,Maharashtra,Pune,2018,Rabi,Maize,1973.56,27.5,42.5,Red,Drip,367.16,59.75,2919.73,7.14,33254.65,241355.00000000003
3152,Maharashtra,Pune,2018,Kharif,Maize,1164.13,30.3,43.0,Laterite,Sprinkler,394.77,41.0,1595.64,6.85,39084.41,162965.0
3153,Maharashtra,Pune,2018,Kharif,Millets,1772.13,27.7,83.7,Sandy,Tube Well,343.52,53.38,2679.85,7.27,57612.57,171302.0
3154,Maharashtra,Pune,2018,Kharif,Millets,698.33,27.8,49.1,Sandy,Tube Well,365.38,26.1,3121.22,1.58,12954.64,58162.0
3155,Maharashtra,Pune,2018,Rabi,Barley,964.29,34.7,50.5,Alluvial,Canal,347.46,31.73,464.11,4.95,19458.45,24941.0
3156,Maharashtra,Pune,2018,Rabi,Millets,1850.21,29.3,42.4,Red,Tube Well,360.24,20.39,3954.9,3.01,14980.14,205455.00000000003
3157,Maharashtra,Pune,2018,Kharif,Rice,923.99,25.9,79.0,Red,Sprinkler,177.14,9.34,1126.62,2.73,15344.31,27049.0
3158,Maharashtra,Pune,2018,Zaid,Cotton,1064.88,26.9,47.4,Laterite,Rain-fed,400.11,49.69,2438.03,6.27,50366.67,231716.0
3159,Maharashtra,Pune,2018,Zaid,Sugarcane,566.1,37.0,54.8,Laterite,Drip,430.63,49.11,4994.74,1.25,62017.16,94004.0
3160,Maharashtra,Pune,2018,Rabi,Millets,783.53,34.7,61.5,Sandy,Drip,303.45,7.44,4223.15,7.59,17178.45,538866.0
3161,Maharashtra,Pune,2018,Kharif,Barley,681.67,34.5,88.9,Laterite,Canal,296.63,13.69,4338.88,8.13,47895.16,374296.0
3162,Maharashtra,Pune,2018,Rabi,Sugarcane,1343.59,24.7,81.6,Black,Rain-fed,287.42,55.96,359.71,7.88,28593.89,25086.0
3163,Maharashtra,Pune,2018,Kharif,Wheat,1902.17,34.6,39.6,Red,Drip,382.02,44.12,251.6,6.94,62713.28,19887.0
3164,Maharashtra,Pune,2018,Rabi,Rice,1673.92,29.4,53.0,Laterite,Sprinkler,436.8,54.18,4612.91,5.78,15080.26,470362.0
3165,Maharashtra,Pune,2018,Rabi,Sugarcane,1837.91,32.1,50.1,Sandy,Rain-fed,420.78,46.61,4983.78,5.63,34108.38,462224.0
3166,Maharashtra,Pune,2018,Rabi,Barley,669.4,27.4,35.5,Sandy,Tube Well,159.35,14.87,2063.49,3.1,15015.5,88958.0
3167,Maharashtra,Pune,2018,Rabi,Rice,1804.65,33.2,53.6,Sandy,Sprinkler,153.14,10.82,2639.29,4.84,38446.94,203535.0
3168,Maharashtra,Pune,2018,Zaid,Rice,1088.83,25.4,65.6,Black,Tube Well,428.9,36.21,3388.71,7.5,30768.41,327885.0
3169,Maharashtra,Nashik,2018,Zaid,Millets,1728.43,25.6,87.7,Black,Sprinkler,405.03,19.45,3697.2,1.87,27846.92,123309.99999999999
3170,Maharashtra,Nashik,2018,Kharif,Cotton,1778.36,33.0,62.2,Black,Tube Well,301.66,34.15,396.87,3.73,14312.24,16704.0
3171,Maharashtra,Nashik,2018,Zaid,Barley,2163.01,35.6,57.6,Sandy,Sprinkler,150.83,38.96,4970.36,1.51,19577.92,64753.0
3172,Maharashtra,Nashik,2018,Kharif,Rice,930.66,35.5,86.0,Red,Drip,228.11,26.02,2740.97,4.41,12562.31,148579.0
3173,Maharashtra,Nashik,2018,Rabi,Barley,1047.91,27.4,71.9,Red,Canal,140.25,46.15,3955.37,4.06,51071.53,238179.0
3174,Maharashtra,Nashik,2018,Zaid,Millets,1810.17,24.4,36.6,Sandy,Canal,247.73,5.76,3470.28,7.56,30436.75,462145.0
3175,Maharashtra,Nashik,2018,Rabi,Wheat,2018.42,36.3,65.4,Laterite,Canal,121.61,20.62,1901.84,4.53,17440.25,122780.0
3176,Maharashtra,Nashik,2018,Rabi,Barley,1170.17,20.6,40.1,Black,Canal,340.45,48.91,966.7,6.75,27867.82,108589.00000000001
3177,Maharashtra,Nashik,2018,Rabi,Maize,599.34,21.2,87.4,Alluvial,Sprinkler,348.13,39.22,2720.21,2.63,62548.0,90419.0
3178,Maharashtra,Nashik,2018,Zaid,Rice,707.04,33.4,54.0,Sandy,Sprinkler,283.6,19.72,1504.22,4.6,58547.6,82416.0
3179,Maharashtra,Nashik,2018,Zaid,Wheat,563.09,31.4,44.1,Sandy,Canal,352.14,48.87,398.06,2.78,17089.94,9014.0
3180,Maharashtra,Nashik,2018,Kharif,Maize,1043.82,34.5,37.1,Laterite,Canal,77.95,27.19,3279.77,6.44,50966.89,253084.0
3181,Maharashtra,Nashik,2018,Rabi,Sugarcane,2022.75,36.5,69.0,Laterite,Drip,404.0,39.25,1658.39,4.06,59647.57,104583.0
3182,Maharashtra,Nashik,2018,Kharif,Barley,1976.73,37.4,64.8,Laterite,Sprinkler,208.63,53.04,1045.03,7.45,14880.59,123053.0
3183,Maharashtra,Nashik,2018,Kharif,Millets,738.41,20.9,38.3,Laterite,Sprinkler,109.27,22.94,1451.95,1.54,41127.73,39024.0
3184,Maharashtra,Nashik,2018,Zaid,Cotton,433.01,26.8,79.0,Black,Rain-fed,235.23,16.24,4797.18,5.94,41618.82,487657.0
3185,Maharashtra,Nashik,2018,Zaid,Rice,1758.4,37.6,70.2,Sandy,Drip,224.81,22.74,1535.08,3.3,62887.73,89274.0
3186,Maharashtra,Nashik,2018,Zaid,Wheat,1761.64,23.5,38.4,Laterite,Canal,330.63,22.22,3285.52,4.22,49572.78,195387.0
3187,Maharashtra,Nagpur,2018,Zaid,Barley,896.66,35.2,72.6,Red,Sprinkler,238.12,39.31,126.04,3.26,58829.62,7304.000000000001
3188,Maharashtra,Nagpur,2018,Kharif,Sugarcane,503.83,27.4,42.0,Alluvial,Canal,311.94,36.73,883.05,4.52,25932.92,36465.0
3189,Maharashtra,Nagpur,2018,Kharif,Pulses,2058.04,33.9,84.3,Sandy,Sprinkler,97.31,39.28,4645.29,3.59,38019.94,183239.0
3190,Maharashtra,Nagpur,2018,Kharif,Wheat,1375.49,21.6,51.9,Black,Canal,203.12,33.08,2556.73,6.92,35553.85,202487.0
3191,Maharashtra,Nagpur,2018,Kharif,Pulses,1648.24,37.2,54.8,Laterite,Sprinkler,177.84,25.34,374.82,2.58,20321.06,12263.0
3192,Maharashtra,Nagpur,2018,Zaid,Millets,1610.48,37.6,54.0,Red,Canal,337.82,11.71,4918.59,5.74,48656.25,473530.0
3193,Maharashtra,Nagpur,2018,Rabi,Wheat,1045.94,19.9,50.9,Red,Canal,100.87,58.23,4687.98,1.22,25689.44,98660.0
3194,Maharashtra,Nagpur,2018,Zaid,Pulses,1170.08,30.1,81.1,Sandy,Sprinkler,136.51,47.44,2416.83,6.31,19706.16,240084.0
3195,Maharashtra,Nagpur,2018,Rabi,Cotton,1206.53,28.2,81.1,Alluvial,Rain-fed,131.23,36.2,839.18,3.9,57090.87,45909.0
3196,Maharashtra,Nagpur,2018,Zaid,Barley,757.65,34.2,59.1,Alluvial,Drip,109.48,50.62,4253.51,2.69,22874.71,188256.0
3197,Maharashtra,Nagpur,2018,Rabi,Pulses,1363.36,34.3,66.2,Black,Canal,407.43,26.42,1507.11,2.58,27766.46,68743.0
3198,Maharashtra,Nagpur,2018,Zaid,Cotton,2022.03,37.4,73.1,Sandy,Rain-fed,288.47,48.57,1926.88,4.27,52313.37,96114.0
3199,Maharashtra,Nagpur,2018,Kharif,Rice,2049.06,25.6,47.8,Black,Canal,311.23,58.83,2717.14,5.71,42683.71,260248.0
3200,Maharashtra,Nagpur,2018,Zaid,Maize,757.26,23.6,79.6,Laterite,Canal,134.08,49.71,3488.36,5.03,52221.74,158558.0
3201,Maharashtra,Nagpur,2018,Rabi,Maize,983.91,30.2,74.3,Laterite,Tube Well,111.42,5.89,128.26,6.88,24993.42,14428.0
3202,Maharashtra,Nagpur,2018,Rabi,Cotton,1241.14,34.2,70.9,Black,Tube Well,205.48,45.6,2374.13,4.68,38830.69,135383.0
3203,Maharashtra,Nagpur,2018,Kharif,Wheat,1042.46,37.4,61.7,Sandy,Tube Well,261.97,51.37,3895.68,8.33,19803.4,321235.0
3204,Maharashtra,Nagpur,2018,Rabi,Wheat,568.06,33.9,66.9,Black,Canal,117.89,30.53,346.84,6.22,31182.67,28555.0
3205,Maharashtra,Aurangabad,2018,Kharif,Wheat,1414.2,31.2,83.2,Sandy,Canal,312.46,54.57,4213.53,4.15,39952.29,312162.0
3206,Maharashtra,Aurangabad,2018,Kharif,Barley,1380.0,29.5,35.6,Laterite,Sprinkler,201.36,53.63,2054.84,6.99,48089.43,190110.0
3207,Maharashtra,Aurangabad,2018,Zaid,Wheat,960.84,35.3,55.3,Laterite,Sprinkler,267.72,19.64,1680.37,7.98,34381.36,211364.0
3208,Maharashtra,Aurangabad,2018,Zaid,Maize,682.21,23.7,71.6,Black,Rain-fed,293.86,30.1,3062.07,1.26,18535.5,52379.0
3209,Maharashtra,Aurangabad,2018,Rabi,Wheat,1512.04,36.3,54.0,Sandy,Drip,340.17,19.16,2700.47,4.53,42396.3,213361.0
3210,Maharashtra,Aurangabad,2018,Kharif,Sugarcane,858.96,36.0,52.5,Alluvial,Sprinkler,200.86,43.06,4588.33,5.83,32505.16,262898.0
3211,Maharashtra,Aurangabad,2018,Kharif,Wheat,1160.24,26.4,75.0,Alluvial,Sprinkler,169.06,22.61,3235.85,7.65,37256.35,367292.0
3212,Maharashtra,Aurangabad,2018,Rabi,Millets,1704.64,18.2,73.6,Alluvial,Drip,228.05,14.51,4880.58,6.86,49420.05,549404.0
3213,Maharashtra,Aurangabad,2018,Zaid,Barley,1722.92,35.5,64.0,Alluvial,Drip,59.25,59.61,493.45,6.94,28961.76,45906.0
3214,Maharashtra,Aurangabad,2018,Zaid,Millets,760.52,19.6,80.0,Sandy,Rain-fed,439.23,11.57,2442.3,3.67,64055.8,95916.0
3215,Maharashtra,Aurangabad,2018,Rabi,Cotton,843.25,34.7,62.3,Laterite,Drip,267.85,29.73,3639.82,1.48,46411.84,76315.0
3216,Maharashtra,Aurangabad,2018,Rabi,Wheat,1350.18,34.5,85.7,Laterite,Rain-fed,226.21,20.08,4585.93,3.05,12718.29,127972.0
3217,Maharashtra,Aurangabad,2018,Rabi,Barley,2146.94,20.8,68.0,Red,Drip,329.19,33.1,1651.4,4.32,45449.74,79623.0
3218,Maharashtra,Aurangabad,2018,Rabi,Cotton,1001.38,33.8,57.1,Laterite,Sprinkler,119.81,14.83,3074.8,8.46,20586.91,463724.0
3219,Maharashtra,Aurangabad,2018,Zaid,Cotton,478.61,31.3,40.4,Laterite,Sprinkler,445.62,19.29,1215.56,2.39,50015.29,50196.0
3220,Maharashtra,Aurangabad,2018,Rabi,Sugarcane,2180.24,30.3,79.2,Laterite,Sprinkler,383.73,41.65,3068.53,4.05,20222.17,179814.0
3221,Maharashtra,Aurangabad,2018,Rabi,Barley,736.09,26.2,58.7,Black,Tube Well,84.75,17.47,2067.08,4.83,45995.53,85044.0
3222,Maharashtra,Aurangabad,2018,Kharif,Rice,1670.86,34.6,66.9,Black,Tube Well,214.17,31.46,3171.79,1.23,33135.8,33250.0
3223,Maharashtra,Kolhapur,2018,Kharif,Barley,1951.19,35.1,70.0,Alluvial,Canal,64.55,48.97,469.8,5.62,13921.76,45071.0
3224,Maharashtra,Kolhapur,2018,Rabi,Rice,1173.44,25.1,71.6,Sandy,Rain-fed,399.2,21.99,4719.56,8.03,25176.76,323907.0
3225,Maharashtra,Kolhapur,2018,Kharif,Barley,634.53,32.7,62.0,Black,Rain-fed,169.25,46.77,3485.32,7.07,12225.16,356487.0
3226,Maharashtra,Kolhapur,2018,Rabi,Millets,1635.73,34.5,38.1,Sandy,Canal,359.49,15.91,634.13,8.44,31796.37,84248.0
3227,Maharashtra,Kolhapur,2018,Rabi,Wheat,1749.07,19.2,64.3,Alluvial,Drip,317.13,46.31,422.05,2.06,38218.45,8811.0
3228,Maharashtra,Kolhapur,2018,Zaid,Pulses,460.35,18.4,49.8,Red,Tube Well,109.08,30.21,2160.58,6.96,24995.57,245421.99999999997
3229,Maharashtra,Kolhapur,2018,Rabi,Pulses,652.27,26.6,72.7,Alluvial,Canal,192.45,51.61,4868.46,3.28,59104.52,235042.99999999997
3230,Maharashtra,Kolhapur,2018,Rabi,Barley,426.77,28.2,73.6,Red,Sprinkler,400.89,15.57,4208.58,7.79,41120.02,498716.0
3231,Maharashtra,Kolhapur,2018,Zaid,Millets,2061.47,29.3,75.6,Black,Drip,73.73,44.8,3398.22,7.64,20673.49,412637.0
3232,Maharashtra,Kolhapur,2018,Rabi,Wheat,1850.48,20.0,85.8,Laterite,Rain-fed,159.51,17.7,4560.42,3.0,63208.52,127769.0
3233,Maharashtra,Kolhapur,2018,Rabi,Cotton,1558.06,23.7,47.5,Red,Canal,337.02,13.0,3540.89,3.72,36197.11,161831.0
3234,Maharashtra,Kolhapur,2018,Zaid,Cotton,2194.81,36.0,86.9,Sandy,Drip,101.79,40.0,3846.14,6.45,60416.08,317742.0
3235,Maharashtra,Kolhapur,2018,Rabi,Cotton,584.99,33.9,57.6,Red,Drip,301.13,48.57,4364.46,1.36,43611.14,73738.0
3236,Maharashtra,Kolhapur,2018,Rabi,Maize,1442.09,23.0,55.9,Alluvial,Drip,153.87,11.66,2563.54,4.29,38813.79,193602.0
3237,Maharashtra,Kolhapur,2018,Rabi,Cotton,1328.29,19.4,53.8,Black,Rain-fed,195.49,36.01,2882.59,3.84,56976.81,147086.0
3238,Maharashtra,Kolhapur,2018,Rabi,Pulses,2006.03,25.0,41.4,Alluvial,Sprinkler,108.95,47.38,1505.43,7.91,26587.34,180610.0
3239,Maharashtra,Kolhapur,2018,Zaid,Wheat,1145.93,31.0,38.9,Red,Rain-fed,343.5,37.5,3090.72,3.33,29101.94,128631.0
3240,Maharashtra,Kolhapur,2018,Rabi,Wheat,1736.37,22.2,73.0,Black,Canal,383.1,13.58,901.34,5.85,54089.85,51804.99999999999
3241,Karnataka,Bengaluru,2018,Rabi,Rice,974.8,23.3,62.3,Alluvial,Tube Well,271.45,37.1,3859.35,5.84,36153.67,290205.0
3242,Karnataka,Bengaluru,2018,Rabi,Wheat,1519.09,36.9,74.7,Black,Drip,305.38,56.3,1985.67,2.79,35520.59,54254.0
3243,Karnataka,Bengaluru,2018,Zaid,Barley,1002.48,21.1,87.7,Black,Tube Well,248.41,33.89,1351.14,4.78,37506.96,91808.0
3244,Karnataka,Bengaluru,2018,Kharif,Millets,1290.34,24.6,73.5,Sandy,Rain-fed,310.71,39.12,3146.41,7.3,22343.71,313688.0
3245,Karnataka,Bengaluru,2018,Zaid,Pulses,898.8,20.2,72.3,Black,Sprinkler,284.49,42.05,4910.82,7.88,35975.83,587508.0
3246,Karnataka,Bengaluru,2018,Rabi,Maize,1119.59,20.9,68.3,Red,Tube Well,90.24,49.18,1824.32,3.5,50345.45,71108.0
3247,Karnataka,Bengaluru,2018,Kharif,Millets,2123.94,25.2,53.2,Black,Rain-fed,139.55,57.87,446.32,5.93,42429.0,41660.0
3248,Karnataka,Bengaluru,2018,Kharif,Millets,993.04,25.7,38.5,Alluvial,Canal,382.74,46.22,4310.91,3.97,45413.73,161302.0
3249,Karnataka,Bengaluru,2018,Rabi,Maize,1297.68,26.5,71.5,Alluvial,Canal,358.44,24.62,4100.41,5.01,60508.05,342726.0
3250,Karnataka,Bengaluru,2018,Kharif,Pulses,617.12,20.5,52.9,Red,Drip,255.09,40.85,4385.48,6.93,22243.9,429754.0
3251,Karnataka,Bengaluru,2018,Rabi,Millets,1902.43,25.7,67.9,Red,Tube Well,118.24,35.6,3205.12,7.82,48234.21,378196.0
3252,Karnataka,Bengaluru,2018,Kharif,Maize,722.17,36.2,72.2,Sandy,Tube Well,240.29,15.69,475.88,7.64,20666.49,38544.0
3253,Karnataka,Bengaluru,2018,Kharif,Maize,1946.64,18.5,52.9,Sandy,Sprinkler,291.04,45.31,1621.36,5.95,25308.08,135899.0
3254,Karnataka,Bengaluru,2018,Rabi,Barley,1587.57,24.3,72.3,Alluvial,Sprinkler,438.48,46.79,3293.08,2.48,25923.14,81873.0
3255,Karnataka,Bengaluru,2018,Zaid,Maize,1780.45,26.9,71.6,Laterite,Canal,387.52,29.78,4624.93,6.06,33943.53,317102.0
3256,Karnataka,Bengaluru,2018,Rabi,Pulses,1613.03,35.9,43.6,Black,Canal,85.47,54.93,3972.51,8.05,16751.29,425718.0
3257,Karnataka,Bengaluru,2018,Rabi,Millets,1039.23,20.1,50.3,Laterite,Canal,346.73,27.78,4761.2,1.76,33633.65,100760.0
3258,Karnataka,Bengaluru,2018,Rabi,Rice,1695.86,19.1,49.9,Laterite,Rain-fed,158.84,5.08,497.76,8.41,32787.2,49063.0
3259,Karnataka,Mysuru,2018,Rabi,Millets,1066.26,34.9,81.5,Laterite,Rain-fed,385.06,26.71,3755.64,7.64,50431.23,398246.0
3260,Karnataka,Mysuru,2018,Rabi,Rice,1776.13,24.8,58.8,Laterite,Drip,179.77,6.16,3786.34,6.5,24789.05,210307.00000000003
3261,Karnataka,Mysuru,2018,Rabi,Rice,959.11,27.7,36.3,Black,Canal,217.27,10.37,1938.52,7.28,23675.97,231084.0
3262,Karnataka,Mysuru,2018,Kharif,Pulses,766.91,35.5,51.3,Sandy,Drip,267.27,5.0,2504.63,5.06,45652.1,206848.0
3263,Karnataka,Mysuru,2018,Zaid,Wheat,2082.2,34.1,55.8,Alluvial,Drip,190.65,8.09,646.61,7.35,34887.03,43807.0
3264,Karnataka,Mysuru,2018,Rabi,Barley,1925.26,27.2,53.2,Sandy,Tube Well,73.44,11.51,2354.59,7.33,45908.63,255617.0
3265,Karnataka,Mysuru,2018,Rabi,Sugarcane,587.04,29.5,50.7,Alluvial,Drip,227.27,36.22,3147.45,6.11,41123.72,205991.0
3266,Karnataka,Mysuru,2018,Zaid,Maize,1489.16,36.6,47.0,Sandy,Sprinkler,255.25,46.3,2751.17,3.47,36861.83,157472.0
3267,Karnataka,Mysuru,2018,Rabi,Maize,860.74,22.3,54.2,Sandy,Drip,211.31,34.21,2019.37,6.21,64800.33,156376.0
3268,Karnataka,Mysuru,2018,Kharif,Sugarcane,421.98,33.6,37.0,Alluvial,Drip,335.21,8.56,1689.82,4.76,29646.34,143818.0
3269,Karnataka,Mysuru,2018,Kharif,Sugarcane,1092.36,35.2,75.0,Sandy,Drip,85.14,50.94,1971.1,6.78,39659.78,115751.0
3270,Karnataka,Mysuru,2018,Kharif,Maize,2105.41,33.0,57.3,Laterite,Rain-fed,425.28,40.34,4179.35,7.12,18308.09,309465.0
3271,Karnataka,Mysuru,2018,Zaid,Wheat,1422.22,31.4,44.2,Alluvial,Drip,374.1,16.91,618.58,7.82,33640.6,50105.0
3272,Karnataka,Mysuru,2018,Rabi,Rice,1987.58,34.6,38.5,Laterite,Sprinkler,92.48,44.99,3574.9,3.98,42751.38,117158.99999999999
3273,Karnataka,Mysuru,2018,Kharif,Wheat,946.95,32.7,50.5,Sandy,Rain-fed,154.69,47.35,3443.53,5.19,29416.3,251073.0
3274,Karnataka,Mysuru,2018,Zaid,Maize,1290.12,29.3,40.1,Sandy,Canal,396.15,39.43,455.96,8.34,20508.32,60448.0
3275,Karnataka,Mysuru,2018,Rabi,Wheat,1522.54,34.9,58.4,Alluvial,Tube Well,321.26,40.23,4151.64,5.02,59304.57,340253.0
3276,Karnataka,Mysuru,2018,Rabi,Barley,1967.96,25.8,40.7,Alluvial,Sprinkler,353.7,42.67,4192.77,3.23,63428.51,163762.0
3277,Karnataka,Hubli,2018,Zaid,Wheat,1016.12,28.4,88.8,Sandy,Rain-fed,271.75,20.41,3423.88,3.06,46319.26,134581.0
3278,Karnataka,Hubli,2018,Rabi,Millets,717.95,38.0,36.8,Sandy,Sprinkler,73.49,9.59,416.05,6.94,57836.87,25766.000000000004
3279,Karnataka,Hubli,2018,Rabi,Barley,720.53,21.0,52.1,Sandy,Drip,171.5,56.14,2154.79,5.91,17328.65,136324.0
3280,Karnataka,Hubli,2018,Kharif,Maize,2191.73,19.5,66.5,Black,Tube Well,83.1,12.5,4319.89,4.15,23249.34,310552.0
3281,Karnataka,Hubli,2018,Rabi,Millets,1655.25,27.5,64.2,Red,Rain-fed,280.9,51.77,910.58,4.89,24443.77,64953.0
3282,Karnataka,Hubli,2018,Rabi,Sugarcane,1649.42,23.1,78.3,Sandy,Rain-fed,86.56,33.74,120.5,2.08,46341.55,2854.0
3283,Karnataka,Hubli,2018,Kharif,Rice,1609.96,25.4,88.6,Laterite,Rain-fed,134.29,35.01,4475.28,8.37,54717.19,392718.0
3284,Karnataka,Hubli,2018,Kharif,Wheat,1307.63,22.3,62.2,Red,Drip,96.96,22.58,917.49,3.53,48115.68,49144.0
3285,Karnataka,Hubli,2018,Zaid,Cotton,1657.6,19.9,46.2,Alluvial,Tube Well,189.77,45.82,3978.85,7.67,29272.49,377558.0
3286,Karnataka,Hubli,2018,Rabi,Sugarcane,1995.66,25.5,35.7,Sandy,Drip,333.78,52.12,1695.91,3.58,39729.69,109225.0
3287,Karnataka,Hubli,2018,Zaid,Cotton,475.0,35.2,64.8,Laterite,Canal,257.76,15.3,3699.89,5.01,51670.39,255162.0
3288,Karnataka,Hubli,2018,Zaid,Barley,1977.97,21.1,70.2,Black,Drip,397.57,57.35,3647.35,3.98,39749.56,169435.0
3289,Karnataka,Hubli,2018,Kharif,Barley,658.49,22.1,73.9,Laterite,Canal,83.08,27.48,2354.91,7.4,15366.36,203904.0
3290,Karnataka,Hubli,2018,Zaid,Sugarcane,1903.98,33.3,80.6,Sandy,Tube Well,399.76,56.55,2274.76,7.95,52127.34,298606.0
3291,Karnataka,Hubli,2018,Rabi,Sugarcane,1725.0,19.8,89.3,Black,Sprinkler,445.04,37.33,2415.44,5.03,57671.43,181066.0
3292,Karnataka,Hubli,2018,Zaid,Maize,1371.32,29.7,75.6,Laterite,Rain-fed,80.1,14.67,835.17,6.91,23819.21,84197.0
3293,Karnataka,Hubli,2018,Rabi,Millets,1638.28,25.3,45.7,Laterite,Drip,308.06,48.57,2005.71,7.09,29605.29,136308.0
3294,Karnataka,Hubli,2018,Zaid,Maize,675.75,28.8,83.2,Sandy,Tube Well,132.21,20.43,2098.45,3.07,26247.86,114838.00000000001
3295,Karnataka,Belagavi,2018,Kharif,Rice,777.46,19.1,39.1,Sandy,Sprinkler,321.11,56.85,317.39,6.52,42225.96,33057.0
3296,Karnataka,Belagavi,2018,Zaid,Cotton,1011.76,18.7,56.1,Sandy,Tube Well,389.56,15.98,3630.16,5.7,15741.97,195684.0
3297,Karnataka,Belagavi,2018,Kharif,Wheat,951.03,21.7,62.9,Red,Tube Well,330.44,48.72,618.47,1.62,34339.99,9926.0
3298,Karnataka,Belagavi,2018,Rabi,Pulses,1572.41,31.0,57.8,Black,Sprinkler,120.48,39.46,3464.24,4.0,27904.37,130279.0
3299,Karnataka,Belagavi,2018,Kharif,Wheat,1619.25,36.9,83.9,Laterite,Canal,353.88,33.54,1979.64,1.43,15635.26,47683.0
3300,Karnataka,Belagavi,2018,Zaid,Cotton,1472.51,21.5,87.7,Sandy,Rain-fed,331.6,6.41,3921.79,4.22,13555.31,240000.0
3301,Karnataka,Belagavi,2018,Rabi,Cotton,1807.7,23.4,79.1,Laterite,Tube Well,245.19,47.88,4218.02,2.47,57520.81,157732.0
3302,Karnataka,Belagavi,2018,Zaid,Sugarcane,1955.18,33.6,47.3,Red,Drip,427.1,44.33,472.02,7.93,14905.55,41340.0
3303,Karnataka,Belagavi,2018,Kharif,Wheat,1788.05,37.7,66.3,Sandy,Canal,245.28,57.72,1941.42,6.43,25855.36,114503.0
3304,Karnataka,Belagavi,2018,Rabi,Rice,1859.32,35.0,61.0,Red,Sprinkler,235.06,37.91,3595.66,6.26,24105.08,207766.0
3305,Karnataka,Belagavi,2018,Rabi,Millets,956.51,18.1,38.1,Black,Drip,324.42,10.88,453.62,5.05,35731.82,35534.0
3306,Karnataka,Belagavi,2018,Rabi,Maize,1289.07,24.3,64.9,Alluvial,Tube Well,86.76,9.36,1655.58,7.13,13281.32,120244.0
3307,Karnataka,Belagavi,2018,Kharif,Pulses,634.52,27.1,83.2,Alluvial,Tube Well,85.77,53.85,604.32,5.4,23938.08,56591.99999999999
3308,Karnataka,Belagavi,2018,Kharif,Maize,1763.93,19.3,56.8,Black,Canal,304.89,13.59,2761.77,1.33,23412.44,45870.0
3309,Karnataka,Belagavi,2018,Kharif,Rice,1898.54,24.2,39.1,Laterite,Tube Well,416.35,20.25,3119.04,1.8,49339.4,90724.0
3310,Karnataka,Belagavi,2018,Kharif,Maize,2010.07,21.1,69.8,Red,Drip,162.94,7.67,3593.72,8.18,12381.63,451480.0
3311,Karnataka,Belagavi,2018,Zaid,Sugarcane,2129.06,25.2,41.2,Red,Tube Well,210.9,15.31,747.03,8.31,13890.37,102000.0
3312,Karnataka,Belagavi,2018,Zaid,Rice,1273.63,18.7,84.2,Laterite,Tube Well,316.22,49.56,4743.29,1.93,23730.96,84732.0
3313,Karnataka,Mangalore,2018,Kharif,Sugarcane,499.2,35.3,67.3,Red,Sprinkler,424.75,48.61,1537.74,1.2,28398.17,26530.0
3314,Karnataka,Mangalore,2018,Kharif,Barley,1146.77,22.8,66.0,Black,Sprinkler,138.92,26.11,3338.58,4.98,62492.28,212900.0
3315,Karnataka,Mangalore,2018,Kharif,Rice,1458.48,35.5,36.1,Alluvial,Rain-fed,54.67,48.75,1562.38,4.06,48128.23,81710.0
3316,Karnataka,Mangalore,2018,Rabi,Barley,1335.13,31.0,49.7,Red,Sprinkler,195.09,58.08,3929.72,2.84,25550.74,159943.0
3317,Karnataka,Mangalore,2018,Kharif,Cotton,1099.32,32.9,70.4,Alluvial,Tube Well,73.46,32.61,3837.61,7.88,13126.6,306519.0
3318,Karnataka,Mangalore,2018,Rabi,Pulses,589.29,28.4,86.2,Red,Canal,52.79,45.93,4231.06,2.02,37790.01,98207.0
3319,Karnataka,Mangalore,2018,Zaid,Maize,1101.79,36.1,61.0,Sandy,Rain-fed,191.73,6.15,2066.08,7.66,46317.66,231359.0
3320,Karnataka,Mangalore,2018,Kharif,Sugarcane,1720.06,31.5,54.0,Alluvial,Drip,265.17,45.89,3218.65,7.27,45866.18,370786.0
3321,Karnataka,Mangalore,2018,Rabi,Wheat,862.76,37.4,65.6,Laterite,Rain-fed,244.47,53.94,4159.18,4.0,47702.18,170939.0
3322,Karnataka,Mangalore,2018,Rabi,Rice,854.54,33.7,74.7,Black,Canal,334.28,46.04,663.49,7.82,61587.15,90158.0
3323,Karnataka,Mangalore,2018,Zaid,Cotton,1053.99,25.4,35.8,Red,Rain-fed,273.97,7.8,811.22,5.71,12978.62,56814.0
3324,Karnataka,Mangalore,2018,Kharif,Millets,752.44,24.3,85.1,Sandy,Canal,151.71,49.63,3470.84,5.53,22765.81,274315.0
3325,Karnataka,Mangalore,2018,Rabi,Maize,869.93,19.1,63.7,Red,Canal,155.65,28.68,1555.92,1.5,56310.07,28435.000000000004
3326,Karnataka,Mangalore,2018,Zaid,Millets,506.65,26.6,44.2,Alluvial,Tube Well,195.2,23.46,4549.52,2.68,46896.21,120489.00000000001
3327,Karnataka,Mangalore,2018,Kharif,Barley,735.66,21.7,36.5,Laterite,Sprinkler,280.4,21.45,439.39,3.9,47985.27,15358.000000000002
3328,Karnataka,Mangalore,2018,Zaid,Wheat,1031.79,29.0,65.5,Alluvial,Canal,271.48,29.51,3106.47,2.74,56934.67,131327.0
3329,Karnataka,Mangalore,2018,Rabi,Maize,1842.44,26.5,71.4,Red,Tube Well,191.58,57.37,769.43,1.64,56559.1,14925.0
3330,Karnataka,Mangalore,2018,Kharif,Millets,1076.84,27.3,79.9,Red,Drip,202.97,23.2,333.91,3.11,30708.55,16041.0
3331,Tamil Nadu,Chennai,2018,Kharif,Maize,1041.13,35.7,83.4,Red,Drip,281.58,14.38,2216.46,1.26,39611.25,39898.0
3332,Tamil Nadu,Chennai,2018,Kharif,Maize,980.2,24.7,35.6,Sandy,Canal,124.26,55.9,4358.22,5.15,33698.51,366497.0
3333,Tamil Nadu,Chennai,2018,Rabi,Wheat,1802.11,21.7,82.1,Laterite,Drip,373.73,47.43,4420.65,7.41,29959.7,267007.0
3334,Tamil Nadu,Chennai,2018,Rabi,Wheat,1721.11,28.8,79.7,Sandy,Drip,140.8,54.57,1518.59,1.96,34830.59,37942.0
3335,Tamil Nadu,Chennai,2018,Rabi,Rice,1447.02,30.9,75.4,Red,Rain-fed,181.35,51.45,4417.64,5.42,13855.2,276308.0
3336,Tamil Nadu,Chennai,2018,Rabi,Pulses,2085.17,23.5,81.7,Black,Sprinkler,286.44,59.36,670.15,3.46,39021.24,37064.0
3337,Tamil Nadu,Chennai,2018,Zaid,Cotton,842.23,33.4,85.9,Black,Sprinkler,176.97,49.05,2124.44,4.3,28666.58,156639.0
3338,Tamil Nadu,Chennai,2018,Zaid,Barley,724.1,26.2,44.0,Sandy,Canal,240.35,14.21,1395.91,2.87,52070.44,39688.0
3339,Tamil Nadu,Chennai,2018,Rabi,Wheat,987.64,26.1,52.7,Laterite,Sprinkler,372.3,11.01,4688.43,1.66,24379.4,77143.0
3340,Tamil Nadu,Chennai,2018,Zaid,Sugarcane,670.56,29.5,62.9,Alluvial,Sprinkler,203.86,43.23,520.66,5.82,34867.08,52502.0
3341,Tamil Nadu,Chennai,2018,Kharif,Rice,1247.42,18.1,72.4,Sandy,Canal,124.43,18.08,3771.83,4.42,50630.97,169219.0
3342,Tamil Nadu,Chennai,2018,Zaid,Rice,792.14,19.5,89.7,Sandy,Drip,127.11,9.13,1787.85,6.12,49934.59,175591.0
3343,Tamil Nadu,Chennai,2018,Kharif,Barley,623.8,20.2,89.9,Red,Rain-fed,234.51,55.89,935.82,4.45,25532.94,55748.0
3344,Tamil Nadu,Chennai,2018,Kharif,Rice,905.03,37.3,86.2,Laterite,Sprinkler,367.4,27.97,1596.06,7.79,64460.49,107450.0
3345,Tamil Nadu,Chennai,2018,Zaid,Pulses,1466.42,26.1,47.7,Black,Canal,304.84,6.04,2772.64,5.92,59064.57,175390.0
3346,Tamil Nadu,Chennai,2018,Kharif,Rice,936.78,31.4,61.1,Red,Canal,344.32,53.95,2082.54,7.78,12518.0,215410.0
3347,Tamil Nadu,Chennai,2018,Kharif,Wheat,1751.9,31.4,50.5,Red,Tube Well,429.2,49.35,1004.46,5.05,21035.07,43908.0
3348,Tamil Nadu,Chennai,2018,Kharif,Wheat,2069.51,34.2,60.2,Black,Tube Well,355.64,28.87,1087.92,3.11,22342.78,30237.0
3349,Tamil Nadu,Coimbatore,2018,Zaid,Maize,1773.61,29.8,46.1,Black,Rain-fed,347.77,5.38,1762.88,5.94,12174.12,177817.0
3350,Tamil Nadu,Coimbatore,2018,Kharif,Rice,1578.16,26.0,62.0,Black,Drip,152.03,15.17,2438.66,5.29,63615.29,174800.0
3351,Tamil Nadu,Coimbatore,2018,Zaid,Millets,1568.16,35.8,43.9,Sandy,Drip,244.95,43.26,2836.14,5.28,31280.27,254283.0
3352,Tamil Nadu,Coimbatore,2018,Rabi,Pulses,1639.08,28.7,36.9,Alluvial,Tube Well,119.96,16.01,2484.74,4.18,46538.17,108469.0
3353,Tamil Nadu,Coimbatore,2018,Kharif,Millets,1126.6,21.1,62.1,Alluvial,Rain-fed,289.14,5.79,883.33,7.87,48342.6,92511.0
3354,Tamil Nadu,Coimbatore,2018,Zaid,Wheat,846.73,19.8,61.4,Red,Sprinkler,79.81,34.21,3379.08,4.44,45586.28,210304.0
3355,Tamil Nadu,Coimbatore,2018,Rabi,Sugarcane,2095.18,37.9,77.7,Laterite,Sprinkler,407.1,58.1,3984.65,6.95,46251.14,364691.0
3356,Tamil Nadu,Coimbatore,2018,Kharif,Pulses,849.87,24.3,80.5,Red,Sprinkler,218.7,33.41,828.36,8.11,53142.98,56615.0
3357,Tamil Nadu,Coimbatore,2018,Zaid,Barley,578.44,31.6,53.7,Laterite,Tube Well,369.91,41.96,3961.64,6.69,24253.54,225805.00000000003
3358,Tamil Nadu,Coimbatore,2018,Kharif,Wheat,516.13,29.5,56.2,Red,Rain-fed,64.96,9.66,3548.4,1.77,19972.04,105978.0
3359,Tamil Nadu,Coimbatore,2018,Rabi,Millets,589.35,37.7,82.5,Laterite,Drip,64.86,35.9,3810.68,2.14,41070.44,90321.0
3360,Tamil Nadu,Coimbatore,2018,Rabi,Sugarcane,1869.3,28.9,88.6,Alluvial,Tube Well,220.29,8.86,4640.67,7.06,18886.5,410228.0
3361,Tamil Nadu,Coimbatore,2018,Rabi,Sugarcane,1500.2,31.0,53.3,Red,Canal,76.51,18.21,2830.93,7.48,14609.56,245578.00000000003
3362,Tamil Nadu,Coimbatore,2018,Rabi,Barley,1468.59,23.0,47.1,Laterite,Canal,405.08,27.26,3570.99,6.13,37208.25,357751.0
3363,Tamil Nadu,Coimbatore,2018,Zaid,Cotton,1036.38,24.9,59.9,Black,Tube Well,335.79,53.91,1874.74,2.21,44297.37,73108.0
3364,Tamil Nadu,Coimbatore,2018,Zaid,Rice,1364.3,31.6,79.3,Laterite,Canal,414.8,15.55,1529.02,5.15,41975.26,76083.0
3365,Tamil Nadu,Coimbatore,2018,Zaid,Cotton,634.95,23.3,35.2,Black,Sprinkler,190.56,51.6,2533.01,1.65,18388.74,53472.0
3366,Tamil Nadu,Coimbatore,2018,Kharif,Pulses,1821.07,29.8,65.1,Black,Sprinkler,78.65,26.89,631.29,1.22,24409.81,11713.0
3367,Tamil Nadu,Madurai,2018,Zaid,Cotton,404.6,34.7,62.9,Sandy,Canal,377.78,57.63,1589.7,4.78,16771.43,72702.0
3368,Tamil Nadu,Madurai,2018,Rabi,Barley,973.88,35.2,35.8,Sandy,Drip,215.28,51.93,3112.12,5.53,60650.91,138210.0
3369,Tamil Nadu,Madurai,2018,Kharif,Sugarcane,1621.15,22.7,69.2,Laterite,Rain-fed,62.91,42.19,3992.27,5.49,21625.37,372988.0
3370,Tamil Nadu,Madurai,2018,Zaid,Millets,1055.99,24.4,51.6,Alluvial,Rain-fed,201.21,39.9,2820.7,8.3,48330.76,343289.0
3371,Tamil Nadu,Madurai,2018,Rabi,Barley,506.77,35.8,89.5,Alluvial,Canal,241.54,33.79,3165.21,8.18,27043.99,220282.00000000003
3372,Tamil Nadu,Madurai,2018,Rabi,Barley,2070.59,34.6,57.4,Alluvial,Drip,439.51,42.07,427.51,3.7,64121.5,19622.0
3373,Tamil Nadu,Madurai,2018,Rabi,Cotton,925.37,25.5,68.0,Sandy,Tube Well,330.95,10.03,514.65,2.75,52234.8,24004.0
3374,Tamil Nadu,Madurai,2018,Rabi,Pulses,1224.71,34.9,54.9,Black,Drip,207.28,5.92,2827.31,3.16,64974.57,108813.00000000001
3375,Tamil Nadu,Madurai,2018,Zaid,Maize,1863.17,24.2,73.7,Alluvial,Sprinkler,431.04,37.36,1948.12,1.57,49322.82,50617.0
3376,Tamil Nadu,Madurai,2018,Rabi,Millets,1764.04,28.4,37.0,Red,Canal,93.19,40.17,1045.52,8.36,61696.89,115938.00000000001
3377,Tamil Nadu,Madurai,2018,Zaid,Maize,1843.59,25.8,84.9,Black,Canal,401.93,52.66,3101.08,7.52,20382.78,359693.0
3378,Tamil Nadu,Madurai,2018,Zaid,Cotton,929.75,36.9,38.9,Sandy,Sprinkler,115.33,48.51,1445.92,7.4,29147.73,174557.0
3379,Tamil Nadu,Madurai,2018,Zaid,Wheat,2055.45,27.5,53.8,Black,Tube Well,204.94,51.86,3803.33,4.74,61742.45,154570.0
3380,Tamil Nadu,Madurai,2018,Rabi,Pulses,1204.14,28.5,45.9,Laterite,Tube Well,329.12,40.6,1914.42,8.24,14788.12,141823.0
3381,Tamil Nadu,Madurai,2018,Zaid,Millets,2117.91,37.9,68.3,Laterite,Tube Well,371.82,41.1,3254.43,6.63,50134.2,201226.0
3382,Tamil Nadu,Madurai,2018,Rabi,Sugarcane,1242.25,29.8,60.9,Red,Canal,181.37,29.84,4910.85,7.11,13595.72,490499.0
3383,Tamil Nadu,Madurai,2018,Rabi,Maize,1368.57,30.5,72.8,Sandy,Rain-fed,410.86,16.19,4636.25,5.06,31984.59,325618.0
3384,Tamil Nadu,Madurai,2018,Kharif,Rice,823.98,25.8,61.8,Sandy,Tube Well,356.61,33.65,4221.78,5.61,42905.56,332176.0
3385,Tamil Nadu,Salem,2018,Rabi,Barley,817.5,36.3,89.3,Sandy,Canal,168.81,34.66,1272.81,5.46,51531.92,118083.99999999999
3386,Tamil Nadu,Salem,2018,Rabi,Cotton,1821.92,23.2,50.3,Alluvial,Canal,233.22,29.9,1875.28,3.19,50496.15,76597.0
3387,Tamil Nadu,Salem,2018,Kharif,Pulses,854.58,34.5,44.0,Red,Tube Well,240.1,54.77,2336.23,8.36,58220.45,204232.0
3388,Tamil Nadu,Salem,2018,Zaid,Wheat,830.62,28.9,89.0,Alluvial,Sprinkler,426.25,6.7,1639.32,5.02,43711.49,122555.0
3389,Tamil Nadu,Salem,2018,Zaid,Pulses,1362.89,27.6,35.0,Black,Rain-fed,337.83,24.7,620.93,5.4,47634.39,34050.0
3390,Tamil Nadu,Salem,2018,Kharif,Barley,2143.14,27.0,68.7,Alluvial,Tube Well,448.63,59.58,3488.9,3.42,47854.69,142518.0
3391,Tamil Nadu,Salem,2018,Kharif,Millets,520.69,26.1,57.3,Sandy,Tube Well,342.45,45.42,4269.15,4.2,33398.98,185120.0
3392,Tamil Nadu,Salem,2018,Rabi,Sugarcane,1824.02,20.4,35.6,Alluvial,Sprinkler,129.15,45.93,2109.37,3.41,55420.98,94639.0
3393,Tamil Nadu,Salem,2018,Kharif,Cotton,1124.32,25.3,80.4,Red,Sprinkler,276.81,29.89,3910.89,2.84,27737.98,195902.0
3394,Tamil Nadu,Salem,2018,Zaid,Pulses,917.08,20.6,70.9,Sandy,Drip,202.12,7.66,2750.29,1.43,16041.61,38410.0
3395,Tamil Nadu,Salem,2018,Kharif,Cotton,2052.2,21.3,35.5,Red,Rain-fed,59.43,42.08,898.21,1.34,25043.05,14266.999999999998
3396,Tamil Nadu,Salem,2018,Kharif,Barley,1344.35,30.4,67.9,Red,Canal,65.34,9.38,930.1,2.79,16742.12,44274.0
3397,Tamil Nadu,Salem,2018,Kharif,Cotton,2006.22,20.5,52.2,Black,Tube Well,232.47,33.27,1407.77,7.05,36494.99,130735.99999999999
3398,Tamil Nadu,Salem,2018,Zaid,Millets,1865.51,32.6,81.3,Red,Drip,347.1,15.85,1283.39,2.94,29422.46,65602.0
3399,Tamil Nadu,Salem,2018,Zaid,Wheat,568.62,23.4,78.8,Red,Canal,229.1,57.97,511.47,7.54,50016.26,67282.0
3400,Tamil Nadu,Salem,2018,Zaid,Barley,906.42,18.3,39.3,Laterite,Rain-fed,172.77,40.0,4695.55,8.44,59050.46,581920.0
3401,Tamil Nadu,Salem,2018,Kharif,Maize,781.51,30.7,58.5,Black,Sprinkler,330.46,54.36,1479.07,6.66,18756.15,143729.0
3402,Tamil Nadu,Salem,2018,Zaid,Cotton,1727.37,26.2,72.1,Black,Sprinkler,224.24,21.65,353.82,7.57,62002.68,41614.0
3403,Tamil Nadu,Tiruchirappalli,2018,Rabi,Rice,2006.7,31.6,80.5,Black,Sprinkler,442.83,23.68,4094.99,3.11,21548.89,182064.0
3404,Tamil Nadu,Tiruchirappalli,2018,Zaid,Barley,1850.99,30.9,62.3,Laterite,Rain-fed,445.9,9.66,3817.2,6.91,64953.42,285853.0
3405,Tamil Nadu,Tiruchirappalli,2018,Zaid,Rice,840.75,33.3,77.6,Black,Rain-fed,235.28,20.03,532.23,7.55,28816.47,47187.0
3406,Tamil Nadu,Tiruchirappalli,2018,Zaid,Wheat,1764.78,31.4,52.3,Laterite,Canal,157.77,44.18,482.59,1.63,44691.57,11499.0
3407,Tamil Nadu,Tiruchirappalli,2018,Rabi,Rice,1523.62,33.6,54.2,Sandy,Rain-fed,286.75,17.02,2254.18,3.6,53905.7,83750.0
3408,Tamil Nadu,Tiruchirappalli,2018,Kharif,Barley,956.88,37.3,67.8,Alluvial,Sprinkler,150.1,54.06,3816.4,5.19,48461.64,208802.0
3409,Tamil Nadu,Tiruchirappalli,2018,Rabi,Maize,1803.33,32.6,46.6,Black,Sprinkler,280.0,56.37,334.37,4.65,38315.03,12673.0
3410,Tamil Nadu,Tiruchirappalli,2018,Kharif,Wheat,1928.44,22.8,49.9,Red,Rain-fed,342.45,39.78,4733.41,6.65,20430.1,374065.0
3411,Tamil Nadu,Tiruchirappalli,2018,Zaid,Pulses,1672.35,36.8,74.9,Laterite,Sprinkler,203.03,13.12,2574.45,5.63,31687.78,231421.99999999997
3412,Tamil Nadu,Tiruchirappalli,2018,Zaid,Sugarcane,1901.74,34.2,67.7,Sandy,Sprinkler,290.94,47.51,1116.85,1.42,48148.05,13947.0
3413,Tamil Nadu,Tiruchirappalli,2018,Kharif,Pulses,1771.35,28.9,64.2,Sandy,Drip,124.72,53.44,4707.18,1.31,56863.54,70304.0
3414,Tamil Nadu,Tiruchirappalli,2018,Zaid,Millets,1333.18,18.2,82.0,Red,Tube Well,274.34,35.93,4086.75,5.81,43191.2,372039.0
3415,Tamil Nadu,Tiruchirappalli,2018,Kharif,Wheat,1898.64,33.1,53.8,Laterite,Canal,217.82,41.81,3426.68,3.95,36791.18,229554.0
3416,Tamil Nadu,Tiruchirappalli,2018,Zaid,Millets,1042.03,27.0,53.1,Black,Canal,367.87,35.37,256.14,2.16,37738.77,9328.0
3417,Tamil Nadu,Tiruchirappalli,2018,Zaid,Cotton,1120.7,35.9,85.1,Red,Tube Well,404.67,58.95,1119.97,1.35,33141.72,16022.0
3418,Tamil Nadu,Tiruchirappalli,2018,Kharif,Millets,742.26,21.4,43.2,Sandy,Tube Well,301.65,19.05,4490.94,3.16,48149.56,146955.0
3419,Tamil Nadu,Tiruchirappalli,2018,Zaid,Rice,2036.07,31.1,76.2,Alluvial,Tube Well,50.17,8.72,383.83,2.63,33070.88,17260.0
3420,Tamil Nadu,Tiruchirappalli,2018,Rabi,Cotton,2070.06,35.9,39.5,Sandy,Drip,305.45,59.01,2134.03,4.27,37621.05,163202.0
3421,Rajasthan,Jaipur,2018,Kharif,Pulses,729.31,24.8,55.2,Alluvial,Canal,445.46,43.9,2764.17,1.98,48288.69,92771.0
3422,Rajasthan,Jaipur,2018,Rabi,Rice,1725.72,19.6,82.6,Red,Canal,138.48,9.98,875.86,5.35,14477.8,76807.0
3423,Rajasthan,Jaipur,2018,Kharif,Barley,1977.3,32.2,49.7,Laterite,Tube Well,429.76,35.24,218.58,3.37,41479.63,10780.0
3424,Rajasthan,Jaipur,2018,Kharif,Maize,782.07,35.0,51.5,Laterite,Tube Well,384.71,18.87,1475.79,2.04,32181.33,47891.0
3425,Rajasthan,Jaipur,2018,Zaid,Sugarcane,1284.6,27.1,64.2,Alluvial,Sprinkler,297.42,8.98,699.02,2.06,15178.04,13837.0
3426,Rajasthan,Jaipur,2018,Rabi,Cotton,1247.66,34.2,80.7,Laterite,Tube Well,338.0,44.95,3310.98,4.53,50947.04,235090.0
3427,Rajasthan,Jaipur,2018,Zaid,Pulses,1370.83,25.4,76.6,Red,Sprinkler,229.94,6.17,1203.84,6.54,33118.65,99293.0
3428,Rajasthan,Jaipur,2018,Kharif,Cotton,1782.78,36.6,88.7,Laterite,Sprinkler,383.38,6.14,2957.23,5.71,44800.03,276653.0
3429,Rajasthan,Jaipur,2018,Kharif,Cotton,1371.88,35.1,52.3,Alluvial,Rain-fed,136.88,7.36,121.85,3.51,23342.37,4553.0
3430,Rajasthan,Jaipur,2018,Zaid,Maize,446.87,27.3,36.8,Sandy,Tube Well,59.38,26.6,3869.34,3.75,25880.24,166462.0
3431,Rajasthan,Jaipur,2018,Kharif,Cotton,1821.82,19.8,58.3,Alluvial,Drip,261.6,23.78,610.08,7.43,19476.38,80967.0
3432,Rajasthan,Jaipur,2018,Kharif,Pulses,1312.52,19.8,79.1,Red,Sprinkler,120.11,26.36,1203.11,3.01,13546.87,56735.0
3433,Rajasthan,Jaipur,2018,Kharif,Wheat,1363.48,31.8,74.2,Alluvial,Tube Well,402.22,9.35,914.7,3.88,13096.99,39201.0
3434,Rajasthan,Jaipur,2018,Zaid,Pulses,1626.55,33.6,85.7,Alluvial,Tube Well,100.75,10.5,2281.59,6.33,39376.21,115654.0
3435,Rajasthan,Jaipur,2018,Kharif,Barley,2020.54,37.5,85.2,Alluvial,Tube Well,101.48,23.36,4667.34,4.73,55890.53,276310.0
3436,Rajasthan,Jaipur,2018,Rabi,Wheat,2084.79,28.7,63.9,Sandy,Rain-fed,223.26,28.06,3717.06,3.44,27413.71,215631.0
3437,Rajasthan,Jaipur,2018,Zaid,Barley,1388.66,24.7,70.0,Laterite,Tube Well,166.73,15.22,944.73,4.55,61045.33,57529.99999999999
3438,Rajasthan,Jaipur,2018,Rabi,Sugarcane,1624.93,29.5,39.9,Alluvial,Canal,300.6,26.22,1200.31,2.38,47407.81,29972.000000000004
3439,Rajasthan,Jodhpur,2018,Kharif,Cotton,1617.44,18.3,68.8,Sandy,Sprinkler,334.99,58.14,3426.54,7.01,54968.05,276506.0
3440,Rajasthan,Jodhpur,2018,Kharif,Barley,1711.11,30.6,47.2,Alluvial,Rain-fed,139.44,40.78,2489.55,4.79,29849.81,165877.0
3441,Rajasthan,Jodhpur,2018,Zaid,Pulses,1636.06,30.6,47.6,Alluvial,Tube Well,371.74,32.78,1526.94,4.07,60975.67,111122.0
3442,Rajasthan,Jodhpur,2018,Zaid,Maize,1385.58,33.3,39.8,Sandy,Canal,337.86,45.11,2048.27,6.03,53953.24,122648.0
3443,Rajasthan,Jodhpur,2018,Zaid,Pulses,2094.96,30.8,46.9,Sandy,Tube Well,422.42,20.08,2880.39,4.17,29051.78,159443.0
3444,Rajasthan,Jodhpur,2018,Rabi,Millets,1507.97,36.4,88.1,Black,Canal,149.53,31.8,1544.49,6.32,16987.08,119516.00000000001
3445,Rajasthan,Jodhpur,2018,Rabi,Millets,1741.34,22.8,68.9,Sandy,Tube Well,164.42,21.58,3053.26,2.67,32714.49,84478.0
3446,Rajasthan,Jodhpur,2018,Rabi,Wheat,1487.26,37.0,44.5,Red,Sprinkler,389.41,10.73,3392.89,5.29,43229.31,243467.99999999997
3447,Rajasthan,Jodhpur,2018,Zaid,Maize,1079.73,26.8,84.8,Laterite,Tube Well,139.3,52.39,1017.5,5.0,18923.63,79800.0
3448,Rajasthan,Jodhpur,2018,Zaid,Barley,801.29,18.1,78.9,Black,Drip,299.15,58.61,3737.2,3.11,64327.55,142416.0
3449,Rajasthan,Jodhpur,2018,Kharif,Cotton,1121.68,30.2,63.4,Black,Rain-fed,182.43,46.94,2119.89,2.5,37263.2,46222.0
3450,Rajasthan,Jodhpur,2018,Rabi,Maize,1532.17,23.9,49.3,Red,Rain-fed,231.71,44.14,4186.65,1.25,13219.47,84025.0
3451,Rajasthan,Jodhpur,2018,Rabi,Wheat,1272.45,26.4,64.4,Sandy,Drip,257.06,11.33,2773.56,3.02,21476.42,103505.0
3452,Rajasthan,Jodhpur,2018,Zaid,Sugarcane,1030.27,23.7,44.7,Sandy,Canal,416.92,47.97,4608.81,3.84,27207.69,310327.0
3453,Rajasthan,Jodhpur,2018,Rabi,Barley,1970.77,31.3,83.4,Alluvial,Canal,372.77,22.01,2487.29,6.31,30700.85,189496.0
3454,Rajasthan,Jodhpur,2018,Zaid,Rice,458.69,20.0,72.0,Sandy,Drip,234.99,17.23,3240.31,6.17,16213.44,193813.0
3455,Rajasthan,Jodhpur,2018,Rabi,Pulses,1335.6,23.6,89.1,Alluvial,Rain-fed,334.01,42.08,759.88,4.67,19179.52,44090.0
3456,Rajasthan,Jodhpur,2018,Rabi,Barley,1564.91,37.9,45.7,Alluvial,Sprinkler,383.52,5.25,2994.15,6.17,26934.56,237842.99999999997
3457,Rajasthan,Udaipur,2018,Rabi,Wheat,1582.63,18.6,79.1,Alluvial,Sprinkler,401.18,34.58,3694.76,2.42,45666.31,148624.0
3458,Rajasthan,Udaipur,2018,Zaid,Barley,986.43,33.0,36.8,Laterite,Drip,327.81,18.48,2161.83,3.55,55535.64,110508.99999999999
3459,Rajasthan,Udaipur,2018,Zaid,Wheat,2071.84,22.8,83.3,Alluvial,Canal,178.1,14.81,2128.87,8.41,41384.45,208589.0
3460,Rajasthan,Udaipur,2018,Zaid,Wheat,412.47,22.9,35.0,Black,Drip,421.1,30.08,853.5,8.3,57859.14,108823.0
3461,Rajasthan,Udaipur,2018,Kharif,Wheat,2035.03,38.0,35.6,Black,Sprinkler,78.21,59.18,2757.73,7.77,34477.39,329543.0
3462,Rajasthan,Udaipur,2018,Kharif,Millets,1081.23,31.0,44.2,Laterite,Canal,196.51,8.8,4270.98,6.29,63703.57,481447.0
3463,Rajasthan,Udaipur,2018,Kharif,Maize,1217.82,20.7,71.5,Red,Sprinkler,382.73,43.2,1610.44,7.2,20198.25,157533.0
3464,Rajasthan,Udaipur,2018,Zaid,Sugarcane,951.43,21.3,83.5,Red,Rain-fed,130.09,37.04,4488.7,7.19,37828.36,469585.99999999994
3465,Rajasthan,Udaipur,2018,Kharif,Rice,495.43,20.8,77.6,Sandy,Drip,141.88,18.19,1879.89,5.03,30467.21,155571.0
3466,Rajasthan,Udaipur,2018,Zaid,Cotton,1120.0,22.3,63.4,Laterite,Rain-fed,293.59,53.81,500.06,5.58,30557.67,49111.0
3467,Rajasthan,Udaipur,2018,Zaid,Sugarcane,433.39,30.7,67.3,Red,Canal,84.52,44.58,3047.11,6.73,63977.48,343544.0
3468,Rajasthan,Udaipur,2018,Kharif,Barley,1242.43,24.6,71.2,Red,Rain-fed,310.83,15.29,3019.41,7.89,44602.36,364636.0
3469,Rajasthan,Udaipur,2018,Rabi,Cotton,2059.85,19.6,38.9,Sandy,Tube Well,430.95,57.71,2418.71,2.38,26816.82,91137.0
3470,Rajasthan,Udaipur,2018,Zaid,Cotton,1456.43,18.9,37.4,Alluvial,Tube Well,397.5,28.15,2807.87,6.89,63418.38,221823.0
3471,Rajasthan,Udaipur,2018,Kharif,Maize,2177.12,34.6,65.7,Red,Tube Well,314.8,24.55,4030.61,1.79,59882.45,78297.0
3472,Rajasthan,Udaipur,2018,Kharif,Pulses,1634.1,31.2,68.9,Sandy,Rain-fed,182.07,59.7,4532.74,6.74,58281.9,373228.0
3473,Rajasthan,Udaipur,2018,Zaid,Barley,1872.31,32.6,35.1,Black,Rain-fed,185.78,40.93,644.98,6.9,32149.55,42383.0
3474,Rajasthan,Udaipur,2018,Kharif,Cotton,1812.5,31.6,35.3,Red,Rain-fed,439.24,23.97,2903.55,1.49,59502.56,54013.0
3475,Rajasthan,Kota,2018,Rabi,Barley,491.11,36.8,79.5,Black,Canal,239.22,31.65,880.74,3.3,37397.84,31647.000000000004
3476,Rajasthan,Kota,2018,Rabi,Sugarcane,999.94,20.6,64.5,Black,Rain-fed,61.85,38.99,4307.41,6.12,13958.54,392993.0
3477,Rajasthan,Kota,2018,Rabi,Millets,953.31,33.4,39.4,Sandy,Tube Well,55.74,19.53,3896.95,1.53,20161.04,59311.0
3478,Rajasthan,Kota,2018,Rabi,Pulses,1222.04,22.3,77.7,Laterite,Rain-fed,223.09,35.54,3297.15,2.57,38566.25,108478.0
3479,Rajasthan,Kota,2018,Rabi,Pulses,1024.68,24.6,57.7,Sandy,Tube Well,179.51,26.13,2748.97,1.38,62693.94,59263.0
3480,Rajasthan,Kota,2018,Rabi,Maize,1584.12,24.2,88.5,Red,Drip,239.19,17.33,351.23,2.48,30674.58,10498.0
3481,Rajasthan,Kota,2018,Kharif,Sugarcane,914.29,30.4,54.2,Red,Rain-fed,283.99,39.95,4881.31,3.29,36121.43,174510.0
3482,Rajasthan,Kota,2018,Kharif,Wheat,992.09,32.9,46.7,Sandy,Tube Well,128.33,7.22,3056.45,3.64,17612.93,96310.0
3483,Rajasthan,Kota,2018,Kharif,Rice,756.08,30.9,82.1,Black,Drip,195.59,38.93,1695.89,3.24,21442.71,72777.0
3484,Rajasthan,Kota,2018,Zaid,Maize,919.86,30.3,68.8,Laterite,Tube Well,388.86,53.97,3622.12,1.79,12307.86,58866.99999999999
3485,Rajasthan,Kota,2018,Rabi,Millets,930.12,34.4,55.8,Alluvial,Rain-fed,381.93,35.0,4863.25,7.52,39547.68,513325.0
3486,Rajasthan,Kota,2018,Zaid,Sugarcane,1632.01,29.5,49.9,Sandy,Sprinkler,151.16,38.25,4849.51,3.43,37438.0,249048.99999999997
3487,Rajasthan,Kota,2018,Zaid,Sugarcane,1687.59,26.4,56.5,Red,Sprinkler,344.92,43.53,2679.58,4.71,36348.52,139729.0
3488,Rajasthan,Kota,2018,Kharif,Wheat,1371.4,21.8,78.4,Alluvial,Rain-fed,215.7,22.49,3655.61,7.81,35692.33,389536.0
3489,Rajasthan,Kota,2018,Zaid,Sugarcane,1593.85,20.7,58.1,Red,Rain-fed,198.2,43.33,2501.45,1.65,60054.12,74086.0
3490,Rajasthan,Kota,2018,Kharif,Pulses,1367.95,37.4,59.3,Alluvial,Tube Well,279.29,25.59,4367.74,1.89,21040.21,108624.0
3491,Rajasthan,Kota,2018,Zaid,Sugarcane,1211.84,22.2,78.0,Red,Rain-fed,327.97,18.3,2949.45,3.44,21065.61,105108.0
3492,Rajasthan,Kota,2018,Rabi,Maize,763.28,34.2,73.1,Black,Tube Well,72.32,46.2,1515.98,3.53,38496.94,91887.0
3493,Rajasthan,Ajmer,2018,Kharif,Cotton,1788.63,24.7,85.1,Alluvial,Tube Well,163.2,11.91,4125.93,2.67,38278.22,94157.0
3494,Rajasthan,Ajmer,2018,Rabi,Cotton,1541.11,37.1,42.1,Red,Drip,347.44,7.45,1963.66,6.9,57217.49,160948.0
3495,Rajasthan,Ajmer,2018,Rabi,Sugarcane,903.7,26.3,45.0,Alluvial,Tube Well,449.9,53.76,1939.27,8.21,25018.83,185746.0
3496,Rajasthan,Ajmer,2018,Zaid,Maize,1466.35,28.9,86.8,Black,Rain-fed,65.09,14.41,838.66,3.83,50269.03,28527.999999999996
3497,Rajasthan,Ajmer,2018,Kharif,Rice,1254.73,31.0,71.8,Laterite,Canal,419.2,25.12,1389.87,6.63,46932.72,123108.99999999999
3498,Rajasthan,Ajmer,2018,Rabi,Maize,1879.5,37.8,53.4,Black,Canal,312.06,13.46,925.44,1.46,28936.51,20595.0
3499,Rajasthan,Ajmer,2018,Zaid,Barley,2010.77,37.2,89.6,Black,Drip,295.12,5.23,1891.3,5.08,44028.72,122333.0
3500,Rajasthan,Ajmer,2018,Rabi,Cotton,492.71,27.8,76.4,Laterite,Drip,217.53,48.71,4903.03,6.05,23603.51,345869.0
3501,Rajasthan,Ajmer,2018,Zaid,Pulses,1462.12,19.3,77.4,Sandy,Canal,272.62,53.56,3101.37,6.88,27745.67,339309.0
3502,Rajasthan,Ajmer,2018,Zaid,Wheat,1973.61,32.3,61.9,Black,Tube Well,433.6,50.41,4220.46,7.82,12174.79,469893.99999999994
3503,Rajasthan,Ajmer,2018,Rabi,Barley,401.74,31.5,35.6,Laterite,Rain-fed,150.75,53.65,1914.33,1.95,54787.16,30443.0
3504,Rajasthan,Ajmer,2018,Zaid,Pulses,1328.48,33.3,69.9,Black,Drip,349.04,40.5,1683.07,8.01,57978.38,174832.0
3505,Rajasthan,Ajmer,2018,Zaid,Sugarcane,704.63,21.6,48.9,Laterite,Canal,57.26,26.96,3481.98,5.39,57972.39,305281.0
3506,Rajasthan,Ajmer,2018,Kharif,Sugarcane,1087.24,22.8,67.5,Sandy,Tube Well,354.71,48.83,545.46,3.4,50093.25,30292.0
3507,Rajasthan,Ajmer,2018,Zaid,Rice,640.44,20.9,43.7,Red,Rain-fed,214.46,52.09,4862.08,2.08,12104.88,158924.0
3508,Rajasthan,Ajmer,2018,Kharif,Cotton,645.46,23.2,67.7,Alluvial,Drip,118.32,18.19,828.45,6.25,53021.88,44308.0
3509,Rajasthan,Ajmer,2018,Zaid,Maize,1205.66,36.8,44.4,Alluvial,Drip,313.72,13.86,3345.23,3.63,45956.77,198684.0
3510,Rajasthan,Ajmer,2018,Zaid,Pulses,814.46,21.2,52.7,Sandy,Rain-fed,202.25,39.99,2475.0,4.2,43184.31,176119.0
3511,West Bengal,Kolkata,2018,Rabi,Barley,1723.45,34.0,50.7,Black,Tube Well,409.84,34.55,4835.91,7.48,58014.62,455185.99999999994
3512,West Bengal,Kolkata,2018,Kharif,Rice,2029.19,18.1,45.4,Laterite,Drip,306.78,7.19,363.39,3.0,61284.17,12828.0
3513,West Bengal,Kolkata,2018,Zaid,Rice,1698.38,24.7,60.8,Black,Rain-fed,339.61,28.18,2500.43,8.01,53378.11,246214.0
3514,West Bengal,Kolkata,2018,Zaid,Pulses,1860.97,31.4,66.5,Black,Canal,333.08,52.57,1057.86,6.5,21662.16,75687.0
3515,West Bengal,Kolkata,2018,Zaid,Cotton,1177.92,29.9,44.1,Red,Drip,446.64,57.04,4285.31,2.64,50198.19,99863.0
3516,West Bengal,Kolkata,2018,Kharif,Maize,791.45,30.0,36.5,Alluvial,Rain-fed,107.82,42.49,3879.91,7.49,27437.22,519247.99999999994
3517,West Bengal,Kolkata,2018,Zaid,Cotton,533.94,24.2,85.8,Sandy,Drip,124.21,59.3,1333.04,3.9,35467.09,42957.0
3518,West Bengal,Kolkata,2018,Rabi,Sugarcane,2029.1,31.9,54.2,Red,Canal,161.82,54.99,3501.28,5.68,22026.1,286918.0
3519,West Bengal,Kolkata,2018,Zaid,Pulses,2061.66,35.2,65.4,Red,Sprinkler,374.98,53.67,4332.79,2.71,39681.25,153638.0
3520,West Bengal,Kolkata,2018,Zaid,Rice,1716.46,34.1,68.5,Red,Canal,186.14,46.93,2938.6,6.64,30034.72,250190.0
3521,West Bengal,Kolkata,2018,Kharif,Maize,1021.65,36.2,42.1,Sandy,Tube Well,122.76,43.4,1036.33,1.24,12237.36,15694.999999999998
3522,West Bengal,Kolkata,2018,Kharif,Cotton,1305.32,24.0,72.5,Red,Tube Well,164.05,44.55,3790.83,2.43,44847.89,98462.0
3523,West Bengal,Kolkata,2018,Kharif,Pulses,474.41,30.8,56.0,Red,Drip,104.55,51.11,2344.56,8.05,61564.1,151117.0
3524,West Bengal,Kolkata,2018,Rabi,Pulses,1845.13,30.7,73.9,Laterite,Drip,406.92,10.68,641.8,6.08,59284.4,65332.00000000001
3525,West Bengal,Kolkata,2018,Kharif,Cotton,2161.22,20.9,71.3,Red,Sprinkler,228.28,54.3,2586.26,6.94,61480.53,292097.0
3526,West Bengal,Kolkata,2018,Kharif,Barley,943.99,18.7,46.0,Alluvial,Tube Well,378.6,14.38,1516.4,6.79,52265.64,183112.0
3527,West Bengal,Kolkata,2018,Kharif,Pulses,887.18,32.5,47.4,Laterite,Canal,441.33,39.87,1545.17,2.81,58029.26,64933.00000000001
3528,West Bengal,Kolkata,2018,Zaid,Pulses,668.84,34.8,49.7,Alluvial,Sprinkler,367.95,7.37,418.3,6.13,61601.63,34193.0
3529,West Bengal,Howrah,2018,Rabi,Pulses,833.39,37.4,39.3,Red,Tube Well,445.02,13.99,1880.91,6.58,52880.65,133125.0
3530,West Bengal,Howrah,2018,Zaid,Millets,511.13,26.8,69.4,Alluvial,Tube Well,202.53,20.5,2580.69,5.78,58062.45,124852.0
3531,West Bengal,Howrah,2018,Zaid,Rice,1722.17,32.6,75.3,Red,Drip,93.65,21.19,4212.62,3.32,52882.72,163903.0
3532,West Bengal,Howrah,2018,Zaid,Rice,602.45,28.2,51.9,Alluvial,Tube Well,284.56,6.09,1469.38,5.46,55811.18,116964.00000000001
3533,West Bengal,Howrah,2018,Zaid,Maize,1657.54,31.8,75.3,Laterite,Rain-fed,372.24,55.46,947.64,1.42,42127.33,13563.999999999998
3534,West Bengal,Howrah,2018,Rabi,Wheat,1998.72,19.7,39.0,Alluvial,Drip,233.37,41.92,1445.04,8.26,15977.11,191062.0
3535,West Bengal,Howrah,2018,Kharif,Rice,1055.98,28.4,60.1,Red,Canal,176.6,26.29,175.55,4.34,63233.3,8821.0
3536,West Bengal,Howrah,2018,Zaid,Cotton,1340.3,24.9,39.0,Black,Canal,211.26,36.17,690.16,6.45,61360.59,56717.99999999999
3537,West Bengal,Howrah,2018,Kharif,Pulses,1801.19,28.8,41.3,Red,Drip,435.85,11.72,488.44,6.38,21230.8,47520.0
3538,West Bengal,Howrah,2018,Rabi,Pulses,1509.41,23.3,37.0,Black,Rain-fed,92.02,52.14,4821.08,1.28,25502.02,92411.0
3539,West Bengal,Howrah,2018,Zaid,Pulses,787.81,35.0,37.0,Red,Rain-fed,130.03,54.32,1015.77,1.25,19686.67,19473.0
3540,West Bengal,Howrah,2018,Kharif,Maize,941.15,18.4,63.5,Black,Tube Well,337.68,6.9,3087.58,6.12,18801.43,295864.0
3541,West Bengal,Howrah,2018,Zaid,Wheat,578.44,18.3,86.2,Red,Canal,344.15,38.72,1264.0,1.74,58186.72,39217.0
3542,West Bengal,Howrah,2018,Kharif,Wheat,1860.41,30.2,62.8,Black,Sprinkler,115.9,44.54,3159.23,8.07,17861.62,405711.0
3543,West Bengal,Howrah,2018,Rabi,Millets,1943.72,24.1,39.2,Red,Canal,333.99,52.5,1358.78,2.3,30864.92,44875.0
3544,West Bengal,Howrah,2018,Rabi,Maize,1129.31,23.2,44.6,Sandy,Canal,147.14,56.53,2224.12,5.55,32866.86,152736.0
3545,West Bengal,Howrah,2018,Zaid,Rice,467.55,19.4,77.1,Laterite,Tube Well,276.21,45.13,3524.31,4.62,55417.25,161036.0
3546,West Bengal,Howrah,2018,Kharif,Millets,1295.84,28.3,71.5,Sandy,Sprinkler,232.21,32.92,156.7,1.22,48631.79,1787.0
3547,West Bengal,Darjeeling,2018,Zaid,Sugarcane,1539.5,19.7,73.2,Black,Drip,404.56,15.5,3833.67,8.45,36083.48,316953.0
3548,West Bengal,Darjeeling,2018,Zaid,Barley,1093.62,34.6,56.3,Alluvial,Drip,115.59,9.53,4148.7,7.89,43250.41,578449.0
3549,West Bengal,Darjeeling,2018,Kharif,Barley,1559.94,35.5,38.2,Sandy,Rain-fed,322.79,55.39,2150.53,5.48,53121.9,209483.0
3550,West Bengal,Darjeeling,2018,Rabi,Wheat,1612.13,30.5,75.8,Alluvial,Sprinkler,122.21,41.04,4735.9,4.69,59603.83,225746.0
3551,West Bengal,Darjeeling,2018,Rabi,Barley,811.35,34.1,47.0,Laterite,Canal,283.29,40.65,1797.54,4.06,49217.09,105293.0
3552,West Bengal,Darjeeling,2018,Zaid,Pulses,1037.6,28.5,36.5,Sandy,Drip,64.77,50.73,338.47,5.64,41065.13,16094.0
3553,West Bengal,Darjeeling,2018,Kharif,Pulses,486.32,32.2,76.9,Sandy,Sprinkler,381.78,24.33,4882.87,3.91,34847.25,209057.00000000003
3554,West Bengal,Darjeeling,2018,Zaid,Cotton,1794.71,34.9,49.4,Sandy,Canal,217.11,26.58,1921.83,6.3,43599.96,187859.0
3555,West Bengal,Darjeeling,2018,Zaid,Millets,1118.07,29.6,76.9,Red,Sprinkler,251.9,45.81,4510.57,5.66,40439.8,309691.0
3556,West Bengal,Darjeeling,2018,Rabi,Wheat,826.62,34.8,40.2,Red,Rain-fed,226.98,35.99,4782.74,1.88,18301.69,114933.0
3557,West Bengal,Darjeeling,2018,Rabi,Wheat,2144.28,37.9,78.5,Red,Drip,161.63,50.42,1761.05,7.56,51103.96,120516.00000000001
3558,West Bengal,Darjeeling,2018,Rabi,Maize,1517.43,19.0,64.6,Sandy,Tube Well,379.3,26.65,4545.24,8.11,15121.06,451374.0
3559,West Bengal,Darjeeling,2018,Zaid,Millets,1930.58,35.6,61.0,Laterite,Rain-fed,196.89,16.19,3994.07,8.08,59096.11,338319.0
3560,West Bengal,Darjeeling,2018,Zaid,Sugarcane,1477.22,20.7,35.1,Alluvial,Canal,91.86,8.12,2773.88,6.77,49905.96,189198.0
3561,West Bengal,Darjeeling,2018,Zaid,Rice,405.51,30.7,79.1,Sandy,Canal,52.21,13.37,1272.73,7.82,55075.32,119932.0
3562,West Bengal,Darjeeling,2018,Rabi,Millets,1025.49,32.1,64.4,Red,Rain-fed,368.73,11.26,2062.69,1.82,12979.24,63071.0
3563,West Bengal,Darjeeling,2018,Zaid,Wheat,905.25,33.7,50.9,Black,Tube Well,318.56,54.05,2053.53,1.75,62806.35,33828.0
3564,West Bengal,Darjeeling,2018,Kharif,Millets,638.02,20.1,53.7,Sandy,Rain-fed,362.21,48.54,4737.87,2.44,32222.94,178685.0
3565,West Bengal,Siliguri,2018,Zaid,Barley,1040.26,24.6,42.8,Sandy,Drip,86.41,34.17,1653.61,5.15,54839.98,145048.0
3566,West Bengal,Siliguri,2018,Rabi,Sugarcane,1603.62,27.0,50.1,Laterite,Canal,126.08,38.36,410.62,1.51,24363.76,6783.0
3567,West Bengal,Siliguri,2018,Zaid,Cotton,946.59,22.5,74.4,Alluvial,Sprinkler,139.84,42.17,2261.72,2.89,52870.26,94513.0
3568,West Bengal,Siliguri,2018,Kharif,Pulses,1189.04,22.5,75.6,Sandy,Canal,291.14,29.35,3793.39,1.96,49912.31,108100.0
3569,West Bengal,Siliguri,2018,Zaid,Wheat,685.21,36.6,44.1,Alluvial,Rain-fed,244.88,56.53,1775.27,7.38,27656.35,199725.0
3570,West Bengal,Siliguri,2018,Kharif,Rice,1821.09,35.9,43.8,Alluvial,Canal,352.2,28.46,2075.89,1.23,39721.17,35965.0
3571,West Bengal,Siliguri,2018,Rabi,Barley,2101.77,26.5,52.5,Red,Sprinkler,404.24,29.52,3420.6,6.35,18860.04,254029.0
3572,West Bengal,Siliguri,2018,Kharif,Maize,1759.83,22.4,80.0,Black,Sprinkler,150.22,40.12,303.38,6.01,50260.65,26001.0
3573,West Bengal,Siliguri,2018,Rabi,Barley,748.55,35.7,45.9,Red,Sprinkler,151.5,58.9,4951.57,5.6,13201.17,255050.0
3574,West Bengal,Siliguri,2018,Rabi,Barley,2193.58,20.7,74.1,Black,Canal,367.46,59.35,998.21,5.26,59288.58,87464.0
3575,West Bengal,Siliguri,2018,Kharif,Millets,429.98,35.8,78.9,Alluvial,Rain-fed,91.76,7.33,1528.29,5.05,38298.09,94531.0
3576,West Bengal,Siliguri,2018,Kharif,Wheat,1328.11,33.3,79.1,Sandy,Rain-fed,414.81,18.13,4981.61,7.11,15733.29,498058.0
3577,West Bengal,Siliguri,2018,Kharif,Pulses,892.07,19.7,46.5,Red,Canal,361.5,35.8,629.45,5.95,51896.44,56496.0
3578,West Bengal,Siliguri,2018,Kharif,Millets,1844.99,24.2,63.9,Laterite,Sprinkler,103.15,50.14,3014.68,7.23,15157.21,329337.0
3579,West Bengal,Siliguri,2018,Zaid,Barley,1205.03,35.3,53.4,Laterite,Canal,63.83,22.65,4861.82,3.53,54157.64,283227.0
3580,West Bengal,Siliguri,2018,Kharif,Sugarcane,1106.43,27.0,47.0,Laterite,Drip,205.62,19.8,4863.28,4.64,16480.36,260923.99999999997
3581,West Bengal,Siliguri,2018,Zaid,Maize,1508.47,26.7,74.0,Black,Tube Well,306.51,32.96,3869.78,7.01,20282.01,406759.0
3582,West Bengal,Siliguri,2018,Rabi,Cotton,1382.22,19.5,64.0,Laterite,Canal,328.15,42.47,3748.44,4.66,15189.18,207311.0
3583,West Bengal,Malda,2018,Rabi,Rice,1286.68,23.1,39.7,Sandy,Drip,201.14,6.41,3655.92,1.65,50605.72,57613.0
3584,West Bengal,Malda,2018,Rabi,Pulses,2068.99,31.1,58.5,Red,Canal,100.56,33.62,3166.77,8.24,37115.0,333625.0
3585,West Bengal,Malda,2018,Kharif,Maize,803.94,36.8,60.9,Sandy,Drip,98.56,23.95,4441.15,4.5,46910.66,161182.0
3586,West Bengal,Malda,2018,Kharif,Barley,1873.21,34.0,70.5,Laterite,Rain-fed,222.62,23.8,2893.34,7.87,31950.6,264582.0
3587,West Bengal,Malda,2018,Rabi,Cotton,1013.89,34.5,35.8,Red,Sprinkler,361.63,37.13,4846.37,6.72,63430.06,340918.0
3588,West Bengal,Malda,2018,Rabi,Pulses,992.62,26.0,51.4,Laterite,Tube Well,425.64,14.97,340.56,5.42,35215.81,20889.0
3589,West Bengal,Malda,2018,Rabi,Pulses,1307.79,32.2,46.0,Laterite,Sprinkler,314.63,47.2,4285.33,1.28,62077.92,83845.0
3590,West Bengal,Malda,2018,Rabi,Maize,1902.68,19.2,82.2,Sandy,Drip,254.58,23.21,3641.2,7.52,39531.74,236244.0
3591,West Bengal,Malda,2018,Rabi,Cotton,1572.59,31.0,49.7,Red,Rain-fed,59.86,50.26,3137.39,6.03,59625.21,196764.0
3592,West Bengal,Malda,2018,Zaid,Maize,1845.63,19.2,68.8,Laterite,Sprinkler,448.18,19.27,4449.38,6.78,27981.79,369336.0
3593,West Bengal,Malda,2018,Kharif,Wheat,1370.67,27.0,46.0,Alluvial,Rain-fed,408.86,19.02,3320.13,4.76,28289.14,253685.0
3594,West Bengal,Malda,2018,Rabi,Millets,1389.77,21.9,78.0,Black,Tube Well,264.81,23.78,2092.52,7.32,33393.83,132491.0
3595,West Bengal,Malda,2018,Zaid,Millets,1920.54,22.7,64.0,Alluvial,Tube Well,248.1,8.47,198.26,5.87,23421.53,10187.0
3596,West Bengal,Malda,2018,Zaid,Barley,1147.7,33.5,41.6,Laterite,Tube Well,117.85,46.07,3338.91,5.71,40913.64,290359.0
3597,West Bengal,Malda,2018,Zaid,Barley,710.13,32.7,62.6,Sandy,Tube Well,122.06,30.54,4870.91,5.8,18675.81,365581.0
3598,West Bengal,Malda,2018,Rabi,Millets,476.35,31.7,40.6,Laterite,Sprinkler,386.84,10.06,1411.58,6.06,31043.29,120586.99999999999
3599,West Bengal,Malda,2018,Kharif,Pulses,1645.34,21.8,52.3,Black,Tube Well,110.53,32.65,4907.32,1.39,44872.14,74509.0
3600,West Bengal,Malda,2018,Kharif,Sugarcane,852.04,23.4,89.8,Black,Canal,241.33,52.96,3804.96,8.24,30330.67,349487.0
3601,Uttarakhand,Dehradun,2019,Zaid,Rice,1887.98,24.7,59.5,Sandy,Drip,362.88,58.24,2309.64,1.39,36179.16,46652.0
3602,Uttarakhand,Dehradun,2019,Rabi,Rice,777.16,33.9,56.5,Alluvial,Drip,395.44,22.2,2812.33,2.61,59154.59,70565.0
3603,Uttarakhand,Dehradun,2019,Zaid,Pulses,840.69,31.9,75.6,Laterite,Tube Well,339.78,14.62,3690.58,1.44,20506.3,92893.0
3604,Uttarakhand,Dehradun,2019,Kharif,Pulses,1784.68,29.9,51.1,Alluvial,Tube Well,285.51,38.29,4260.47,6.77,52098.49,366665.0
3605,Uttarakhand,Dehradun,2019,Rabi,Wheat,1048.68,28.7,74.9,Red,Tube Well,197.88,15.79,301.45,7.76,54485.44,23776.0
3606,Uttarakhand,Dehradun,2019,Rabi,Sugarcane,1814.08,35.5,68.9,Red,Rain-fed,256.25,49.19,4866.67,4.39,34979.79,260512.0
3607,Uttarakhand,Dehradun,2019,Rabi,Rice,454.64,26.1,87.5,Alluvial,Rain-fed,350.64,48.12,4311.23,6.76,41920.47,417854.0
3608,Uttarakhand,Dehradun,2019,Kharif,Maize,1961.59,29.6,43.1,Red,Canal,293.93,12.71,474.21,5.68,21270.75,33585.0
3609,Uttarakhand,Dehradun,2019,Kharif,Barley,1483.69,27.7,84.5,Black,Sprinkler,73.9,36.85,1114.53,4.7,58367.18,46851.0
3610,Uttarakhand,Dehradun,2019,Zaid,Maize,1701.93,30.3,45.6,Red,Sprinkler,352.68,58.46,4413.55,7.89,17557.28,588079.0
3611,Uttarakhand,Dehradun,2019,Kharif,Pulses,2092.42,27.8,58.4,Alluvial,Rain-fed,223.83,59.32,398.46,5.78,32577.14,19218.0
3612,Uttarakhand,Dehradun,2019,Rabi,Wheat,411.04,37.4,72.5,Black,Drip,328.79,52.86,2651.97,1.78,49139.1,47232.0
3613,Uttarakhand,Dehradun,2019,Zaid,Barley,401.75,25.2,49.4,Sandy,Drip,124.31,45.45,627.84,7.84,30233.73,67648.0
3614,Uttarakhand,Dehradun,2019,Kharif,Rice,1765.44,27.5,75.4,Black,Tube Well,93.11,25.84,4956.84,7.66,54364.23,321674.0
3615,Uttarakhand,Dehradun,2019,Zaid,Cotton,518.37,30.9,52.4,Black,Tube Well,329.74,12.09,4552.96,7.23,63848.32,362962.0
3616,Uttarakhand,Dehradun,2019,Zaid,Wheat,2021.88,37.8,83.9,Black,Tube Well,444.82,28.13,2647.23,1.98,16352.92,88783.0
3617,Uttarakhand,Dehradun,2019,Kharif,Wheat,1523.32,23.8,68.5,Alluvial,Sprinkler,195.57,51.45,1058.49,3.15,44211.31,33595.0
3618,Uttarakhand,Dehradun,2019,Rabi,Barley,460.07,20.3,45.8,Laterite,Drip,130.58,39.69,4875.39,1.41,23683.26,109603.0
3619,Uttarakhand,Haridwar,2019,Zaid,Cotton,1618.89,38.0,65.1,Laterite,Canal,393.38,40.58,3473.33,8.27,12924.3,459435.99999999994
3620,Uttarakhand,Haridwar,2019,Rabi,Cotton,1141.24,29.0,73.6,Alluvial,Rain-fed,179.08,58.99,576.61,4.15,50807.64,23044.0
3621,Uttarakhand,Haridwar,2019,Kharif,Millets,1762.09,31.4,78.0,Sandy,Sprinkler,89.9,55.14,2872.16,3.9,42040.74,159818.0
3622,Uttarakhand,Haridwar,2019,Rabi,Rice,1648.5,34.3,57.0,Sandy,Tube Well,226.24,6.46,4350.15,8.38,20224.2,649720.0
3623,Uttarakhand,Haridwar,2019,Kharif,Wheat,870.09,37.9,68.3,Red,Sprinkler,107.76,5.77,4983.43,4.96,46996.72,342829.0
3624,Uttarakhand,Haridwar,2019,Kharif,Pulses,1271.32,33.8,68.5,Black,Canal,377.56,34.94,1039.47,1.37,35966.34,14328.0
3625,Uttarakhand,Haridwar,2019,Zaid,Pulses,2140.89,33.8,57.5,Alluvial,Drip,306.98,21.82,1838.4,6.25,36216.39,151726.0
3626,Uttarakhand,Haridwar,2019,Zaid,Cotton,2155.1,32.5,54.2,Laterite,Canal,311.53,55.83,169.86,1.62,15810.53,2479.0
3627,Uttarakhand,Haridwar,2019,Kharif,Millets,1981.55,18.0,88.3,Black,Rain-fed,255.88,24.68,3667.96,2.0,57067.54,129515.00000000001
3628,Uttarakhand,Haridwar,2019,Rabi,Rice,415.11,32.5,50.6,Laterite,Canal,180.14,22.51,4432.03,6.31,32414.92,314113.0
3629,Uttarakhand,Haridwar,2019,Kharif,Cotton,884.07,36.7,71.5,Sandy,Drip,336.6,43.08,3694.37,5.32,35608.84,169548.0
3630,Uttarakhand,Haridwar,2019,Kharif,Maize,618.08,20.9,49.1,Red,Canal,248.5,28.72,642.35,7.66,28318.9,87068.0
3631,Uttarakhand,Haridwar,2019,Zaid,Barley,1749.02,36.6,42.5,Red,Sprinkler,320.71,49.74,745.4,4.03,53758.0,53958.00000000001
3632,Uttarakhand,Haridwar,2019,Zaid,Rice,2050.36,34.9,38.3,Laterite,Rain-fed,80.81,14.06,1114.45,8.33,13215.35,113234.99999999999
3633,Uttarakhand,Haridwar,2019,Rabi,Pulses,1526.16,25.8,60.6,Alluvial,Rain-fed,148.29,17.18,3662.2,7.03,64176.67,305913.0
3634,Uttarakhand,Haridwar,2019,Kharif,Sugarcane,953.11,25.9,44.3,Sandy,Sprinkler,370.78,6.24,2484.66,6.04,46086.98,167149.0
3635,Uttarakhand,Haridwar,2019,Kharif,Wheat,1016.93,30.3,35.4,Laterite,Drip,355.32,55.6,4853.59,2.38,45977.1,142776.0
3636,Uttarakhand,Haridwar,2019,Rabi,Pulses,2114.72,27.8,39.7,Sandy,Canal,330.06,31.98,2387.64,8.16,18482.57,165687.0
3637,Uttarakhand,Nainital,2019,Rabi,Pulses,1734.08,36.1,66.5,Red,Drip,349.09,46.23,511.97,3.68,16827.02,20950.0
3638,Uttarakhand,Nainital,2019,Zaid,Barley,860.77,30.5,42.7,Black,Sprinkler,88.41,15.9,2803.28,2.23,53174.9,79988.0
3639,Uttarakhand,Nainital,2019,Kharif,Wheat,1593.68,18.4,43.5,Red,Drip,80.43,56.1,4946.03,4.0,53071.44,287616.0
3640,Uttarakhand,Nainital,2019,Kharif,Wheat,962.26,24.7,62.0,Red,Drip,351.4,59.31,1296.7,3.32,62816.68,71608.0
3641,Uttarakhand,Nainital,2019,Rabi,Wheat,793.62,35.7,50.4,Black,Canal,76.14,5.86,666.28,2.74,26929.64,20125.0
3642,Uttarakhand,Nainital,2019,Kharif,Cotton,847.0,30.8,62.6,Laterite,Tube Well,399.97,6.53,4257.36,3.65,60142.32,145774.0
3643,Uttarakhand,Nainital,2019,Zaid,Wheat,2096.37,20.5,37.9,Laterite,Drip,172.31,30.65,3152.46,5.95,44466.48,288115.0
3644,Uttarakhand,Nainital,2019,Zaid,Pulses,1125.12,29.8,70.6,Sandy,Tube Well,172.29,8.5,1803.54,7.43,48622.69,212564.0
3645,Uttarakhand,Nainital,2019,Rabi,Millets,702.21,26.9,57.2,Laterite,Rain-fed,137.11,27.6,228.82,1.49,17998.67,3089.0
3646,Uttarakhand,Nainital,2019,Kharif,Wheat,1584.69,33.6,69.9,Red,Drip,101.25,10.23,805.76,7.36,56079.74,95750.0
3647,Uttarakhand,Nainital,2019,Kharif,Maize,2121.2,25.4,66.3,Black,Canal,139.36,40.69,4557.95,2.73,41251.1,200111.0
3648,Uttarakhand,Nainital,2019,Rabi,Barley,2010.98,37.0,58.7,Sandy,Tube Well,212.45,52.44,4410.54,4.64,47945.05,350199.0
3649,Uttarakhand,Nainital,2019,Rabi,Wheat,1277.93,20.2,89.8,Black,Drip,372.84,36.9,4497.84,6.98,18238.31,406278.0
3650,Uttarakhand,Nainital,2019,Kharif,Wheat,2044.31,27.9,52.7,Red,Rain-fed,197.58,55.73,2063.19,2.53,27975.51,52733.00000000001
3651,Uttarakhand,Nainital,2019,Zaid,Cotton,1680.27,32.8,81.8,Alluvial,Rain-fed,228.39,49.68,2362.26,5.23,30359.01,102025.0
3652,Uttarakhand,Nainital,2019,Rabi,Millets,1528.73,19.3,88.6,Sandy,Sprinkler,388.0,34.07,3197.45,3.24,15203.68,158846.0
3653,Uttarakhand,Nainital,2019,Rabi,Cotton,705.97,24.1,47.7,Laterite,Canal,292.97,16.27,2009.68,8.19,27189.39,220346.0
3654,Uttarakhand,Nainital,2019,Zaid,Rice,1369.42,19.5,38.7,Laterite,Tube Well,117.52,31.94,2258.6,2.81,55652.35,80200.0
3655,Uttarakhand,Almora,2019,Zaid,Cotton,1074.82,20.5,84.3,Alluvial,Rain-fed,326.64,18.33,3206.65,1.95,39373.75,100247.0
3656,Uttarakhand,Almora,2019,Zaid,Barley,1291.91,35.1,41.6,Laterite,Canal,135.45,23.43,3176.56,7.58,30650.62,351995.0
3657,Uttarakhand,Almora,2019,Kharif,Millets,1482.03,32.4,61.2,Alluvial,Tube Well,226.79,8.04,1612.85,5.87,29881.69,95666.0
3658,Uttarakhand,Almora,2019,Rabi,Sugarcane,586.98,36.6,40.7,Laterite,Tube Well,238.3,57.88,2979.98,1.99,21722.22,84585.0
3659,Uttarakhand,Almora,2019,Zaid,Maize,865.0,25.3,53.8,Red,Tube Well,308.29,39.46,1699.93,7.32,38397.58,135474.0
3660,Uttarakhand,Almora,2019,Kharif,Pulses,680.82,31.0,51.9,Alluvial,Drip,112.28,53.35,1421.34,4.4,20186.06,96586.0
3661,Uttarakhand,Almora,2019,Zaid,Maize,492.32,19.5,58.0,Alluvial,Rain-fed,411.81,27.32,2342.29,3.94,20288.39,79523.0
3662,Uttarakhand,Almora,2019,Zaid,Millets,1154.87,30.5,59.8,Sandy,Rain-fed,142.75,14.36,264.39,5.39,64539.74,25284.0
3663,Uttarakhand,Almora,2019,Rabi,Barley,1697.21,37.8,45.7,Alluvial,Rain-fed,121.75,25.6,105.24,6.52,14208.85,11621.0
3664,Uttarakhand,Almora,2019,Zaid,Cotton,890.55,25.0,47.0,Black,Canal,150.02,54.88,453.73,7.81,13444.41,29527.0
3665,Uttarakhand,Almora,2019,Rabi,Barley,1285.01,32.9,51.4,Red,Canal,429.06,27.66,1300.27,2.56,56334.88,30618.0
3666,Uttarakhand,Almora,2019,Kharif,Barley,1251.0,33.9,84.0,Red,Drip,213.1,23.55,2209.01,2.91,62313.95,95057.0
3667,Uttarakhand,Almora,2019,Rabi,Maize,459.05,34.5,84.6,Red,Sprinkler,136.8,48.45,321.73,4.52,20923.73,13719.0
3668,Uttarakhand,Almora,2019,Zaid,Pulses,2042.56,29.3,75.4,Laterite,Sprinkler,244.66,21.12,2749.61,4.1,16348.2,177415.0
3669,Uttarakhand,Almora,2019,Zaid,Millets,2119.75,36.1,77.0,Black,Drip,256.37,11.49,412.33,2.71,46604.52,10863.0
3670,Uttarakhand,Almora,2019,Kharif,Sugarcane,1055.4,37.3,43.1,Black,Rain-fed,236.18,23.45,1421.82,7.01,54500.09,119358.0
3671,Uttarakhand,Almora,2019,Zaid,Cotton,1390.47,30.2,65.2,Red,Rain-fed,213.9,20.33,637.26,8.03,20973.72,46302.0
3672,Uttarakhand,Almora,2019,Zaid,Cotton,633.63,29.7,45.8,Laterite,Sprinkler,285.19,30.79,748.15,7.68,27785.24,67851.0
3673,Uttarakhand,Pauri,2019,Rabi,Wheat,961.37,31.4,39.0,Alluvial,Sprinkler,109.53,38.59,2193.61,6.73,46407.31,172246.0
3674,Uttarakhand,Pauri,2019,Kharif,Wheat,1763.65,23.3,61.9,Red,Tube Well,396.75,14.18,3335.15,4.55,58572.03,171499.0
3675,Uttarakhand,Pauri,2019,Rabi,Maize,827.79,27.0,45.3,Sandy,Rain-fed,351.2,26.83,1415.76,3.58,64511.47,60679.99999999999
3676,Uttarakhand,Pauri,2019,Kharif,Rice,553.05,29.9,85.1,Alluvial,Canal,178.09,26.61,1253.07,7.49,47684.25,120624.0
3677,Uttarakhand,Pauri,2019,Kharif,Millets,1315.62,20.3,54.1,Black,Drip,334.57,42.49,974.88,8.26,16090.45,112482.0
3678,Uttarakhand,Pauri,2019,Rabi,Maize,2063.3,22.9,49.1,Laterite,Drip,270.78,23.17,4319.25,8.26,32683.9,460218.99999999994
3679,Uttarakhand,Pauri,2019,Rabi,Maize,1605.8,35.3,86.1,Sandy,Sprinkler,386.26,54.4,2650.26,7.5,24484.31,245061.0
3680,Uttarakhand,Pauri,2019,Rabi,Sugarcane,822.82,31.3,37.6,Sandy,Drip,130.41,49.75,1053.08,4.93,32795.36,74527.0
3681,Uttarakhand,Pauri,2019,Kharif,Barley,1146.37,26.1,70.4,Black,Drip,59.44,56.95,2458.51,3.9,29802.78,81581.0
3682,Uttarakhand,Pauri,2019,Kharif,Millets,2197.78,18.3,46.1,Black,Tube Well,213.67,49.78,1476.48,7.58,44795.97,152243.0
3683,Uttarakhand,Pauri,2019,Kharif,Rice,876.76,31.6,46.9,Laterite,Sprinkler,238.91,29.73,965.07,7.24,24066.48,68154.0
3684,Uttarakhand,Pauri,2019,Rabi,Cotton,1973.26,24.6,43.7,Sandy,Sprinkler,379.29,45.78,717.21,3.0,50631.93,22518.0
3685,Uttarakhand,Pauri,2019,Kharif,Sugarcane,654.36,24.2,72.3,Laterite,Canal,119.54,55.41,518.81,8.44,55937.54,61816.0
3686,Uttarakhand,Pauri,2019,Kharif,Wheat,1461.14,28.1,76.3,Laterite,Drip,289.92,35.87,405.75,1.34,23016.36,6492.0
3687,Uttarakhand,Pauri,2019,Zaid,Cotton,1799.88,24.6,42.0,Laterite,Drip,243.56,38.13,766.82,4.77,54254.76,54482.00000000001
3688,Uttarakhand,Pauri,2019,Kharif,Maize,2012.17,20.0,52.3,Sandy,Tube Well,189.32,13.03,345.9,1.9,44780.47,9059.0
3689,Uttarakhand,Pauri,2019,Rabi,Cotton,1050.68,19.7,71.6,Sandy,Rain-fed,185.3,43.63,3925.41,1.7,12223.37,80010.0
3690,Uttarakhand,Pauri,2019,Zaid,Rice,804.53,29.6,58.4,Laterite,Tube Well,338.62,57.21,4756.82,7.24,29156.48,326809.0
3691,Uttar Pradesh,Lucknow,2019,Zaid,Cotton,2032.17,27.6,88.7,Sandy,Canal,87.4,9.71,4571.58,2.18,12202.4,95180.0
3692,Uttar Pradesh,Lucknow,2019,Zaid,Rice,1367.21,37.5,53.1,Red,Canal,195.98,7.98,2112.87,2.79,42755.82,86326.0
3693,Uttar Pradesh,Lucknow,2019,Rabi,Barley,1224.63,32.7,58.1,Laterite,Sprinkler,399.6,24.54,3131.45,6.69,15987.07,368267.0
3694,Uttar Pradesh,Lucknow,2019,Rabi,Millets,1130.75,32.8,42.6,Black,Tube Well,201.3,59.09,2903.29,5.39,54331.37,232584.0
3695,Uttar Pradesh,Lucknow,2019,Rabi,Wheat,1728.31,21.9,72.4,Laterite,Rain-fed,439.53,21.32,607.58,4.25,34780.74,23747.0
3696,Uttar Pradesh,Lucknow,2019,Kharif,Cotton,666.25,20.9,82.2,Sandy,Canal,321.89,12.22,3263.97,7.11,54079.8,380917.0
3697,Uttar Pradesh,Lucknow,2019,Zaid,Wheat,2050.17,23.1,46.2,Red,Canal,231.48,10.55,3342.01,5.51,31363.74,190850.0
3698,Uttar Pradesh,Lucknow,2019,Kharif,Sugarcane,823.27,27.5,36.3,Red,Drip,175.63,45.48,1680.87,8.25,28844.84,170079.0
3699,Uttar Pradesh,Lucknow,2019,Rabi,Rice,1654.19,37.3,68.3,Red,Tube Well,435.46,58.14,4479.74,3.98,61277.61,177508.0
3700,Uttar Pradesh,Lucknow,2019,Rabi,Rice,1662.83,35.4,82.6,Laterite,Sprinkler,134.47,56.52,3205.42,8.1,20817.86,286302.0
3701,Uttar Pradesh,Lucknow,2019,Zaid,Maize,1640.81,20.9,56.9,Alluvial,Drip,265.76,36.33,3260.34,7.79,25499.48,399383.0
3702,Uttar Pradesh,Lucknow,2019,Rabi,Cotton,1023.83,20.4,65.6,Black,Rain-fed,279.16,42.77,589.9,5.32,46153.45,55605.99999999999
3703,Uttar Pradesh,Lucknow,2019,Kharif,Cotton,1474.46,21.9,85.6,Black,Tube Well,178.9,45.13,1759.69,2.66,60794.21,82679.0
3704,Uttar Pradesh,Lucknow,2019,Zaid,Millets,1646.2,35.0,39.5,Black,Tube Well,90.19,50.43,1661.72,2.96,35991.79,40325.0
3705,Uttar Pradesh,Lucknow,2019,Kharif,Millets,540.81,28.0,49.3,Laterite,Sprinkler,51.62,38.3,4580.64,3.94,24685.02,158478.0
3706,Uttar Pradesh,Lucknow,2019,Kharif,Cotton,1941.28,31.3,56.3,Sandy,Tube Well,357.85,12.72,3011.0,4.46,19462.91,114499.0
3707,Uttar Pradesh,Lucknow,2019,Zaid,Maize,1503.14,19.3,76.6,Sandy,Tube Well,92.29,25.74,2274.57,7.96,45538.79,201610.0
3708,Uttar Pradesh,Lucknow,2019,Rabi,Cotton,1284.52,23.2,83.9,Red,Canal,403.4,38.41,804.72,3.85,25078.45,28524.0
3709,Uttar Pradesh,Kanpur,2019,Rabi,Cotton,1103.97,20.1,41.2,Black,Tube Well,332.4,34.78,3692.59,7.99,14589.74,413939.99999999994
3710,Uttar Pradesh,Kanpur,2019,Kharif,Millets,1005.34,24.9,58.0,Sandy,Rain-fed,285.58,8.16,1541.94,3.08,30856.56,69342.0
3711,Uttar Pradesh,Kanpur,2019,Kharif,Barley,753.92,31.5,38.1,Black,Sprinkler,253.78,40.55,886.27,6.72,21860.31,54548.0
3712,Uttar Pradesh,Kanpur,2019,Zaid,Barley,1275.15,22.3,80.3,Laterite,Tube Well,173.47,56.34,2725.33,6.19,31332.51,232626.00000000003
3713,Uttar Pradesh,Kanpur,2019,Kharif,Barley,845.02,25.2,86.2,Laterite,Tube Well,331.45,41.16,825.35,3.64,46299.14,53724.0
3714,Uttar Pradesh,Kanpur,2019,Rabi,Sugarcane,1157.68,21.5,62.4,Sandy,Rain-fed,80.73,49.68,4828.85,4.39,57644.36,374199.0
3715,Uttar Pradesh,Kanpur,2019,Zaid,Pulses,2159.01,30.1,85.9,Red,Sprinkler,372.72,28.37,2883.79,5.69,38635.3,239129.0
3716,Uttar Pradesh,Kanpur,2019,Zaid,Barley,823.85,34.0,68.4,Black,Sprinkler,342.41,43.71,2650.5,3.57,45277.23,87186.0
3717,Uttar Pradesh,Kanpur,2019,Kharif,Cotton,2042.27,19.7,84.3,Sandy,Tube Well,331.93,19.48,4562.3,3.8,28431.16,290077.0
3718,Uttar Pradesh,Kanpur,2019,Kharif,Millets,1916.74,20.9,85.0,Laterite,Tube Well,270.1,57.36,2523.66,1.44,13197.28,57346.0
3719,Uttar Pradesh,Kanpur,2019,Rabi,Wheat,761.91,23.0,60.4,Sandy,Sprinkler,202.14,49.74,4090.42,1.56,35997.19,112599.0
3720,Uttar Pradesh,Kanpur,2019,Rabi,Millets,976.85,31.3,35.0,Alluvial,Tube Well,61.26,43.72,1832.82,7.16,60238.26,186538.0
3721,Uttar Pradesh,Kanpur,2019,Kharif,Maize,1887.82,37.3,50.4,Sandy,Drip,371.9,10.64,3659.31,3.19,49743.55,100687.0
3722,Uttar Pradesh,Kanpur,2019,Kharif,Maize,650.48,29.8,80.3,Alluvial,Rain-fed,85.22,43.5,3129.1,1.23,43012.57,44488.0
3723,Uttar Pradesh,Kanpur,2019,Zaid,Millets,862.09,31.5,81.5,Black,Sprinkler,120.59,36.47,3570.64,8.49,29066.08,315467.0
3724,Uttar Pradesh,Kanpur,2019,Rabi,Wheat,854.42,37.2,62.2,Black,Drip,242.04,47.35,1635.21,7.98,27009.51,122191.00000000001
3725,Uttar Pradesh,Kanpur,2019,Kharif,Sugarcane,1882.02,22.9,84.4,Black,Rain-fed,303.82,34.92,1606.94,6.53,33962.04,90894.0
3726,Uttar Pradesh,Kanpur,2019,Zaid,Sugarcane,1825.57,29.2,51.2,Red,Sprinkler,133.38,11.46,3993.78,4.16,52860.75,175225.0
3727,Uttar Pradesh,Varanasi,2019,Zaid,Wheat,762.42,30.8,66.1,Black,Drip,399.77,20.99,4670.01,8.25,48191.05,593050.0
3728,Uttar Pradesh,Varanasi,2019,Zaid,Cotton,1692.93,31.0,86.4,Black,Canal,333.47,7.34,3814.74,7.29,60549.3,253353.00000000003
3729,Uttar Pradesh,Varanasi,2019,Zaid,Maize,565.64,25.7,35.9,Sandy,Canal,223.53,15.36,908.31,2.8,39988.48,29914.0
3730,Uttar Pradesh,Varanasi,2019,Rabi,Rice,1590.55,34.5,64.9,Sandy,Tube Well,429.27,8.34,4634.66,2.92,40708.36,140880.0
3731,Uttar Pradesh,Varanasi,2019,Zaid,Wheat,1786.64,20.8,81.2,Alluvial,Canal,367.23,29.74,4425.49,2.95,30958.51,144862.0
3732,Uttar Pradesh,Varanasi,2019,Kharif,Sugarcane,1027.62,36.2,59.8,Black,Drip,123.93,26.49,2999.98,5.33,32783.83,176875.0
3733,Uttar Pradesh,Varanasi,2019,Kharif,Cotton,2142.12,20.9,47.4,Black,Sprinkler,239.95,23.98,468.99,3.54,44181.85,23268.0
3734,Uttar Pradesh,Varanasi,2019,Kharif,Pulses,1780.79,20.8,84.2,Alluvial,Tube Well,296.29,38.82,1254.22,8.14,53456.76,171270.0
3735,Uttar Pradesh,Varanasi,2019,Kharif,Millets,807.66,22.3,63.6,Black,Rain-fed,227.86,58.36,1667.81,2.78,52333.93,62140.0
3736,Uttar Pradesh,Varanasi,2019,Kharif,Barley,1104.18,30.3,73.7,Alluvial,Rain-fed,144.19,35.65,2784.43,6.49,51171.17,149486.0
3737,Uttar Pradesh,Varanasi,2019,Zaid,Cotton,944.93,24.2,81.7,Sandy,Tube Well,246.51,12.77,2288.26,1.62,17556.95,56636.0
3738,Uttar Pradesh,Varanasi,2019,Zaid,Wheat,2152.32,31.6,44.4,Sandy,Sprinkler,339.03,29.86,1708.21,5.67,19099.24,152777.0
3739,Uttar Pradesh,Varanasi,2019,Kharif,Sugarcane,1433.51,18.5,89.2,Alluvial,Drip,120.38,43.01,618.55,1.58,45914.91,9101.0
3740,Uttar Pradesh,Varanasi,2019,Kharif,Millets,710.18,24.8,80.8,Laterite,Sprinkler,180.69,24.65,4848.38,2.34,23374.08,97097.0
3741,Uttar Pradesh,Varanasi,2019,Zaid,Barley,1786.22,36.6,76.0,Sandy,Sprinkler,133.14,6.27,985.35,3.75,36748.87,45428.0
3742,Uttar Pradesh,Varanasi,2019,Kharif,Maize,612.54,21.3,50.7,Sandy,Rain-fed,114.15,51.93,1149.01,3.86,59199.44,50899.0
3743,Uttar Pradesh,Varanasi,2019,Zaid,Barley,2086.12,26.0,38.5,Red,Rain-fed,431.75,37.89,3654.33,7.37,13742.51,456822.0
3744,Uttar Pradesh,Varanasi,2019,Kharif,Rice,1751.27,28.0,85.5,Red,Tube Well,354.4,28.52,1060.25,4.5,41448.98,72043.0
3745,Uttar Pradesh,Agra,2019,Rabi,Cotton,1785.37,25.1,58.6,Alluvial,Rain-fed,174.69,32.37,2146.7,3.81,47193.79,120801.0
3746,Uttar Pradesh,Agra,2019,Kharif,Rice,1409.33,35.2,86.8,Alluvial,Rain-fed,70.9,30.52,3675.51,5.44,60939.19,332774.0
3747,Uttar Pradesh,Agra,2019,Zaid,Wheat,963.43,20.7,89.9,Laterite,Sprinkler,182.55,32.67,113.61,7.57,34511.81,10130.0
3748,Uttar Pradesh,Agra,2019,Zaid,Pulses,483.5,32.6,37.6,Black,Sprinkler,360.66,42.88,2095.44,1.25,62455.06,31163.0
3749,Uttar Pradesh,Agra,2019,Kharif,Pulses,456.99,23.9,58.0,Black,Rain-fed,355.21,23.16,4308.73,5.8,20626.32,359715.0
3750,Uttar Pradesh,Agra,2019,Kharif,Maize,597.83,33.3,79.7,Laterite,Tube Well,274.43,14.6,4103.38,6.47,26069.09,430121.0
3751,Uttar Pradesh,Agra,2019,Kharif,Sugarcane,983.53,32.4,83.8,Sandy,Rain-fed,167.46,30.52,2991.55,4.64,16855.36,204099.0
3752,Uttar Pradesh,Agra,2019,Zaid,Cotton,1065.47,34.1,67.9,Red,Sprinkler,342.05,35.04,1195.66,5.81,57881.6,78603.0
3753,Uttar Pradesh,Agra,2019,Zaid,Rice,1179.86,24.9,86.9,Red,Canal,418.9,40.48,3040.23,3.68,19073.93,169554.0
3754,Uttar Pradesh,Agra,2019,Kharif,Maize,2184.57,29.4,37.4,Red,Sprinkler,269.28,32.31,1579.45,5.4,25219.68,73629.0
3755,Uttar Pradesh,Agra,2019,Rabi,Barley,829.87,26.5,36.4,Sandy,Tube Well,267.11,44.49,4653.66,1.59,47480.89,80048.0
3756,Uttar Pradesh,Agra,2019,Rabi,Rice,1513.21,27.0,70.7,Red,Rain-fed,157.68,6.54,3553.76,5.7,31452.29,267349.0
3757,Uttar Pradesh,Agra,2019,Rabi,Cotton,702.45,18.3,51.5,Red,Rain-fed,56.68,32.99,1542.6,1.86,39224.69,38601.0
3758,Uttar Pradesh,Agra,2019,Zaid,Wheat,1899.69,28.9,44.6,Black,Tube Well,181.58,43.84,1623.08,3.64,59004.63,83079.0
3759,Uttar Pradesh,Agra,2019,Zaid,Pulses,1902.84,33.2,89.0,Laterite,Canal,442.92,52.02,4159.16,5.43,32090.91,384541.0
3760,Uttar Pradesh,Agra,2019,Zaid,Barley,1456.53,20.3,76.8,Red,Rain-fed,376.51,14.45,2755.68,6.95,41499.96,225969.99999999997
3761,Uttar Pradesh,Agra,2019,Zaid,Pulses,1368.57,21.2,60.5,Alluvial,Rain-fed,74.64,27.51,3134.97,2.16,19232.61,94737.0
3762,Uttar Pradesh,Agra,2019,Kharif,Barley,1414.04,31.4,48.9,Black,Drip,61.45,53.75,4269.51,5.91,38358.54,233257.00000000003
3763,Uttar Pradesh,Meerut,2019,Rabi,Pulses,1865.66,31.2,36.5,Laterite,Drip,299.56,52.74,1890.65,5.48,53215.92,143345.0
3764,Uttar Pradesh,Meerut,2019,Zaid,Cotton,1481.62,35.6,65.9,Red,Sprinkler,420.92,41.32,1082.15,4.68,42055.7,66441.0
3765,Uttar Pradesh,Meerut,2019,Zaid,Rice,836.94,28.8,61.0,Alluvial,Canal,332.69,32.39,113.32,5.3,16694.06,9510.0
3766,Uttar Pradesh,Meerut,2019,Rabi,Sugarcane,820.57,27.5,52.9,Alluvial,Tube Well,317.4,13.79,1089.98,3.14,20820.51,30170.999999999996
3767,Uttar Pradesh,Meerut,2019,Zaid,Rice,660.19,28.1,77.5,Alluvial,Drip,216.5,18.51,2598.46,6.74,44663.07,147278.0
3768,Uttar Pradesh,Meerut,2019,Rabi,Maize,710.82,19.0,62.9,Alluvial,Sprinkler,106.69,53.36,1595.66,4.99,46916.88,120733.99999999999
3769,Uttar Pradesh,Meerut,2019,Kharif,Millets,1326.83,35.5,65.9,Red,Sprinkler,216.15,19.05,1830.96,2.01,52220.88,58928.0
3770,Uttar Pradesh,Meerut,2019,Zaid,Wheat,426.75,33.6,69.8,Black,Canal,254.48,14.02,1447.47,1.91,14316.76,25557.0
3771,Uttar Pradesh,Meerut,2019,Kharif,Sugarcane,1289.96,31.5,46.5,Red,Canal,63.97,59.28,4546.66,7.33,51159.55,424251.0
3772,Uttar Pradesh,Meerut,2019,Kharif,Millets,801.82,22.9,54.1,Sandy,Tube Well,96.09,27.47,900.13,2.38,16329.97,35960.0
3773,Uttar Pradesh,Meerut,2019,Kharif,Barley,1395.46,38.0,57.2,Alluvial,Drip,82.53,26.2,2313.25,5.83,34104.29,113764.00000000001
3774,Uttar Pradesh,Meerut,2019,Zaid,Cotton,417.74,34.8,71.1,Black,Canal,223.08,44.55,3217.07,6.08,23293.48,186281.0
3775,Uttar Pradesh,Meerut,2019,Zaid,Sugarcane,1999.54,24.7,69.8,Red,Canal,90.16,18.19,1355.8,5.62,40713.73,113432.0
3776,Uttar Pradesh,Meerut,2019,Zaid,Maize,1875.73,19.7,80.4,Red,Sprinkler,164.12,56.73,4658.95,3.07,26393.52,244788.0
3777,Uttar Pradesh,Meerut,2019,Zaid,Millets,653.44,23.9,81.3,Alluvial,Tube Well,313.49,47.0,1515.34,3.03,56221.72,82262.0
3778,Uttar Pradesh,Meerut,2019,Zaid,Pulses,1141.47,29.4,67.3,Red,Tube Well,426.53,49.73,1695.26,7.57,27956.0,141827.0
3779,Uttar Pradesh,Meerut,2019,Rabi,Cotton,1330.26,34.0,75.7,Laterite,Rain-fed,114.02,12.4,4448.17,6.72,40309.5,477434.0
3780,Uttar Pradesh,Meerut,2019,Zaid,Wheat,1992.6,30.2,84.2,Alluvial,Drip,150.0,58.97,2430.73,5.27,20228.54,132915.0
3781,Punjab,Ludhiana,2019,Rabi,Barley,1665.23,30.3,62.5,Alluvial,Rain-fed,154.25,17.03,1151.81,4.74,59459.29,50911.0
3782,Punjab,Ludhiana,2019,Kharif,Cotton,1904.53,21.3,41.4,Red,Canal,448.21,58.39,4942.84,1.21,22788.81,79369.0
3783,Punjab,Ludhiana,2019,Rabi,Maize,918.35,20.7,47.6,Black,Tube Well,395.98,30.04,816.57,4.45,60442.03,50843.0
3784,Punjab,Ludhiana,2019,Rabi,Wheat,2097.34,19.0,58.6,Black,Drip,114.48,37.77,4630.9,5.27,45231.75,415532.0
3785,Punjab,Ludhiana,2019,Kharif,Pulses,686.74,37.8,64.2,Laterite,Drip,416.43,15.41,3236.78,3.87,48166.45,168614.0
3786,Punjab,Ludhiana,2019,Zaid,Maize,2105.49,28.5,50.5,Sandy,Sprinkler,445.12,47.12,4407.2,6.51,41508.97,328988.0
3787,Punjab,Ludhiana,2019,Rabi,Rice,1349.99,36.2,78.9,Black,Canal,290.66,19.86,2850.67,4.83,59106.74,187294.0
3788,Punjab,Ludhiana,2019,Zaid,Barley,859.37,22.0,85.5,Laterite,Canal,348.08,54.13,1663.88,2.57,28361.06,42231.0
3789,Punjab,Ludhiana,2019,Zaid,Millets,629.71,18.3,37.8,Alluvial,Canal,420.24,36.08,4722.87,2.55,19860.79,189703.0
3790,Punjab,Ludhiana,2019,Zaid,Rice,1625.24,37.3,60.3,Laterite,Drip,94.64,15.6,755.51,5.93,12201.38,58949.0
3791,Punjab,Ludhiana,2019,Rabi,Cotton,858.09,28.1,81.1,Sandy,Sprinkler,344.7,55.75,682.27,2.19,60267.84,14449.0
3792,Punjab,Ludhiana,2019,Kharif,Barley,2082.17,37.7,37.7,Red,Rain-fed,171.32,11.13,4947.38,7.3,46929.37,458946.0
3793,Punjab,Ludhiana,2019,Zaid,Pulses,717.67,18.7,56.1,Laterite,Tube Well,283.16,49.81,1842.75,7.16,40642.98,116802.0
3794,Punjab,Ludhiana,2019,Kharif,Pulses,592.13,26.1,82.0,Laterite,Tube Well,72.54,10.86,2720.83,1.58,26630.39,76240.0
3795,Punjab,Ludhiana,2019,Kharif,Barley,506.37,31.3,42.0,Laterite,Tube Well,88.92,12.57,4233.69,3.89,13298.69,137291.0
3796,Punjab,Ludhiana,2019,Zaid,Pulses,1248.66,24.2,67.2,Alluvial,Sprinkler,422.51,31.11,3250.21,5.21,57453.56,211844.0
3797,Punjab,Ludhiana,2019,Kharif,Cotton,1843.47,25.3,39.1,Black,Tube Well,205.36,52.35,4636.83,1.98,43388.87,80589.0
3798,Punjab,Ludhiana,2019,Zaid,Sugarcane,2168.19,27.5,42.4,Alluvial,Canal,380.15,10.14,3019.19,5.01,13658.14,252681.0
3799,Punjab,Amritsar,2019,Kharif,Maize,1085.17,22.6,36.4,Black,Sprinkler,64.82,48.03,3399.64,5.27,61432.17,264529.0
3800,Punjab,Amritsar,2019,Rabi,Maize,986.82,35.0,79.1,Sandy,Canal,184.67,49.93,3548.94,3.23,31931.15,184756.0
3801,Punjab,Amritsar,2019,Kharif,Cotton,1067.05,36.0,87.4,Black,Tube Well,71.42,26.17,1204.0,8.49,61047.3,172687.0
3802,Punjab,Amritsar,2019,Rabi,Maize,2178.71,23.1,58.3,Red,Tube Well,396.77,45.99,715.85,4.19,48991.79,35688.0
3803,Punjab,Amritsar,2019,Rabi,Wheat,899.49,25.1,76.3,Red,Drip,425.88,46.59,1541.8,6.72,48680.45,120189.00000000001
3804,Punjab,Amritsar,2019,Zaid,Pulses,920.15,27.0,37.9,Black,Rain-fed,158.73,31.53,3125.19,8.08,46714.94,302554.0
3805,Punjab,Amritsar,2019,Kharif,Millets,2042.56,22.4,41.0,Alluvial,Canal,68.55,24.14,4244.77,2.91,58858.92,173300.0
3806,Punjab,Amritsar,2019,Kharif,Pulses,903.93,21.7,35.3,Sandy,Tube Well,188.92,42.21,1379.46,7.34,36661.46,179797.0
3807,Punjab,Amritsar,2019,Rabi,Wheat,1356.2,28.2,53.6,Red,Rain-fed,337.31,25.31,1826.23,4.87,62211.05,91108.0
3808,Punjab,Amritsar,2019,Zaid,Millets,1071.5,30.3,66.6,Alluvial,Rain-fed,358.78,44.12,1373.71,3.75,27499.77,49558.0
3809,Punjab,Amritsar,2019,Zaid,Sugarcane,1092.27,21.4,61.3,Laterite,Sprinkler,211.43,19.07,4899.8,7.67,39983.99,323851.0
3810,Punjab,Amritsar,2019,Rabi,Barley,2033.32,27.6,45.0,Sandy,Sprinkler,176.97,8.12,2606.76,3.63,12302.34,156939.0
3811,Punjab,Amritsar,2019,Zaid,Cotton,1071.64,20.2,87.5,Sandy,Sprinkler,290.98,17.23,4537.46,2.36,27020.39,137318.0
3812,Punjab,Amritsar,2019,Zaid,Maize,1235.49,21.4,59.2,Laterite,Drip,92.2,53.24,3646.9,6.52,45002.57,378539.0
3813,Punjab,Amritsar,2019,Kharif,Pulses,532.73,33.3,81.6,Black,Canal,190.35,8.06,1099.16,2.52,41823.85,28964.0
3814,Punjab,Amritsar,2019,Kharif,Rice,919.32,34.1,50.0,Alluvial,Drip,436.05,39.2,2463.69,6.38,56057.2,228938.0
3815,Punjab,Amritsar,2019,Zaid,Barley,1287.52,28.6,35.8,Red,Canal,277.32,44.6,853.1,6.53,52977.83,73774.0
3816,Punjab,Amritsar,2019,Rabi,Rice,2128.51,27.1,80.8,Laterite,Tube Well,403.86,46.27,4753.08,4.74,44812.77,203069.0
3817,Punjab,Patiala,2019,Rabi,Wheat,1393.4,27.5,73.4,Sandy,Drip,240.32,58.41,617.33,4.24,42269.25,24688.0
3818,Punjab,Patiala,2019,Kharif,Millets,957.15,36.5,39.6,Sandy,Tube Well,56.49,26.98,3085.37,5.96,35453.61,200816.0
3819,Punjab,Patiala,2019,Kharif,Wheat,513.38,22.3,55.4,Sandy,Rain-fed,320.23,48.04,1968.26,7.53,40841.47,174581.0
3820,Punjab,Patiala,2019,Zaid,Sugarcane,1859.39,18.8,62.5,Laterite,Sprinkler,381.74,10.51,4604.17,6.68,19017.65,281945.0
3821,Punjab,Patiala,2019,Zaid,Sugarcane,1973.15,36.9,37.3,Alluvial,Tube Well,88.32,45.99,697.28,8.26,16062.72,98745.0
3822,Punjab,Patiala,2019,Kharif,Sugarcane,1821.47,32.5,41.2,Red,Sprinkler,363.16,55.37,2238.21,4.98,37273.3,96391.0
3823,Punjab,Patiala,2019,Rabi,Cotton,542.84,33.8,86.7,Red,Drip,446.94,17.62,979.42,2.29,20045.86,20457.0
3824,Punjab,Patiala,2019,Rabi,Pulses,1312.37,25.7,58.8,Red,Sprinkler,108.34,8.46,4384.28,1.34,53486.6,94748.0
3825,Punjab,Patiala,2019,Kharif,Barley,969.06,18.7,43.6,Red,Rain-fed,160.17,45.64,4515.14,1.81,39467.53,144195.0
3826,Punjab,Patiala,2019,Kharif,Wheat,996.4,27.3,54.0,Laterite,Drip,384.85,23.08,4916.1,2.45,19507.5,126686.99999999999
3827,Punjab,Patiala,2019,Kharif,Sugarcane,2136.74,21.6,41.3,Black,Canal,235.18,22.62,2565.61,4.83,18622.21,184180.0
3828,Punjab,Patiala,2019,Zaid,Maize,429.94,19.8,46.3,Laterite,Rain-fed,370.79,12.16,1252.02,6.88,34012.01,105547.0
3829,Punjab,Patiala,2019,Rabi,Cotton,1332.51,21.3,63.1,Sandy,Tube Well,245.68,5.6,4568.9,5.69,14326.54,424810.99999999994
3830,Punjab,Patiala,2019,Zaid,Sugarcane,456.32,29.6,56.3,Sandy,Tube Well,206.56,29.7,4199.96,2.47,32052.13,148634.0
3831,Punjab,Patiala,2019,Zaid,Cotton,1919.82,30.0,84.9,Red,Rain-fed,304.97,19.14,3602.38,2.1,33996.45,122684.99999999999
3832,Punjab,Patiala,2019,Zaid,Pulses,1548.31,35.0,75.3,Laterite,Canal,413.71,23.93,2362.9,8.11,24991.22,309527.0
3833,Punjab,Patiala,2019,Kharif,Pulses,755.54,21.3,62.6,Laterite,Tube Well,282.81,39.96,955.11,7.84,36605.85,76002.0
3834,Punjab,Patiala,2019,Rabi,Barley,2129.56,23.1,75.3,Red,Rain-fed,302.63,12.04,4320.09,6.81,52833.53,320571.0
3835,Punjab,Jalandhar,2019,Zaid,Cotton,1565.75,21.8,75.1,Red,Rain-fed,338.03,13.54,590.61,3.39,32391.57,22552.0
3836,Punjab,Jalandhar,2019,Rabi,Sugarcane,1397.43,29.1,89.1,Laterite,Sprinkler,136.03,58.91,1597.72,8.18,50331.93,133093.0
3837,Punjab,Jalandhar,2019,Zaid,Maize,2174.52,33.5,63.8,Black,Canal,435.31,47.08,4098.24,6.82,47554.77,308363.0
3838,Punjab,Jalandhar,2019,Rabi,Sugarcane,1914.3,30.3,35.0,Laterite,Tube Well,130.73,49.52,2386.96,4.1,53993.91,85925.0
3839,Punjab,Jalandhar,2019,Kharif,Wheat,578.74,24.2,39.9,Red,Drip,420.14,24.59,3882.97,1.99,32163.79,73698.0
3840,Punjab,Jalandhar,2019,Zaid,Cotton,688.82,19.5,54.7,Laterite,Rain-fed,235.06,44.73,2084.55,1.49,53116.45,36538.0
3841,Punjab,Jalandhar,2019,Zaid,Wheat,1064.42,26.8,75.8,Sandy,Canal,351.28,46.78,691.76,7.06,15410.77,71086.0
3842,Punjab,Jalandhar,2019,Rabi,Wheat,454.77,29.6,49.6,Laterite,Sprinkler,138.38,6.95,2351.21,2.84,51750.79,98648.0
3843,Punjab,Jalandhar,2019,Rabi,Cotton,662.86,30.9,69.6,Laterite,Tube Well,271.44,50.88,2678.1,3.99,22476.57,103111.99999999999
3844,Punjab,Jalandhar,2019,Rabi,Sugarcane,1650.96,20.0,52.0,Alluvial,Rain-fed,81.66,8.38,1764.56,7.47,38655.76,217917.99999999997
3845,Punjab,Jalandhar,2019,Rabi,Rice,879.04,37.5,45.2,Laterite,Canal,338.48,21.05,3000.41,1.42,31949.01,76470.0
3846,Punjab,Jalandhar,2019,Zaid,Cotton,2092.9,28.1,46.1,Sandy,Sprinkler,412.06,32.84,3755.3,4.22,27924.58,241548.0
3847,Punjab,Jalandhar,2019,Kharif,Pulses,2034.9,35.4,54.6,Sandy,Sprinkler,163.75,31.1,1306.01,6.97,27519.32,152667.0
3848,Punjab,Jalandhar,2019,Rabi,Millets,1842.03,21.2,51.8,Red,Rain-fed,376.74,30.2,2863.22,8.08,40789.6,228371.99999999997
3849,Punjab,Jalandhar,2019,Rabi,Cotton,447.48,31.0,50.4,Laterite,Sprinkler,98.85,5.52,1571.01,5.52,33171.1,78873.0
3850,Punjab,Jalandhar,2019,Kharif,Pulses,1840.38,25.4,66.1,Laterite,Sprinkler,384.49,6.72,1797.33,6.34,40958.83,134956.0
3851,Punjab,Jalandhar,2019,Kharif,Maize,1929.26,22.3,66.2,Red,Rain-fed,370.48,55.95,3681.81,1.26,51541.0,66285.0
3852,Punjab,Jalandhar,2019,Kharif,Sugarcane,1470.72,35.2,45.1,Black,Rain-fed,305.84,27.02,1110.11,7.35,37836.91,126171.0
3853,Punjab,Bathinda,2019,Kharif,Maize,960.62,28.6,81.2,Laterite,Drip,372.68,11.77,4999.08,6.59,18199.55,410122.0
3854,Punjab,Bathinda,2019,Rabi,Sugarcane,1056.71,21.9,42.8,Black,Sprinkler,167.59,35.97,964.16,3.66,30009.04,48668.0
3855,Punjab,Bathinda,2019,Zaid,Millets,1994.63,27.5,60.2,Sandy,Canal,77.38,22.8,3452.07,5.64,30472.63,291327.0
3856,Punjab,Bathinda,2019,Zaid,Wheat,2045.17,33.7,50.3,Laterite,Rain-fed,408.64,47.69,953.11,4.36,50243.98,53354.0
3857,Punjab,Bathinda,2019,Zaid,Sugarcane,1611.97,22.0,41.9,Laterite,Sprinkler,82.98,13.48,3256.18,5.7,61466.82,226564.0
3858,Punjab,Bathinda,2019,Zaid,Cotton,675.71,31.9,61.5,Red,Canal,91.16,17.22,3320.82,6.97,14498.4,321713.0
3859,Punjab,Bathinda,2019,Zaid,Barley,1075.9,29.9,72.6,Red,Rain-fed,306.66,59.82,2777.96,8.25,51126.29,302059.0
3860,Punjab,Bathinda,2019,Rabi,Rice,1156.67,34.4,48.0,Alluvial,Drip,89.74,54.79,527.04,3.99,45772.48,28219.0
3861,Punjab,Bathinda,2019,Kharif,Barley,1747.33,20.5,63.5,Black,Rain-fed,207.27,43.13,3946.3,6.43,51760.33,306735.0
3862,Punjab,Bathinda,2019,Rabi,Rice,1389.76,35.3,43.0,Black,Sprinkler,313.67,28.51,1835.11,1.88,48848.35,29733.0
3863,Punjab,Bathinda,2019,Rabi,Millets,541.36,31.4,63.1,Red,Tube Well,322.65,57.43,1608.81,7.55,13571.72,153557.0
3864,Punjab,Bathinda,2019,Kharif,Millets,1243.98,23.8,70.7,Alluvial,Tube Well,167.4,28.11,4220.04,7.22,30355.46,274303.0
3865,Punjab,Bathinda,2019,Rabi,Sugarcane,761.15,21.5,55.2,Laterite,Sprinkler,393.75,57.34,1286.9,4.36,14107.17,70515.0
3866,Punjab,Bathinda,2019,Kharif,Barley,1126.96,19.1,90.0,Laterite,Sprinkler,124.74,54.85,1749.14,4.53,64390.86,97277.0
3867,Punjab,Bathinda,2019,Zaid,Pulses,434.71,36.7,74.2,Black,Drip,220.61,57.17,2162.22,5.7,31739.97,204529.0
3868,Punjab,Bathinda,2019,Rabi,Barley,1773.84,23.1,49.9,Black,Sprinkler,92.92,44.0,414.15,6.11,12742.01,39287.0
3869,Punjab,Bathinda,2019,Kharif,Barley,1336.7,28.3,46.6,Alluvial,Sprinkler,283.23,47.46,345.41,1.24,15564.51,6254.0
3870,Punjab,Bathinda,2019,Zaid,Millets,590.21,30.6,64.2,Alluvial,Sprinkler,270.56,37.58,3583.53,5.45,45969.54,249353.00000000003
3871,Maharashtra,Pune,2019,Kharif,Sugarcane,1406.26,35.1,87.4,Laterite,Rain-fed,263.71,53.14,730.02,4.22,12144.56,50759.0
3872,Maharashtra,Pune,2019,Kharif,Millets,1157.77,18.2,63.1,Red,Sprinkler,436.09,28.71,2253.73,7.35,51718.2,153414.0
3873,Maharashtra,Pune,2019,Zaid,Rice,1000.82,31.7,68.8,Alluvial,Tube Well,117.22,10.9,4000.38,7.29,58232.07,331579.0
3874,Maharashtra,Pune,2019,Zaid,Millets,761.65,22.1,81.5,Laterite,Tube Well,357.1,30.35,1519.25,3.0,24682.34,42735.0
3875,Maharashtra,Pune,2019,Rabi,Maize,1810.15,24.9,68.9,Laterite,Rain-fed,430.98,28.27,1912.48,1.88,39489.8,33349.0
3876,Maharashtra,Pune,2019,Zaid,Rice,1090.07,29.9,60.1,Black,Rain-fed,237.52,47.2,1333.98,6.26,33910.63,111482.0
3877,Maharashtra,Pune,2019,Zaid,Rice,821.69,24.7,45.3,Laterite,Rain-fed,163.3,5.68,2419.61,8.44,34038.36,292988.0
3878,Maharashtra,Pune,2019,Rabi,Millets,942.74,32.9,58.5,Black,Sprinkler,176.12,43.99,2740.34,2.04,56909.27,92520.0
3879,Maharashtra,Pune,2019,Rabi,Maize,590.32,20.5,53.1,Alluvial,Drip,180.39,34.88,2499.08,4.64,55534.96,197112.0
3880,Maharashtra,Pune,2019,Rabi,Rice,1012.79,22.2,77.0,Black,Sprinkler,201.7,7.96,3552.66,4.24,48745.4,213846.99999999997
3881,Maharashtra,Pune,2019,Zaid,Millets,1820.57,23.9,83.7,Black,Rain-fed,81.29,21.94,910.17,6.63,45984.03,79572.0
3882,Maharashtra,Pune,2019,Rabi,Rice,445.92,25.4,60.2,Red,Tube Well,408.91,38.6,3652.24,8.31,62048.08,370751.0
3883,Maharashtra,Pune,2019,Rabi,Maize,2108.64,33.5,83.2,Laterite,Tube Well,377.2,39.75,4348.35,7.71,24354.11,596410.0
3884,Maharashtra,Pune,2019,Kharif,Cotton,960.51,19.9,82.4,Sandy,Drip,408.4,42.6,1334.44,5.47,59806.56,113093.0
3885,Maharashtra,Pune,2019,Zaid,Wheat,2023.79,22.4,85.4,Alluvial,Tube Well,160.15,39.22,1303.0,6.58,39090.53,109517.0
3886,Maharashtra,Pune,2019,Zaid,Sugarcane,1637.47,36.4,79.9,Red,Canal,416.09,16.61,3355.13,4.39,32912.08,250561.0
3887,Maharashtra,Pune,2019,Zaid,Cotton,1254.8,33.8,62.4,Laterite,Sprinkler,412.38,39.22,2677.17,4.94,28141.73,218686.0
3888,Maharashtra,Pune,2019,Zaid,Pulses,1237.44,29.6,39.7,Sandy,Canal,166.91,37.93,2344.71,8.22,56658.72,234508.0
3889,Maharashtra,Nashik,2019,Zaid,Barley,1460.03,36.2,44.7,Black,Drip,140.12,44.48,4034.86,1.9,40562.18,111106.0
3890,Maharashtra,Nashik,2019,Kharif,Millets,1607.1,37.2,56.6,Black,Drip,392.66,34.81,3335.38,5.63,39833.16,177661.0
3891,Maharashtra,Nashik,2019,Kharif,Barley,2090.78,24.6,70.3,Laterite,Tube Well,448.42,53.3,4587.73,3.11,17121.93,221852.0
3892,Maharashtra,Nashik,2019,Zaid,Pulses,1919.03,38.0,47.3,Sandy,Tube Well,184.92,51.15,1482.94,3.93,35173.86,61117.99999999999
3893,Maharashtra,Nashik,2019,Rabi,Rice,2188.89,28.8,78.3,Black,Sprinkler,426.75,42.38,906.48,6.45,37326.23,64375.0
3894,Maharashtra,Nashik,2019,Kharif,Barley,1376.94,26.0,42.9,Red,Rain-fed,350.42,29.68,2505.48,2.31,62341.3,100707.0
3895,Maharashtra,Nashik,2019,Kharif,Pulses,1127.25,19.4,50.4,Red,Sprinkler,140.67,51.79,1787.8,2.64,47252.5,61929.0
3896,Maharashtra,Nashik,2019,Kharif,Pulses,841.05,36.6,44.8,Black,Rain-fed,443.91,7.78,2647.04,3.62,60899.03,106536.99999999999
3897,Maharashtra,Nashik,2019,Rabi,Rice,2158.71,27.0,46.8,Black,Rain-fed,336.56,15.08,1293.88,4.78,25157.25,54279.0
3898,Maharashtra,Nashik,2019,Rabi,Rice,926.24,30.5,41.8,Sandy,Rain-fed,255.03,54.42,4368.49,4.07,56787.16,277301.0
3899,Maharashtra,Nashik,2019,Zaid,Maize,2131.28,30.8,44.8,Red,Canal,64.03,10.7,765.35,7.71,40725.04,55077.0
3900,Maharashtra,Nashik,2019,Zaid,Millets,1779.93,37.7,75.3,Red,Sprinkler,246.13,36.21,1256.12,2.84,26514.54,30693.0
3901,Maharashtra,Nashik,2019,Rabi,Barley,1869.65,30.4,58.1,Laterite,Canal,307.55,39.82,551.12,4.09,21100.1,20104.0
3902,Maharashtra,Nashik,2019,Rabi,Barley,969.55,31.8,84.6,Laterite,Tube Well,223.4,32.91,898.25,6.82,56925.48,76067.0
3903,Maharashtra,Nashik,2019,Kharif,Rice,1616.97,37.4,41.8,Laterite,Tube Well,76.33,37.49,4840.32,7.44,46753.78,505987.0
3904,Maharashtra,Nashik,2019,Zaid,Millets,401.87,35.3,88.9,Red,Rain-fed,304.77,5.08,939.19,4.4,57675.83,65079.99999999999
3905,Maharashtra,Nashik,2019,Kharif,Pulses,729.47,28.1,81.6,Laterite,Rain-fed,429.6,5.0,4849.83,2.8,40890.23,176630.0
3906,Maharashtra,Nashik,2019,Rabi,Barley,2016.55,24.8,66.0,Sandy,Sprinkler,345.11,9.82,3837.7,5.15,40768.31,302902.0
3907,Maharashtra,Nagpur,2019,Zaid,Millets,1654.52,30.0,45.6,Laterite,Canal,121.37,16.52,2948.41,2.42,41304.13,123544.0
3908,Maharashtra,Nagpur,2019,Rabi,Sugarcane,1246.79,25.4,89.4,Red,Drip,367.01,34.22,3952.04,3.29,37657.91,194208.0
3909,Maharashtra,Nagpur,2019,Rabi,Wheat,1443.98,23.2,87.4,Red,Canal,165.15,5.99,2575.82,2.82,19955.08,83244.0
3910,Maharashtra,Nagpur,2019,Rabi,Cotton,536.85,21.3,56.6,Red,Tube Well,350.99,43.07,1929.92,6.75,42315.74,213421.0
3911,Maharashtra,Nagpur,2019,Kharif,Sugarcane,576.48,33.4,43.3,Sandy,Drip,432.89,28.2,812.89,6.0,38039.54,59916.99999999999
3912,Maharashtra,Nagpur,2019,Zaid,Wheat,1266.31,19.4,37.7,Laterite,Sprinkler,152.03,33.91,4242.74,5.06,52168.32,230319.0
3913,Maharashtra,Nagpur,2019,Kharif,Sugarcane,1476.07,34.8,68.7,Black,Sprinkler,291.22,41.19,3808.48,6.96,23863.62,422906.00000000006
3914,Maharashtra,Nagpur,2019,Rabi,Sugarcane,1704.0,28.5,80.0,Sandy,Canal,271.57,16.56,3626.63,4.11,42785.21,198141.0
3915,Maharashtra,Nagpur,2019,Rabi,Millets,778.71,35.4,58.9,Sandy,Sprinkler,265.41,55.11,1956.58,2.52,19528.69,55845.00000000001
3916,Maharashtra,Nagpur,2019,Zaid,Sugarcane,1263.86,37.5,47.8,Laterite,Canal,302.72,12.32,2940.84,5.02,31975.73,194342.0
3917,Maharashtra,Nagpur,2019,Zaid,Sugarcane,2073.21,36.6,44.7,Black,Tube Well,413.48,47.9,3651.03,1.62,32914.37,56424.0
3918,Maharashtra,Nagpur,2019,Rabi,Barley,733.18,19.8,38.1,Black,Sprinkler,211.66,30.13,4906.57,7.09,40529.73,422081.00000000006
3919,Maharashtra,Nagpur,2019,Zaid,Millets,535.42,37.9,89.1,Black,Drip,68.16,40.86,2245.45,7.82,38573.0,278725.0
3920,Maharashtra,Nagpur,2019,Kharif,Wheat,1050.79,31.8,50.4,Red,Sprinkler,317.45,13.68,1355.81,4.03,14932.61,56573.0
3921,Maharashtra,Nagpur,2019,Kharif,Millets,1296.58,25.8,41.0,Black,Sprinkler,264.62,47.9,644.05,5.12,33669.41,39355.0
3922,Maharashtra,Nagpur,2019,Kharif,Cotton,438.59,22.8,55.0,Laterite,Sprinkler,239.02,19.54,2074.48,2.69,41188.82,71194.0
3923,Maharashtra,Nagpur,2019,Kharif,Pulses,462.14,27.3,65.4,Alluvial,Sprinkler,320.76,21.45,1210.44,5.93,48811.68,95084.0
3924,Maharashtra,Nagpur,2019,Rabi,Barley,1180.64,31.7,73.5,Alluvial,Rain-fed,114.42,43.35,1411.95,7.02,64412.97,147696.0
3925,Maharashtra,Aurangabad,2019,Kharif,Wheat,958.83,33.1,76.1,Laterite,Rain-fed,187.9,38.4,1936.07,2.85,27216.11,88001.0
3926,Maharashtra,Aurangabad,2019,Rabi,Barley,580.59,19.2,62.5,Laterite,Canal,417.22,38.29,2278.69,2.24,20517.26,76443.0
3927,Maharashtra,Aurangabad,2019,Rabi,Pulses,2081.78,22.7,36.9,Sandy,Tube Well,109.1,5.61,2355.05,3.85,15173.86,149316.0
3928,Maharashtra,Aurangabad,2019,Zaid,Barley,1648.83,22.9,64.6,Alluvial,Canal,65.48,22.56,1335.51,2.95,41366.72,57090.0
3929,Maharashtra,Aurangabad,2019,Zaid,Barley,1328.3,35.5,43.5,Alluvial,Rain-fed,432.63,7.06,1776.0,1.25,13340.76,31343.0
3930,Maharashtra,Aurangabad,2019,Rabi,Pulses,1353.54,36.5,86.0,Laterite,Rain-fed,137.62,37.2,3342.3,7.51,57931.39,265098.0
3931,Maharashtra,Aurangabad,2019,Zaid,Maize,781.83,20.5,51.7,Sandy,Rain-fed,439.03,59.21,1614.79,6.8,22045.39,175875.0
3932,Maharashtra,Aurangabad,2019,Kharif,Rice,2037.89,26.0,68.0,Laterite,Canal,133.44,7.85,2803.0,3.51,42941.35,136486.0
3933,Maharashtra,Aurangabad,2019,Zaid,Pulses,1728.41,31.5,58.9,Alluvial,Drip,197.73,8.58,4213.45,7.2,23059.42,516772.99999999994
3934,Maharashtra,Aurangabad,2019,Kharif,Millets,924.28,32.1,62.6,Sandy,Drip,95.23,29.94,1034.67,1.38,31915.04,22772.0
3935,Maharashtra,Aurangabad,2019,Zaid,Rice,895.71,20.6,59.2,Black,Canal,449.67,33.57,3052.24,5.44,41950.18,155242.0
3936,Maharashtra,Aurangabad,2019,Zaid,Maize,1394.49,19.1,42.9,Alluvial,Drip,250.98,7.6,1978.29,1.58,61591.21,48262.0
3937,Maharashtra,Aurangabad,2019,Rabi,Barley,496.08,32.0,65.0,Red,Canal,347.72,34.06,2163.09,3.12,61594.47,58577.0
3938,Maharashtra,Aurangabad,2019,Kharif,Sugarcane,1378.5,36.8,58.5,Red,Rain-fed,446.02,30.25,3148.81,2.56,38477.72,132559.0
3939,Maharashtra,Aurangabad,2019,Kharif,Millets,950.9,27.4,53.5,Sandy,Rain-fed,202.23,17.38,4303.71,7.96,14506.77,401334.0
3940,Maharashtra,Aurangabad,2019,Rabi,Cotton,1527.06,35.4,54.8,Alluvial,Tube Well,393.62,12.62,4458.86,6.89,53268.09,313719.0
3941,Maharashtra,Aurangabad,2019,Rabi,Barley,1531.08,35.2,58.8,Red,Tube Well,72.12,59.19,1864.39,8.39,44731.44,255661.0
3942,Maharashtra,Aurangabad,2019,Rabi,Barley,993.69,28.8,66.6,Red,Drip,380.43,31.2,3527.77,3.02,17099.64,149350.0
3943,Maharashtra,Kolhapur,2019,Rabi,Millets,673.54,29.3,67.6,Alluvial,Sprinkler,331.98,22.91,846.79,6.27,52649.89,72554.0
3944,Maharashtra,Kolhapur,2019,Kharif,Rice,448.43,27.1,84.9,Black,Canal,158.8,8.92,3844.65,7.55,21926.47,428317.0
3945,Maharashtra,Kolhapur,2019,Zaid,Rice,533.69,30.6,37.7,Alluvial,Drip,224.74,27.91,3401.33,2.91,35850.95,177373.0
3946,Maharashtra,Kolhapur,2019,Kharif,Sugarcane,413.38,36.1,64.5,Black,Rain-fed,89.1,19.47,4893.36,3.02,40302.59,231756.0
3947,Maharashtra,Kolhapur,2019,Zaid,Barley,790.36,21.9,83.5,Laterite,Tube Well,255.99,19.53,851.71,3.86,28954.18,58007.00000000001
3948,Maharashtra,Kolhapur,2019,Zaid,Wheat,1746.25,37.2,85.6,Black,Sprinkler,66.29,7.73,1865.5,5.26,46852.48,168849.0
3949,Maharashtra,Kolhapur,2019,Rabi,Rice,989.73,34.6,82.6,Laterite,Sprinkler,71.25,10.09,1638.46,2.81,40805.42,68521.0
3950,Maharashtra,Kolhapur,2019,Rabi,Rice,1407.67,19.0,61.4,Sandy,Sprinkler,298.4,55.1,4021.04,5.72,50371.42,208527.0
3951,Maharashtra,Kolhapur,2019,Zaid,Rice,1025.6,33.2,69.9,Red,Rain-fed,364.84,11.28,1545.32,4.32,16910.81,93235.0
3952,Maharashtra,Kolhapur,2019,Rabi,Rice,1217.46,18.7,82.7,Red,Rain-fed,212.67,24.99,4232.73,7.85,32717.1,444021.0
3953,Maharashtra,Kolhapur,2019,Zaid,Pulses,822.9,35.5,72.7,Sandy,Canal,137.93,56.21,2531.78,4.36,44038.0,186491.0
3954,Maharashtra,Kolhapur,2019,Rabi,Maize,1592.87,23.5,85.8,Red,Sprinkler,369.01,17.81,4030.33,1.95,34677.62,77377.0
3955,Maharashtra,Kolhapur,2019,Zaid,Cotton,1505.03,20.2,70.6,Alluvial,Rain-fed,88.68,26.17,884.84,4.97,33406.5,66507.0
3956,Maharashtra,Kolhapur,2019,Kharif,Sugarcane,761.38,31.2,39.5,Black,Tube Well,129.86,42.27,1065.18,4.35,55207.2,80913.0
3957,Maharashtra,Kolhapur,2019,Zaid,Cotton,1254.68,23.9,60.1,Alluvial,Tube Well,382.18,48.38,2283.51,6.66,24013.11,216046.0
3958,Maharashtra,Kolhapur,2019,Rabi,Barley,537.06,32.0,82.7,Black,Canal,273.03,53.46,1796.6,5.19,47312.86,123330.0
3959,Maharashtra,Kolhapur,2019,Kharif,Sugarcane,1542.26,33.0,73.3,Sandy,Tube Well,322.32,21.74,2685.84,3.44,26515.07,153858.0
3960,Maharashtra,Kolhapur,2019,Zaid,Maize,1434.47,26.4,76.0,Black,Rain-fed,188.89,23.79,2477.01,5.37,56975.47,157605.0
3961,Karnataka,Bengaluru,2019,Kharif,Cotton,668.8,20.5,62.8,Red,Drip,288.93,19.34,1634.82,5.47,62302.57,82811.0
3962,Karnataka,Bengaluru,2019,Rabi,Barley,826.41,28.9,35.3,Red,Sprinkler,435.12,51.47,526.93,4.5,59209.84,34384.0
3963,Karnataka,Bengaluru,2019,Kharif,Rice,947.72,24.5,90.0,Red,Tube Well,246.9,57.82,4231.43,1.35,55406.91,67474.0
3964,Karnataka,Bengaluru,2019,Zaid,Rice,1083.28,36.9,89.7,Sandy,Canal,190.28,31.07,1020.17,4.31,63502.9,47053.0
3965,Karnataka,Bengaluru,2019,Rabi,Sugarcane,880.83,30.6,62.9,Red,Canal,56.24,5.32,645.25,3.93,46044.74,36947.0
3966,Karnataka,Bengaluru,2019,Zaid,Cotton,1449.17,20.0,67.0,Alluvial,Tube Well,326.23,24.75,2707.86,2.58,37775.83,70749.0
3967,Karnataka,Bengaluru,2019,Zaid,Maize,1470.58,26.5,39.3,Red,Sprinkler,397.58,7.73,1360.48,7.73,39484.73,91345.0
3968,Karnataka,Bengaluru,2019,Zaid,Maize,1943.67,32.3,88.8,Laterite,Rain-fed,310.86,6.28,3013.12,1.43,61186.74,68408.0
3969,Karnataka,Bengaluru,2019,Zaid,Cotton,1012.69,22.7,71.5,Alluvial,Sprinkler,201.06,5.14,1852.33,6.48,47725.9,169805.0
3970,Karnataka,Bengaluru,2019,Kharif,Millets,815.39,19.1,44.8,Laterite,Drip,305.26,25.77,3601.04,2.21,64936.87,78257.0
3971,Karnataka,Bengaluru,2019,Kharif,Barley,1503.6,24.5,49.4,Red,Drip,133.02,55.42,1990.61,1.53,43012.31,32295.0
3972,Karnataka,Bengaluru,2019,Kharif,Pulses,1918.04,21.3,76.7,Sandy,Tube Well,312.76,25.13,2989.56,1.58,54071.72,73756.0
3973,Karnataka,Bengaluru,2019,Rabi,Sugarcane,1783.96,34.9,40.3,Alluvial,Canal,320.82,24.07,3111.42,4.37,19688.53,116830.0
3974,Karnataka,Bengaluru,2019,Kharif,Millets,681.4,23.1,35.6,Sandy,Sprinkler,175.7,19.21,3526.17,2.04,57180.31,78477.0
3975,Karnataka,Bengaluru,2019,Kharif,Rice,1662.17,26.7,58.1,Laterite,Canal,336.87,58.54,4892.38,2.34,31117.41,124617.0
3976,Karnataka,Bengaluru,2019,Zaid,Wheat,1142.93,28.8,70.5,Black,Sprinkler,313.55,14.2,2651.18,2.69,57099.65,100501.0
3977,Karnataka,Bengaluru,2019,Kharif,Pulses,2062.83,24.0,83.2,Sandy,Rain-fed,274.92,14.2,1697.59,5.88,26772.72,128380.0
3978,Karnataka,Bengaluru,2019,Rabi,Millets,1225.16,26.0,52.3,Black,Sprinkler,114.96,51.53,4070.39,6.11,44750.14,281810.0
3979,Karnataka,Mysuru,2019,Kharif,Sugarcane,1170.68,26.2,54.1,Sandy,Tube Well,231.63,16.56,3702.45,1.77,18763.87,57104.99999999999
3980,Karnataka,Mysuru,2019,Zaid,Pulses,1814.85,30.8,72.4,Red,Tube Well,154.69,9.05,1507.49,4.93,55699.89,84411.0
3981,Karnataka,Mysuru,2019,Rabi,Cotton,1415.02,28.5,69.6,Black,Canal,297.37,53.71,4855.86,5.3,18741.31,244669.99999999997
3982,Karnataka,Mysuru,2019,Rabi,Sugarcane,2088.82,31.8,86.3,Laterite,Canal,185.85,58.05,1824.66,4.78,48054.69,94766.0
3983,Karnataka,Mysuru,2019,Rabi,Barley,2115.14,32.5,70.2,Red,Tube Well,373.68,45.42,843.01,6.67,36921.41,99102.0
3984,Karnataka,Mysuru,2019,Zaid,Rice,430.93,18.9,85.1,Red,Rain-fed,65.56,16.73,199.28,2.51,17437.78,4701.0
3985,Karnataka,Mysuru,2019,Kharif,Rice,721.96,35.2,58.0,Black,Tube Well,254.81,12.5,851.13,3.79,25746.26,34250.0
3986,Karnataka,Mysuru,2019,Rabi,Sugarcane,1530.24,26.2,90.0,Red,Canal,101.05,21.22,1665.2,7.83,17639.36,188537.0
3987,Karnataka,Mysuru,2019,Zaid,Barley,1279.3,35.2,62.2,Alluvial,Drip,250.02,6.77,4165.07,1.77,18606.89,84998.0
3988,Karnataka,Mysuru,2019,Kharif,Maize,1160.89,24.0,45.8,Black,Drip,119.96,42.74,1031.85,3.79,26242.03,55173.0
3989,Karnataka,Mysuru,2019,Zaid,Barley,1880.41,29.3,45.4,Sandy,Canal,64.04,53.33,1772.0,1.8,36114.59,31130.0
3990,Karnataka,Mysuru,2019,Kharif,Pulses,927.91,24.8,60.0,Black,Rain-fed,445.2,35.76,2399.55,5.86,20567.0,166058.0
3991,Karnataka,Mysuru,2019,Zaid,Barley,911.53,37.7,67.1,Red,Canal,55.82,38.66,3118.05,4.37,44172.8,119676.0
3992,Karnataka,Mysuru,2019,Zaid,Millets,1652.55,26.7,86.6,Alluvial,Sprinkler,446.48,36.32,3072.85,2.79,39804.33,77865.0
3993,Karnataka,Mysuru,2019,Kharif,Cotton,1411.53,34.4,72.5,Black,Rain-fed,159.15,11.47,1248.96,6.01,43727.12,109752.0
3994,Karnataka,Mysuru,2019,Kharif,Rice,1052.12,20.3,81.6,Black,Drip,180.75,46.83,4539.56,7.76,60830.74,356054.0
3995,Karnataka,Mysuru,2019,Zaid,Millets,461.67,28.1,79.8,Red,Drip,291.81,27.46,2228.97,4.36,59041.24,129549.0
3996,Karnataka,Mysuru,2019,Rabi,Rice,560.01,21.2,38.7,Laterite,Drip,334.96,43.17,1837.2,7.39,16464.17,203759.0
3997,Karnataka,Hubli,2019,Zaid,Barley,1721.31,31.7,51.0,Alluvial,Drip,130.38,6.0,1832.97,4.82,47139.73,153042.0
3998,Karnataka,Hubli,2019,Rabi,Millets,994.96,26.3,65.6,Sandy,Rain-fed,301.86,59.43,3840.29,5.2,44320.71,281151.0
3999,Karnataka,Hubli,2019,Zaid,Sugarcane,860.53,21.2,40.5,Laterite,Canal,276.95,47.3,918.63,1.94,30317.68,29758.999999999996
4000,Karnataka,Hubli,2019,Zaid,Barley,650.1,37.4,35.3,Sandy,Sprinkler,299.83,33.17,2802.63,6.18,14530.81,238023.0
4001,Karnataka,Hubli,2019,Kharif,Rice,970.54,34.0,51.6,Red,Tube Well,91.53,5.12,3959.03,5.28,12755.94,183784.0
4002,Karnataka,Hubli,2019,Rabi,Cotton,1687.32,37.4,72.8,Black,Rain-fed,413.55,48.1,1347.82,7.69,21103.25,125613.00000000001
4003,Karnataka,Hubli,2019,Rabi,Cotton,1640.77,32.0,75.7,Alluvial,Sprinkler,121.32,23.73,3038.54,6.48,12694.91,214467.99999999997
4004,Karnataka,Hubli,2019,Zaid,Rice,1216.39,32.2,50.2,Red,Drip,196.96,18.05,2898.87,6.32,50809.89,302412.0
4005,Karnataka,Hubli,2019,Rabi,Millets,1828.28,36.9,58.8,Laterite,Canal,392.46,6.05,579.7,5.93,17411.63,32739.999999999996
4006,Karnataka,Hubli,2019,Kharif,Cotton,1990.7,33.6,64.5,Sandy,Tube Well,292.18,31.85,890.85,5.64,56629.44,69684.0
4007,Karnataka,Hubli,2019,Kharif,Sugarcane,1044.31,36.3,80.7,Black,Rain-fed,324.52,39.25,466.53,3.69,23300.91,15791.0
4008,Karnataka,Hubli,2019,Rabi,Sugarcane,830.64,30.0,35.1,Black,Rain-fed,205.71,21.96,3271.14,4.61,37365.68,172754.0
4009,Karnataka,Hubli,2019,Rabi,Sugarcane,1240.94,27.8,37.0,Sandy,Tube Well,95.94,17.67,1213.1,1.25,61022.84,14957.0
4010,Karnataka,Hubli,2019,Kharif,Cotton,1201.07,23.0,84.6,Sandy,Rain-fed,126.34,54.84,442.75,1.93,16846.26,10379.0
4011,Karnataka,Hubli,2019,Kharif,Cotton,684.19,26.2,58.8,Red,Sprinkler,84.76,21.64,1140.11,5.53,56185.53,52289.0
4012,Karnataka,Hubli,2019,Rabi,Rice,844.18,25.1,56.0,Black,Rain-fed,187.05,52.24,3576.49,4.35,16661.79,186839.0
4013,Karnataka,Hubli,2019,Zaid,Rice,1744.4,24.0,44.3,Red,Drip,256.02,40.14,1141.46,7.63,48407.82,142025.0
4014,Karnataka,Hubli,2019,Kharif,Millets,1772.05,29.4,74.2,Red,Drip,288.44,27.35,4870.26,4.53,41138.4,396795.0
4015,Karnataka,Belagavi,2019,Zaid,Rice,1604.25,27.9,88.9,Alluvial,Rain-fed,205.02,5.36,2222.76,1.84,22402.78,61024.0
4016,Karnataka,Belagavi,2019,Kharif,Cotton,473.64,24.2,88.9,Laterite,Canal,251.21,5.46,4738.07,7.7,12770.33,437754.0
4017,Karnataka,Belagavi,2019,Rabi,Sugarcane,1571.33,29.4,48.9,Red,Drip,396.26,42.17,714.31,8.12,45312.37,58060.0
4018,Karnataka,Belagavi,2019,Rabi,Millets,2078.61,32.6,45.3,Sandy,Tube Well,399.49,57.1,1381.35,3.49,27099.76,57249.0
4019,Karnataka,Belagavi,2019,Kharif,Barley,1261.78,24.1,61.4,Black,Drip,392.2,15.23,3019.71,4.18,22307.6,213611.0
4020,Karnataka,Belagavi,2019,Zaid,Sugarcane,638.66,30.3,65.9,Laterite,Tube Well,370.97,44.53,4751.08,7.13,55982.66,271397.0
4021,Karnataka,Belagavi,2019,Rabi,Rice,1485.45,25.7,51.3,Alluvial,Tube Well,291.17,39.27,4299.83,3.77,28334.34,204195.0
4022,Karnataka,Belagavi,2019,Kharif,Wheat,1833.19,28.9,67.1,Sandy,Tube Well,180.51,43.01,2051.81,7.18,39318.06,144952.0
4023,Karnataka,Belagavi,2019,Zaid,Pulses,1679.25,19.4,77.8,Black,Drip,351.33,36.11,1963.78,1.71,61588.56,47517.0
4024,Karnataka,Belagavi,2019,Zaid,Pulses,2115.73,27.0,68.0,Black,Rain-fed,414.44,32.76,4004.59,1.52,42128.07,60336.0
4025,Karnataka,Belagavi,2019,Kharif,Millets,1726.08,34.4,87.8,Black,Sprinkler,343.77,9.31,341.4,4.62,13299.38,25914.0
4026,Karnataka,Belagavi,2019,Kharif,Pulses,1549.18,34.6,73.6,Black,Drip,378.33,43.18,782.55,5.77,64022.23,37712.0
4027,Karnataka,Belagavi,2019,Kharif,Wheat,1820.92,22.9,75.5,Sandy,Sprinkler,110.04,17.34,2750.62,6.13,15583.81,252707.00000000003
4028,Karnataka,Belagavi,2019,Rabi,Millets,1773.58,27.4,78.7,Sandy,Drip,266.43,41.38,3047.9,4.4,64537.16,159591.0
4029,Karnataka,Belagavi,2019,Kharif,Sugarcane,1104.7,30.7,74.3,Red,Rain-fed,122.94,37.62,1977.64,7.57,56935.77,180862.0
4030,Karnataka,Belagavi,2019,Zaid,Cotton,1833.24,25.5,60.3,Sandy,Rain-fed,129.18,54.41,860.6,1.37,39975.33,13080.000000000002
4031,Karnataka,Belagavi,2019,Kharif,Rice,1457.69,32.1,42.8,Black,Sprinkler,119.27,37.46,487.76,2.72,52237.68,17482.0
4032,Karnataka,Belagavi,2019,Kharif,Rice,2199.42,36.0,66.9,Alluvial,Rain-fed,269.88,46.51,469.77,8.21,35214.74,46676.0
4033,Karnataka,Mangalore,2019,Zaid,Wheat,2197.63,33.1,50.4,Black,Sprinkler,433.79,7.9,1483.21,2.95,58286.12,54300.0
4034,Karnataka,Mangalore,2019,Kharif,Wheat,655.75,28.4,88.7,Laterite,Drip,309.94,46.92,646.23,6.92,16582.89,52669.00000000001
4035,Karnataka,Mangalore,2019,Zaid,Cotton,1895.56,28.4,63.9,Alluvial,Drip,182.18,52.53,4727.77,5.98,34675.7,263698.0
4036,Karnataka,Mangalore,2019,Zaid,Millets,425.11,36.0,52.6,Red,Sprinkler,334.77,21.18,284.53,4.67,61141.6,12958.000000000002
4037,Karnataka,Mangalore,2019,Zaid,Cotton,619.91,24.5,54.8,Alluvial,Canal,400.8,34.37,2679.29,1.81,34876.85,54063.0
4038,Karnataka,Mangalore,2019,Zaid,Barley,909.17,33.5,74.3,Alluvial,Canal,214.22,32.52,4048.98,1.98,22073.47,119022.0
4039,Karnataka,Mangalore,2019,Kharif,Wheat,1997.26,34.6,70.7,Sandy,Rain-fed,425.96,33.68,4309.62,7.46,57689.03,477470.0
4040,Karnataka,Mangalore,2019,Zaid,Rice,2048.26,34.5,37.9,Laterite,Sprinkler,164.09,7.51,1037.47,6.64,25249.08,78384.0
4041,Karnataka,Mangalore,2019,Kharif,Maize,1318.45,18.3,78.2,Laterite,Tube Well,434.74,34.58,4260.65,6.26,29839.62,274133.0
4042,Karnataka,Mangalore,2019,Zaid,Barley,1111.38,20.9,40.2,Laterite,Canal,274.39,14.9,2690.51,5.82,41467.71,261630.00000000003
4043,Karnataka,Mangalore,2019,Zaid,Rice,1936.78,22.0,87.5,Red,Tube Well,141.82,32.43,4500.98,6.65,30448.52,266007.0
4044,Karnataka,Mangalore,2019,Zaid,Sugarcane,2184.47,37.8,65.5,Black,Rain-fed,123.9,33.44,4713.81,2.77,49328.14,195499.0
4045,Karnataka,Mangalore,2019,Rabi,Rice,1895.82,24.0,47.9,Sandy,Tube Well,159.61,21.26,1970.77,4.59,45219.54,99203.0
4046,Karnataka,Mangalore,2019,Kharif,Sugarcane,940.58,36.6,76.3,Red,Rain-fed,354.29,56.14,2994.65,4.26,50165.25,179757.0
4047,Karnataka,Mangalore,2019,Kharif,Wheat,510.13,20.1,55.0,Laterite,Canal,316.65,15.9,314.54,1.39,53131.08,7253.0
4048,Karnataka,Mangalore,2019,Kharif,Barley,1665.11,20.1,72.7,Alluvial,Sprinkler,210.77,45.35,4288.54,3.47,48576.41,219409.0
4049,Karnataka,Mangalore,2019,Rabi,Millets,627.66,24.2,63.8,Red,Rain-fed,383.33,8.9,617.42,4.04,32839.38,23439.0
4050,Karnataka,Mangalore,2019,Kharif,Wheat,987.82,26.8,81.8,Laterite,Drip,173.64,46.58,938.54,6.97,53367.71,79149.0
4051,Tamil Nadu,Chennai,2019,Zaid,Wheat,1672.9,29.7,57.4,Black,Drip,430.13,58.27,2962.65,7.93,62463.04,300032.0
4052,Tamil Nadu,Chennai,2019,Kharif,Rice,2009.7,18.6,59.1,Alluvial,Sprinkler,329.5,26.47,4944.41,5.05,31922.68,403940.0
4053,Tamil Nadu,Chennai,2019,Rabi,Pulses,1816.03,29.5,81.3,Alluvial,Rain-fed,255.44,18.76,3626.11,6.68,14703.05,388571.0
4054,Tamil Nadu,Chennai,2019,Rabi,Millets,559.04,35.9,43.7,Red,Tube Well,216.61,26.36,1797.66,7.46,48726.43,120807.0
4055,Tamil Nadu,Chennai,2019,Kharif,Barley,1155.27,19.9,60.2,Sandy,Canal,367.08,11.17,507.4,2.07,14065.99,13593.0
4056,Tamil Nadu,Chennai,2019,Kharif,Pulses,1526.81,33.4,45.5,Red,Rain-fed,196.89,28.25,3192.62,7.1,54612.17,381765.0
4057,Tamil Nadu,Chennai,2019,Zaid,Maize,1021.35,26.4,54.2,Sandy,Rain-fed,334.57,55.36,4939.8,2.93,30402.51,235173.0
4058,Tamil Nadu,Chennai,2019,Rabi,Wheat,1912.86,26.4,62.7,Black,Rain-fed,318.92,41.8,3214.95,6.61,22132.44,172141.0
4059,Tamil Nadu,Chennai,2019,Zaid,Maize,689.89,30.1,71.6,Black,Drip,248.39,25.55,740.82,7.54,48619.82,44873.0
4060,Tamil Nadu,Chennai,2019,Zaid,Sugarcane,417.28,18.3,35.4,Sandy,Canal,148.91,56.28,4387.44,3.72,28391.69,250591.0
4061,Tamil Nadu,Chennai,2019,Zaid,Rice,2005.08,18.8,53.7,Alluvial,Sprinkler,183.13,5.02,4187.05,4.49,37887.48,276842.0
4062,Tamil Nadu,Chennai,2019,Zaid,Pulses,1499.05,20.9,85.4,Sandy,Canal,344.18,36.0,1429.05,2.61,44045.64,32375.0
4063,Tamil Nadu,Chennai,2019,Zaid,Sugarcane,1783.05,26.4,49.7,Black,Tube Well,351.67,15.32,752.1,5.48,62286.73,36250.0
4064,Tamil Nadu,Chennai,2019,Rabi,Millets,1609.18,27.5,38.7,Black,Tube Well,416.87,30.17,1007.56,4.2,60915.67,57998.0
4065,Tamil Nadu,Chennai,2019,Kharif,Rice,1043.53,23.4,64.7,Red,Rain-fed,295.65,55.88,2766.55,1.84,45736.16,45625.0
4066,Tamil Nadu,Chennai,2019,Rabi,Maize,1830.86,33.0,61.0,Black,Rain-fed,194.65,48.59,4042.73,4.65,61397.03,158086.0
4067,Tamil Nadu,Chennai,2019,Rabi,Cotton,1916.67,28.7,64.9,Laterite,Sprinkler,430.99,52.79,4386.51,8.35,40241.59,593787.0
4068,Tamil Nadu,Chennai,2019,Kharif,Pulses,1955.1,20.0,83.8,Red,Drip,95.16,36.73,2675.24,1.65,60810.82,72300.0
4069,Tamil Nadu,Coimbatore,2019,Zaid,Wheat,582.22,23.5,69.3,Alluvial,Rain-fed,312.52,34.59,1617.32,5.23,59029.9,82424.0
4070,Tamil Nadu,Coimbatore,2019,Rabi,Wheat,927.33,21.5,61.1,Black,Tube Well,224.99,45.02,3997.55,7.34,61130.41,289008.0
4071,Tamil Nadu,Coimbatore,2019,Kharif,Sugarcane,818.68,28.0,66.4,Black,Canal,146.76,22.52,1553.91,4.1,38500.57,102158.0
4072,Tamil Nadu,Coimbatore,2019,Rabi,Wheat,1957.5,29.9,51.3,Sandy,Canal,290.52,35.92,598.45,4.56,50051.43,26967.0
4073,Tamil Nadu,Coimbatore,2019,Rabi,Rice,1651.15,32.4,68.6,Laterite,Tube Well,421.05,39.82,3981.35,7.18,56794.85,464203.0
4074,Tamil Nadu,Coimbatore,2019,Rabi,Barley,522.67,18.4,66.6,Laterite,Tube Well,97.24,46.38,1155.39,7.33,33410.3,149862.0
4075,Tamil Nadu,Coimbatore,2019,Zaid,Maize,524.13,37.6,74.9,Red,Rain-fed,288.03,12.84,226.62,4.51,60512.81,14210.0
4076,Tamil Nadu,Coimbatore,2019,Rabi,Wheat,443.15,19.1,49.1,Laterite,Drip,159.67,23.94,4272.09,7.28,32258.53,322901.0
4077,Tamil Nadu,Coimbatore,2019,Zaid,Millets,1071.33,21.1,83.6,Black,Sprinkler,398.15,6.2,656.71,3.53,42116.88,37610.0
4078,Tamil Nadu,Coimbatore,2019,Kharif,Wheat,976.76,27.2,41.5,Alluvial,Drip,140.73,31.3,2022.85,6.61,63231.04,195891.0
4079,Tamil Nadu,Coimbatore,2019,Rabi,Maize,2003.87,23.6,88.9,Laterite,Tube Well,127.32,47.68,1214.39,4.6,60943.69,95891.0
4080,Tamil Nadu,Coimbatore,2019,Zaid,Cotton,2083.94,25.8,65.0,Sandy,Sprinkler,131.8,15.24,672.11,6.77,38783.57,43509.0
4081,Tamil Nadu,Coimbatore,2019,Rabi,Wheat,1997.52,26.8,61.2,Laterite,Rain-fed,303.43,20.72,3986.53,5.07,47867.56,250421.0
4082,Tamil Nadu,Coimbatore,2019,Zaid,Pulses,557.97,31.9,44.9,Sandy,Rain-fed,105.02,36.23,1400.29,5.13,18754.31,104341.00000000001
4083,Tamil Nadu,Coimbatore,2019,Kharif,Rice,1117.32,20.9,71.7,Red,Canal,246.21,53.67,1698.56,1.83,36746.8,41350.0
4084,Tamil Nadu,Coimbatore,2019,Kharif,Cotton,912.37,36.0,71.6,Black,Canal,226.53,29.47,2097.18,2.64,35625.96,84214.0
4085,Tamil Nadu,Coimbatore,2019,Zaid,Millets,1934.62,38.0,87.5,Sandy,Sprinkler,121.62,31.75,2885.77,4.25,14902.73,148377.0
4086,Tamil Nadu,Coimbatore,2019,Rabi,Barley,1188.57,32.3,50.5,Sandy,Rain-fed,417.74,57.34,1719.5,6.33,47227.99,178652.0
4087,Tamil Nadu,Madurai,2019,Rabi,Barley,715.8,34.5,57.3,Black,Canal,154.75,27.38,553.95,6.46,57450.51,56251.0
4088,Tamil Nadu,Madurai,2019,Zaid,Maize,514.62,35.8,72.2,Laterite,Sprinkler,143.38,33.67,3180.27,4.86,56612.95,220021.99999999997
4089,Tamil Nadu,Madurai,2019,Zaid,Barley,966.87,20.2,70.1,Red,Sprinkler,224.68,27.54,360.02,6.96,38189.69,40088.0
4090,Tamil Nadu,Madurai,2019,Zaid,Sugarcane,1505.35,27.3,40.9,Black,Rain-fed,408.96,42.82,1911.0,7.53,21750.78,159474.0
4091,Tamil Nadu,Madurai,2019,Kharif,Barley,2122.25,25.5,43.5,Red,Canal,313.24,45.46,1870.34,4.75,35973.89,141605.0
4092,Tamil Nadu,Madurai,2019,Kharif,Barley,1377.4,20.8,86.7,Alluvial,Drip,121.96,48.9,2369.31,2.11,23358.58,44030.0
4093,Tamil Nadu,Madurai,2019,Rabi,Rice,1744.09,30.0,37.8,Laterite,Tube Well,337.93,58.65,1344.68,8.31,28697.36,184784.0
4094,Tamil Nadu,Madurai,2019,Zaid,Sugarcane,922.2,30.9,43.2,Black,Tube Well,122.19,53.59,434.63,2.13,47109.26,16662.0
4095,Tamil Nadu,Madurai,2019,Rabi,Barley,1444.27,32.5,49.4,Black,Drip,257.01,24.71,2613.53,1.27,26391.56,46483.0
4096,Tamil Nadu,Madurai,2019,Rabi,Millets,2006.6,28.2,76.6,Laterite,Sprinkler,220.8,31.08,4513.48,2.58,14826.6,109883.99999999999
4097,Tamil Nadu,Madurai,2019,Kharif,Cotton,1025.85,28.8,68.8,Alluvial,Tube Well,61.64,8.37,2056.24,7.14,42404.47,186070.0
4098,Tamil Nadu,Madurai,2019,Rabi,Maize,2059.45,26.5,57.3,Red,Rain-fed,443.91,32.61,2706.4,5.33,41329.66,140998.0
4099,Tamil Nadu,Madurai,2019,Rabi,Barley,2034.26,37.4,39.5,Red,Sprinkler,341.15,42.64,4003.79,6.22,14272.59,435028.0
4100,Tamil Nadu,Madurai,2019,Kharif,Sugarcane,1633.86,34.5,67.4,Black,Sprinkler,86.82,9.4,778.1,2.53,51850.36,22466.0
4101,Tamil Nadu,Madurai,2019,Kharif,Pulses,540.88,25.7,50.3,Alluvial,Sprinkler,179.88,51.21,3603.89,6.09,20754.01,226046.0
4102,Tamil Nadu,Madurai,2019,Rabi,Millets,1296.69,25.4,68.8,Sandy,Rain-fed,350.36,16.31,876.27,6.5,13408.95,59345.00000000001
4103,Tamil Nadu,Madurai,2019,Kharif,Sugarcane,689.38,27.4,49.1,Black,Drip,262.77,28.22,4983.05,2.8,53151.66,225617.99999999997
4104,Tamil Nadu,Madurai,2019,Zaid,Sugarcane,1380.57,31.3,54.5,Red,Sprinkler,153.02,29.56,2229.88,7.69,24514.37,265274.0
4105,Tamil Nadu,Salem,2019,Kharif,Maize,538.88,26.5,75.9,Alluvial,Drip,354.82,38.14,3102.56,5.18,19345.6,161682.0
4106,Tamil Nadu,Salem,2019,Rabi,Pulses,2114.77,25.3,62.6,Alluvial,Drip,295.38,15.75,3122.07,6.23,13110.9,261309.0
4107,Tamil Nadu,Salem,2019,Zaid,Pulses,1241.26,31.3,59.8,Black,Rain-fed,73.4,32.4,3136.92,6.12,63546.91,278743.0
4108,Tamil Nadu,Salem,2019,Kharif,Cotton,2015.76,34.4,51.5,Red,Tube Well,380.29,30.79,3305.02,8.24,15678.23,280656.0
4109,Tamil Nadu,Salem,2019,Rabi,Millets,779.6,31.5,42.2,Laterite,Sprinkler,112.93,49.24,1654.74,6.49,34750.44,110704.0
4110,Tamil Nadu,Salem,2019,Rabi,Cotton,1068.13,22.3,40.5,Black,Tube Well,55.02,36.49,1042.64,3.73,48002.76,50691.0
4111,Tamil Nadu,Salem,2019,Zaid,Sugarcane,1626.27,31.9,61.0,Alluvial,Drip,63.79,15.3,3205.84,5.62,32610.07,177332.0
4112,Tamil Nadu,Salem,2019,Zaid,Sugarcane,1389.63,26.8,43.9,Red,Sprinkler,391.64,57.49,2782.02,4.77,35039.05,161125.0
4113,Tamil Nadu,Salem,2019,Zaid,Millets,475.34,31.0,80.3,Red,Drip,281.52,39.13,3667.93,6.19,18201.0,368192.0
4114,Tamil Nadu,Salem,2019,Rabi,Sugarcane,1021.89,20.9,67.0,Alluvial,Canal,365.28,14.47,4459.56,7.49,58781.55,597172.0
4115,Tamil Nadu,Salem,2019,Zaid,Wheat,472.16,35.4,44.8,Red,Tube Well,445.26,24.74,743.16,2.42,40714.99,18615.0
4116,Tamil Nadu,Salem,2019,Zaid,Wheat,1352.45,28.6,51.0,Black,Rain-fed,203.19,51.71,671.03,7.4,57817.88,53927.0
4117,Tamil Nadu,Salem,2019,Kharif,Millets,1883.99,35.9,68.8,Laterite,Sprinkler,89.85,11.7,2486.74,5.34,53898.87,161835.0
4118,Tamil Nadu,Salem,2019,Kharif,Pulses,1231.69,26.6,37.1,Red,Rain-fed,235.94,55.58,693.48,1.35,55945.08,10751.0
4119,Tamil Nadu,Salem,2019,Rabi,Wheat,1109.06,37.3,46.0,Alluvial,Tube Well,346.8,48.15,4760.96,8.01,48834.81,438354.0
4120,Tamil Nadu,Salem,2019,Zaid,Cotton,1800.27,30.7,52.3,Red,Tube Well,408.93,25.99,2136.85,4.61,52982.23,170654.0
4121,Tamil Nadu,Salem,2019,Rabi,Rice,900.5,32.3,51.8,Red,Drip,56.94,56.4,4193.46,7.31,17816.23,478218.0
4122,Tamil Nadu,Salem,2019,Zaid,Millets,1319.04,27.8,40.4,Sandy,Drip,353.17,18.21,4077.47,2.59,21563.49,118820.0
4123,Tamil Nadu,Tiruchirappalli,2019,Rabi,Sugarcane,1265.59,33.6,84.7,Red,Canal,306.88,12.77,4982.76,6.46,26234.26,271802.0
4124,Tamil Nadu,Tiruchirappalli,2019,Rabi,Millets,1288.86,25.4,64.6,Sandy,Canal,218.62,49.81,484.68,6.3,14674.55,25008.0
4125,Tamil Nadu,Tiruchirappalli,2019,Zaid,Rice,1353.41,25.6,70.4,Sandy,Canal,157.25,38.46,1269.79,2.77,62592.46,61802.0
4126,Tamil Nadu,Tiruchirappalli,2019,Zaid,Cotton,500.97,25.9,67.4,Red,Sprinkler,320.04,58.01,4487.32,1.83,28961.68,123121.0
4127,Tamil Nadu,Tiruchirappalli,2019,Kharif,Wheat,1567.3,28.1,55.4,Sandy,Drip,358.93,30.35,582.71,6.23,17811.31,62766.99999999999
4128,Tamil Nadu,Tiruchirappalli,2019,Zaid,Sugarcane,1284.17,31.3,64.6,Alluvial,Drip,159.85,26.35,4670.84,3.53,17586.34,164557.0
4129,Tamil Nadu,Tiruchirappalli,2019,Rabi,Pulses,1686.84,36.1,51.4,Laterite,Canal,93.66,56.75,967.13,2.85,62408.24,42443.0
4130,Tamil Nadu,Tiruchirappalli,2019,Kharif,Rice,1245.88,34.2,87.9,Laterite,Canal,229.52,17.57,4365.12,6.03,15539.15,321713.0
4131,Tamil Nadu,Tiruchirappalli,2019,Kharif,Pulses,930.13,32.5,66.1,Laterite,Tube Well,83.17,31.01,1241.48,5.78,40302.15,120438.00000000001
4132,Tamil Nadu,Tiruchirappalli,2019,Zaid,Pulses,1153.12,33.5,75.0,Laterite,Canal,292.19,38.78,101.29,6.27,27935.9,8291.0
4133,Tamil Nadu,Tiruchirappalli,2019,Rabi,Pulses,1091.6,35.3,40.5,Red,Sprinkler,377.94,52.29,1015.67,5.41,57767.74,82759.0
4134,Tamil Nadu,Tiruchirappalli,2019,Rabi,Barley,947.6,25.2,79.5,Sandy,Drip,58.94,32.12,1193.74,2.65,32003.34,28877.999999999996
4135,Tamil Nadu,Tiruchirappalli,2019,Zaid,Barley,2179.29,19.9,72.7,Red,Sprinkler,98.03,31.12,3269.26,5.18,23551.14,288124.0
4136,Tamil Nadu,Tiruchirappalli,2019,Rabi,Barley,2085.32,31.4,44.3,Sandy,Drip,61.46,49.51,3862.31,7.7,42389.44,283471.0
4137,Tamil Nadu,Tiruchirappalli,2019,Kharif,Wheat,419.52,34.0,54.2,Red,Rain-fed,73.62,43.66,2803.74,4.56,33502.93,228319.99999999997
4138,Tamil Nadu,Tiruchirappalli,2019,Zaid,Rice,1694.26,35.2,62.9,Black,Tube Well,189.2,17.79,4906.96,7.88,24719.86,342373.0
4139,Tamil Nadu,Tiruchirappalli,2019,Kharif,Maize,2084.41,34.9,79.6,Black,Sprinkler,226.99,48.09,1513.93,4.83,56271.91,104296.0
4140,Tamil Nadu,Tiruchirappalli,2019,Kharif,Rice,2089.96,19.8,71.4,Alluvial,Tube Well,84.41,58.58,2314.4,1.88,12358.64,47187.0
4141,Rajasthan,Jaipur,2019,Kharif,Sugarcane,1186.16,28.0,52.6,Alluvial,Canal,352.74,19.39,2421.25,5.68,38604.43,197879.0
4142,Rajasthan,Jaipur,2019,Zaid,Wheat,1753.0,35.5,40.0,Alluvial,Rain-fed,145.52,50.84,3467.52,2.43,18223.93,136886.0
4143,Rajasthan,Jaipur,2019,Zaid,Wheat,543.44,32.5,84.3,Alluvial,Sprinkler,383.86,47.39,2896.52,2.0,47006.56,78703.0
4144,Rajasthan,Jaipur,2019,Zaid,Maize,1238.93,27.8,43.1,Red,Tube Well,165.44,40.48,3582.33,8.14,29082.09,255296.99999999997
4145,Rajasthan,Jaipur,2019,Kharif,Rice,1071.95,31.8,65.0,Sandy,Canal,381.42,16.35,2046.15,3.6,52289.76,81732.0
4146,Rajasthan,Jaipur,2019,Zaid,Cotton,1327.62,32.8,72.8,Black,Tube Well,291.3,43.35,3083.96,1.31,39077.84,41379.0
4147,Rajasthan,Jaipur,2019,Zaid,Pulses,1159.71,29.3,64.4,Sandy,Canal,371.31,36.94,2762.91,1.71,31980.81,57235.0
4148,Rajasthan,Jaipur,2019,Zaid,Barley,1713.38,29.5,66.2,Laterite,Tube Well,113.13,44.44,2342.08,4.51,13421.09,173084.0
4149,Rajasthan,Jaipur,2019,Rabi,Pulses,1220.71,36.1,51.3,Laterite,Tube Well,265.61,28.33,4215.38,4.48,47171.23,211464.0
4150,Rajasthan,Jaipur,2019,Kharif,Millets,785.09,31.3,79.3,Black,Tube Well,252.78,7.16,2365.61,1.45,55193.06,45431.0
4151,Rajasthan,Jaipur,2019,Zaid,Sugarcane,1908.15,22.5,48.1,Laterite,Rain-fed,237.05,20.54,557.34,6.05,21312.76,43793.0
4152,Rajasthan,Jaipur,2019,Kharif,Millets,493.96,22.9,80.0,Laterite,Drip,411.88,25.24,4216.56,1.22,51401.72,59641.99999999999
4153,Rajasthan,Jaipur,2019,Kharif,Maize,520.08,22.4,70.1,Black,Drip,255.58,29.13,2846.25,2.42,45316.45,91285.0
4154,Rajasthan,Jaipur,2019,Kharif,Pulses,1000.6,33.0,79.9,Laterite,Sprinkler,209.34,46.61,370.28,5.02,23410.26,30005.0
4155,Rajasthan,Jaipur,2019,Rabi,Rice,1898.56,31.4,78.1,Red,Sprinkler,54.06,12.01,3456.44,5.94,30327.14,222156.0
4156,Rajasthan,Jaipur,2019,Kharif,Rice,1413.33,27.8,84.1,Laterite,Drip,231.65,40.1,4860.72,3.28,51355.84,205346.0
4157,Rajasthan,Jaipur,2019,Zaid,Cotton,1497.37,30.6,80.6,Red,Canal,200.85,19.09,2170.22,7.26,63619.94,261284.0
4158,Rajasthan,Jaipur,2019,Zaid,Barley,2080.27,30.6,77.9,Laterite,Canal,358.95,58.02,974.65,1.28,44163.34,12026.0
4159,Rajasthan,Jodhpur,2019,Zaid,Rice,2002.73,22.9,81.6,Laterite,Canal,198.87,51.92,2176.85,1.65,47876.6,50993.0
4160,Rajasthan,Jodhpur,2019,Zaid,Millets,600.16,23.4,53.3,Sandy,Sprinkler,294.05,49.12,877.62,7.7,37245.28,59366.99999999999
4161,Rajasthan,Jodhpur,2019,Zaid,Wheat,669.73,19.6,40.8,Alluvial,Tube Well,272.1,40.63,258.54,1.46,60698.54,4472.0
4162,Rajasthan,Jodhpur,2019,Kharif,Sugarcane,931.66,36.8,61.5,Black,Drip,332.7,55.12,1466.25,7.3,30308.89,117743.0
4163,Rajasthan,Jodhpur,2019,Kharif,Sugarcane,2080.49,24.8,67.3,Alluvial,Drip,216.01,59.32,1578.3,5.72,30493.89,109297.0
4164,Rajasthan,Jodhpur,2019,Rabi,Barley,759.66,28.3,74.3,Alluvial,Canal,253.59,23.3,367.07,8.04,25881.23,33218.0
4165,Rajasthan,Jodhpur,2019,Rabi,Rice,1143.8,22.6,49.3,Laterite,Sprinkler,57.87,26.61,2232.29,4.32,54829.37,152342.0
4166,Rajasthan,Jodhpur,2019,Zaid,Rice,1880.07,22.2,38.5,Alluvial,Rain-fed,368.7,13.23,4746.29,3.21,61634.68,163738.0
4167,Rajasthan,Jodhpur,2019,Rabi,Sugarcane,1022.98,18.5,36.0,Black,Sprinkler,156.19,57.99,3700.87,1.75,39599.04,54355.99999999999
4168,Rajasthan,Jodhpur,2019,Zaid,Maize,1481.89,23.1,75.2,Sandy,Canal,195.6,47.88,1101.83,7.9,16547.2,72642.0
4169,Rajasthan,Jodhpur,2019,Zaid,Maize,1172.67,37.1,84.7,Sandy,Canal,162.11,46.41,4833.26,3.14,37018.56,125338.00000000001
4170,Rajasthan,Jodhpur,2019,Kharif,Maize,1564.8,25.2,86.1,Laterite,Drip,88.03,26.08,1135.23,5.34,50929.93,57675.0
4171,Rajasthan,Jodhpur,2019,Kharif,Pulses,1448.56,22.4,82.9,Red,Sprinkler,221.4,31.93,3948.23,2.01,48801.86,135795.0
4172,Rajasthan,Jodhpur,2019,Kharif,Rice,652.0,33.4,85.1,Sandy,Drip,134.76,53.61,2195.28,7.56,52182.12,151470.0
4173,Rajasthan,Jodhpur,2019,Kharif,Cotton,1055.3,26.3,66.4,Alluvial,Tube Well,247.42,27.0,3441.73,5.38,12417.11,262966.0
4174,Rajasthan,Jodhpur,2019,Kharif,Maize,1503.29,36.3,43.2,Red,Drip,141.36,59.06,1698.73,2.1,50777.7,41430.0
4175,Rajasthan,Jodhpur,2019,Rabi,Pulses,1177.19,32.2,64.9,Alluvial,Sprinkler,234.16,12.55,1624.37,3.78,55935.82,50470.0
4176,Rajasthan,Jodhpur,2019,Zaid,Cotton,586.35,33.9,71.6,Black,Rain-fed,86.02,50.79,2798.0,5.08,44324.27,138328.0
4177,Rajasthan,Udaipur,2019,Rabi,Cotton,1095.1,21.2,85.5,Laterite,Drip,210.07,25.65,3029.67,1.23,39728.79,61609.0
4178,Rajasthan,Udaipur,2019,Kharif,Maize,2147.71,21.2,84.8,Laterite,Sprinkler,433.2,18.87,4294.78,2.66,64201.98,154935.0
4179,Rajasthan,Udaipur,2019,Zaid,Rice,685.41,23.0,51.1,Alluvial,Rain-fed,449.68,56.36,3911.49,8.07,40699.45,403036.0
4180,Rajasthan,Udaipur,2019,Kharif,Cotton,1238.07,31.9,59.4,Laterite,Rain-fed,174.87,20.02,482.0,3.71,43069.7,26245.999999999996
4181,Rajasthan,Udaipur,2019,Rabi,Maize,1760.19,22.3,66.8,Alluvial,Sprinkler,302.82,19.74,4195.56,6.04,52004.01,273117.0
4182,Rajasthan,Udaipur,2019,Kharif,Pulses,974.66,18.1,65.3,Red,Tube Well,328.95,29.73,1658.86,7.11,38187.3,178922.0
4183,Rajasthan,Udaipur,2019,Rabi,Wheat,2040.91,26.5,54.0,Laterite,Canal,335.28,10.69,2201.12,2.47,13392.7,54105.99999999999
4184,Rajasthan,Udaipur,2019,Zaid,Cotton,1502.74,23.7,85.9,Black,Canal,116.01,33.49,2963.88,2.14,18209.01,61645.00000000001
4185,Rajasthan,Udaipur,2019,Kharif,Pulses,1752.66,29.0,75.0,Sandy,Sprinkler,394.02,35.78,330.63,2.48,50402.06,11819.0
4186,Rajasthan,Udaipur,2019,Kharif,Maize,707.88,18.7,80.5,Red,Rain-fed,192.57,39.44,119.17,6.33,43449.22,11823.0
4187,Rajasthan,Udaipur,2019,Kharif,Millets,1416.82,22.2,75.1,Alluvial,Canal,245.96,47.82,740.45,7.37,42750.8,52799.0
4188,Rajasthan,Udaipur,2019,Zaid,Maize,704.88,30.0,85.8,Black,Rain-fed,104.48,24.86,2371.7,8.32,42243.25,258991.0
4189,Rajasthan,Udaipur,2019,Zaid,Cotton,2071.06,21.4,78.4,Alluvial,Canal,142.81,51.24,1568.28,5.22,57350.97,103785.99999999999
4190,Rajasthan,Udaipur,2019,Zaid,Sugarcane,1266.11,28.7,62.0,Sandy,Sprinkler,364.79,7.71,1960.97,3.59,27565.37,57270.00000000001
4191,Rajasthan,Udaipur,2019,Rabi,Pulses,1879.31,21.2,72.1,Laterite,Canal,266.54,11.44,1854.91,6.9,19435.36,212476.00000000003
4192,Rajasthan,Udaipur,2019,Zaid,Wheat,2134.7,29.7,74.5,Alluvial,Drip,436.68,20.94,1475.23,2.0,53300.51,26849.0
4193,Rajasthan,Udaipur,2019,Kharif,Barley,932.25,36.4,74.6,Black,Rain-fed,149.24,11.92,1785.18,6.11,47140.67,89593.0
4194,Rajasthan,Udaipur,2019,Zaid,Barley,1311.05,28.4,46.2,Laterite,Tube Well,354.03,43.43,4930.51,8.0,48448.77,528937.0
4195,Rajasthan,Kota,2019,Zaid,Rice,1003.38,37.6,89.7,Sandy,Rain-fed,394.16,49.52,3687.59,5.34,52420.17,224440.0
4196,Rajasthan,Kota,2019,Zaid,Millets,547.1,29.6,59.2,Alluvial,Drip,397.82,32.32,317.89,8.39,43810.18,23563.0
4197,Rajasthan,Kota,2019,Rabi,Pulses,739.58,26.0,47.3,Alluvial,Rain-fed,189.73,13.17,3165.03,4.63,22705.75,118845.0
4198,Rajasthan,Kota,2019,Kharif,Pulses,1359.54,32.4,64.9,Sandy,Tube Well,444.48,28.13,4108.33,2.0,46904.36,88090.0
4199,Rajasthan,Kota,2019,Rabi,Wheat,1075.69,19.3,51.7,Sandy,Rain-fed,393.3,59.91,650.89,7.77,39662.45,65758.0
4200,Rajasthan,Kota,2019,Zaid,Rice,1523.13,32.5,56.3,Alluvial,Rain-fed,318.57,23.47,2431.72,2.9,46672.07,86249.0
4201,Rajasthan,Kota,2019,Kharif,Sugarcane,558.75,33.8,84.6,Alluvial,Tube Well,59.28,47.05,103.0,1.88,40981.33,3274.0
4202,Rajasthan,Kota,2019,Kharif,Sugarcane,1399.41,21.6,81.1,Sandy,Sprinkler,144.08,26.14,3888.0,8.25,42133.56,492059.0
4203,Rajasthan,Kota,2019,Rabi,Rice,1555.12,27.7,71.0,Sandy,Sprinkler,182.14,22.92,4955.16,5.57,30356.81,461618.0
4204,Rajasthan,Kota,2019,Rabi,Wheat,2006.51,36.0,49.8,Alluvial,Sprinkler,290.98,19.11,4781.5,2.7,63657.48,139897.0
4205,Rajasthan,Kota,2019,Kharif,Wheat,1494.92,19.4,87.6,Alluvial,Tube Well,216.56,22.92,3104.8,1.88,40396.53,59301.0
4206,Rajasthan,Kota,2019,Kharif,Millets,1460.39,33.2,56.4,Red,Sprinkler,203.92,5.95,4585.98,6.31,49503.62,360838.0
4207,Rajasthan,Kota,2019,Kharif,Wheat,1579.87,26.6,36.1,Alluvial,Rain-fed,96.13,25.65,640.27,5.4,35405.46,40654.0
4208,Rajasthan,Kota,2019,Zaid,Maize,1893.38,18.5,56.0,Black,Canal,136.06,32.43,2938.17,3.78,30940.64,148045.0
4209,Rajasthan,Kota,2019,Kharif,Pulses,1961.88,32.6,56.2,Black,Tube Well,336.73,19.08,2867.03,2.99,60689.2,150485.0
4210,Rajasthan,Kota,2019,Kharif,Rice,413.01,30.6,78.9,Sandy,Tube Well,346.59,53.03,4966.95,6.35,47596.07,307780.0
4211,Rajasthan,Kota,2019,Rabi,Wheat,1530.72,22.4,62.0,Sandy,Sprinkler,360.6,11.64,3719.05,2.14,63135.41,77423.0
4212,Rajasthan,Kota,2019,Zaid,Rice,552.75,32.8,80.9,Alluvial,Tube Well,310.11,14.1,2255.39,4.26,58782.91,158655.0
4213,Rajasthan,Ajmer,2019,Rabi,Cotton,959.9,23.3,60.8,Sandy,Tube Well,363.28,48.81,195.22,3.05,46898.02,5591.0
4214,Rajasthan,Ajmer,2019,Rabi,Barley,968.02,19.8,53.6,Alluvial,Sprinkler,169.3,24.25,1576.51,8.39,42113.43,235204.0
4215,Rajasthan,Ajmer,2019,Zaid,Barley,514.78,29.5,84.6,Alluvial,Rain-fed,57.14,51.48,4933.17,6.01,26025.58,442564.99999999994
4216,Rajasthan,Ajmer,2019,Zaid,Cotton,2075.52,24.0,82.1,Sandy,Tube Well,219.11,40.7,4625.74,2.26,17804.88,120157.0
4217,Rajasthan,Ajmer,2019,Rabi,Sugarcane,1829.48,37.5,78.7,Red,Drip,319.19,30.16,2078.13,6.62,37761.52,206573.99999999997
4218,Rajasthan,Ajmer,2019,Zaid,Wheat,2141.25,22.8,81.1,Alluvial,Canal,356.54,31.44,3009.26,1.27,60816.55,43842.0
4219,Rajasthan,Ajmer,2019,Zaid,Maize,899.42,33.1,78.8,Alluvial,Canal,225.06,17.86,1196.32,1.51,54263.8,22066.0
4220,Rajasthan,Ajmer,2019,Rabi,Maize,2185.23,27.2,77.0,Alluvial,Canal,217.38,14.42,4297.07,5.63,24133.47,237137.0
4221,Rajasthan,Ajmer,2019,Kharif,Millets,2195.3,37.2,44.5,Black,Rain-fed,216.66,23.47,429.94,7.75,18740.21,58973.0
4222,Rajasthan,Ajmer,2019,Zaid,Cotton,2087.96,34.5,85.6,Black,Canal,402.89,9.52,4937.73,8.29,41194.54,415000.0
4223,Rajasthan,Ajmer,2019,Rabi,Wheat,698.93,35.2,72.6,Alluvial,Sprinkler,67.24,50.65,4359.77,4.11,50913.48,146409.0
4224,Rajasthan,Ajmer,2019,Zaid,Pulses,796.15,20.3,39.3,Sandy,Tube Well,211.44,43.34,1177.61,7.41,21418.38,143141.0
4225,Rajasthan,Ajmer,2019,Kharif,Pulses,747.99,20.1,63.0,Sandy,Tube Well,267.17,56.33,1260.31,3.96,41823.75,45454.0
4226,Rajasthan,Ajmer,2019,Kharif,Cotton,1054.92,28.4,76.3,Laterite,Sprinkler,201.28,15.68,3096.47,6.45,22997.07,186256.0
4227,Rajasthan,Ajmer,2019,Zaid,Wheat,1239.43,19.9,43.6,Alluvial,Drip,447.36,50.75,4135.82,7.62,29723.63,406341.0
4228,Rajasthan,Ajmer,2019,Kharif,Pulses,580.77,20.1,65.0,Sandy,Rain-fed,435.06,43.08,1522.79,7.44,16131.49,155786.0
4229,Rajasthan,Ajmer,2019,Rabi,Cotton,2188.81,32.2,69.6,Black,Tube Well,403.11,54.25,3710.67,7.97,52026.02,348033.0
4230,Rajasthan,Ajmer,2019,Zaid,Millets,1899.91,20.0,41.8,Laterite,Rain-fed,104.53,17.55,4878.35,6.24,37416.67,325228.0
4231,West Bengal,Kolkata,2019,Kharif,Barley,1020.12,35.3,69.0,Black,Tube Well,427.74,16.45,128.49,8.03,21800.53,18345.0
4232,West Bengal,Kolkata,2019,Zaid,Rice,1124.35,25.7,47.5,Sandy,Sprinkler,136.88,45.16,3706.21,7.42,48770.87,471932.0
4233,West Bengal,Kolkata,2019,Zaid,Millets,1528.39,21.2,38.6,Sandy,Drip,77.48,12.34,4944.41,2.38,51853.8,95167.0
4234,West Bengal,Kolkata,2019,Zaid,Wheat,1159.01,27.4,69.7,Black,Canal,100.27,39.89,3598.72,6.96,50567.86,223779.0
4235,West Bengal,Kolkata,2019,Kharif,Wheat,540.03,30.3,41.3,Red,Sprinkler,432.3,47.13,2022.57,1.55,29571.86,45404.0
4236,West Bengal,Kolkata,2019,Zaid,Pulses,1890.49,36.0,64.4,Black,Drip,210.2,24.05,202.26,5.2,43650.02,10629.0
4237,West Bengal,Kolkata,2019,Rabi,Millets,1790.53,33.6,47.7,Sandy,Sprinkler,279.48,15.05,3042.06,2.42,53829.55,72247.0
4238,West Bengal,Kolkata,2019,Rabi,Wheat,1285.09,37.9,67.9,Sandy,Drip,340.04,28.96,2366.99,7.0,28666.21,167899.0
4239,West Bengal,Kolkata,2019,Zaid,Rice,861.36,22.7,39.0,Alluvial,Canal,399.42,47.42,1778.24,2.93,36039.6,72004.0
4240,West Bengal,Kolkata,2019,Rabi,Barley,461.31,28.2,72.3,Red,Sprinkler,236.2,42.44,690.66,2.35,20657.77,23419.0
4241,West Bengal,Kolkata,2019,Zaid,Cotton,901.18,33.8,71.7,Red,Rain-fed,170.83,21.71,1840.0,6.05,53250.03,177117.0
4242,West Bengal,Kolkata,2019,Rabi,Pulses,544.68,23.2,41.5,Alluvial,Drip,197.19,12.72,3740.4,1.88,19022.87,106738.00000000001
4243,West Bengal,Kolkata,2019,Kharif,Sugarcane,1820.74,19.7,47.9,Sandy,Rain-fed,264.03,29.24,3950.26,6.04,18108.94,373667.0
4244,West Bengal,Kolkata,2019,Kharif,Pulses,875.08,32.8,87.3,Laterite,Tube Well,418.21,54.3,3649.53,6.88,56306.12,311723.0
4245,West Bengal,Kolkata,2019,Rabi,Millets,1549.39,31.3,38.3,Laterite,Sprinkler,298.08,42.2,2852.02,2.96,44411.38,128726.0
4246,West Bengal,Kolkata,2019,Zaid,Barley,689.62,32.3,53.9,Black,Sprinkler,428.88,16.67,667.19,5.58,52320.45,58940.0
4247,West Bengal,Kolkata,2019,Zaid,Maize,1330.6,31.7,80.3,Red,Sprinkler,254.03,44.67,4428.43,6.48,12697.23,297359.0
4248,West Bengal,Kolkata,2019,Rabi,Pulses,1011.51,25.3,56.5,Laterite,Drip,97.59,10.17,524.56,4.23,36412.14,28895.0
4249,West Bengal,Howrah,2019,Kharif,Rice,1245.06,36.8,76.4,Red,Rain-fed,420.39,42.12,4390.17,2.49,24192.31,142700.0
4250,West Bengal,Howrah,2019,Rabi,Pulses,1137.16,34.5,54.3,Red,Tube Well,333.78,52.25,3004.57,4.5,22790.9,112893.0
4251,West Bengal,Howrah,2019,Zaid,Sugarcane,839.4,23.2,52.8,Sandy,Sprinkler,183.46,5.18,713.05,2.24,15889.95,22634.0
4252,West Bengal,Howrah,2019,Kharif,Cotton,1407.72,22.1,42.0,Alluvial,Sprinkler,71.47,24.68,3072.53,1.61,42418.22,70127.0
4253,West Bengal,Howrah,2019,Zaid,Maize,1576.7,21.7,74.2,Laterite,Canal,115.97,57.5,1612.92,1.7,38489.83,33110.0
4254,West Bengal,Howrah,2019,Kharif,Barley,1967.43,22.0,65.1,Sandy,Tube Well,271.08,25.8,2102.93,3.31,48234.96,56966.0
4255,West Bengal,Howrah,2019,Kharif,Millets,798.49,31.8,51.1,Alluvial,Drip,313.44,15.19,3362.08,5.56,43334.89,286141.0
4256,West Bengal,Howrah,2019,Kharif,Pulses,998.35,21.8,41.5,Laterite,Canal,185.24,18.89,4979.78,4.35,25697.97,266342.0
4257,West Bengal,Howrah,2019,Zaid,Barley,1256.03,24.6,58.9,Red,Rain-fed,166.19,16.58,522.9,4.96,21724.35,22669.0
4258,West Bengal,Howrah,2019,Zaid,Millets,724.98,35.8,54.1,Red,Rain-fed,178.11,17.49,594.04,7.12,61663.92,65019.00000000001
4259,West Bengal,Howrah,2019,Rabi,Pulses,401.44,25.8,85.9,Black,Drip,164.06,25.21,1827.94,5.02,23053.31,109364.00000000001
4260,West Bengal,Howrah,2019,Rabi,Cotton,1807.08,29.5,87.8,Laterite,Sprinkler,281.99,48.63,4149.14,5.83,41629.53,365520.0
4261,West Bengal,Howrah,2019,Kharif,Wheat,576.32,26.0,72.3,Alluvial,Rain-fed,426.24,53.91,3646.57,5.07,27110.12,205521.0
4262,West Bengal,Howrah,2019,Zaid,Maize,1588.44,32.9,58.4,Laterite,Canal,429.42,52.75,3850.3,4.35,53730.94,296417.0
4263,West Bengal,Howrah,2019,Kharif,Millets,1548.37,27.9,49.3,Black,Sprinkler,105.72,6.61,4387.27,6.01,55413.32,436216.0
4264,West Bengal,Howrah,2019,Kharif,Cotton,1847.02,18.1,86.9,Alluvial,Rain-fed,278.05,59.77,3050.3,4.43,50911.93,177369.0
4265,West Bengal,Howrah,2019,Zaid,Pulses,1454.26,36.8,77.5,Red,Canal,59.89,24.73,1399.66,7.64,27683.41,166509.0
4266,West Bengal,Howrah,2019,Zaid,Cotton,588.55,24.1,88.2,Red,Canal,154.11,42.39,4311.73,7.82,39464.09,434271.0
4267,West Bengal,Darjeeling,2019,Zaid,Pulses,1656.63,26.0,67.4,Alluvial,Tube Well,114.24,37.53,4681.57,2.66,45489.92,172140.0
4268,West Bengal,Darjeeling,2019,Rabi,Cotton,1613.74,24.2,61.3,Sandy,Canal,211.52,17.96,156.19,5.75,63820.48,12410.0
4269,West Bengal,Darjeeling,2019,Rabi,Cotton,584.45,24.3,89.7,Laterite,Tube Well,280.58,47.19,4461.52,3.4,36765.23,264641.0
4270,West Bengal,Darjeeling,2019,Kharif,Cotton,584.44,24.7,77.8,Laterite,Canal,161.97,27.45,1937.87,8.23,41457.99,259535.0
4271,West Bengal,Darjeeling,2019,Kharif,Barley,933.78,25.9,70.9,Red,Canal,332.36,10.19,2083.63,4.98,43145.69,121563.00000000001
4272,West Bengal,Darjeeling,2019,Kharif,Millets,611.8,28.4,51.5,Alluvial,Canal,269.06,22.3,3226.69,3.19,51199.65,100182.0
4273,West Bengal,Darjeeling,2019,Kharif,Rice,448.73,31.2,79.2,Alluvial,Canal,272.67,16.17,674.39,3.16,47348.23,18490.0
4274,West Bengal,Darjeeling,2019,Zaid,Rice,1734.75,18.9,39.5,Laterite,Canal,231.34,21.8,1365.21,5.29,64748.22,107358.0
4275,West Bengal,Darjeeling,2019,Rabi,Cotton,1995.01,21.8,62.5,Alluvial,Sprinkler,124.44,8.73,1362.01,7.07,40568.3,102327.0
4276,West Bengal,Darjeeling,2019,Rabi,Wheat,1748.97,18.9,44.9,Red,Drip,256.96,48.26,2298.21,6.55,33715.24,163795.0
4277,West Bengal,Darjeeling,2019,Zaid,Cotton,1622.1,19.2,44.5,Black,Canal,299.81,10.94,1660.18,6.99,27487.77,139916.0
4278,West Bengal,Darjeeling,2019,Kharif,Millets,1795.19,21.5,60.3,Sandy,Tube Well,102.62,46.46,1253.91,2.05,61398.17,37220.0
4279,West Bengal,Darjeeling,2019,Zaid,Sugarcane,774.55,37.5,76.5,Alluvial,Drip,160.66,17.68,2253.39,3.83,59137.69,116420.0
4280,West Bengal,Darjeeling,2019,Rabi,Pulses,1100.89,35.1,62.6,Black,Tube Well,432.55,35.64,1464.66,8.01,20142.68,154572.0
4281,West Bengal,Darjeeling,2019,Kharif,Cotton,1512.31,23.9,72.7,Red,Drip,321.41,21.13,4877.07,5.58,25990.63,341725.0
4282,West Bengal,Darjeeling,2019,Zaid,Millets,1539.37,21.3,84.2,Sandy,Drip,57.16,46.77,203.22,5.14,54371.67,9706.0
4283,West Bengal,Darjeeling,2019,Zaid,Wheat,2124.41,18.3,72.5,Red,Tube Well,118.92,30.99,141.96,5.86,50729.65,11249.0
4284,West Bengal,Darjeeling,2019,Kharif,Pulses,1536.75,22.1,68.5,Red,Sprinkler,109.69,57.39,692.62,4.95,17485.19,48802.0
4285,West Bengal,Siliguri,2019,Rabi,Sugarcane,1792.46,36.1,74.4,Alluvial,Sprinkler,109.79,14.15,803.82,3.43,19323.89,24026.0
4286,West Bengal,Siliguri,2019,Zaid,Sugarcane,1401.15,36.7,71.7,Black,Drip,151.72,34.88,3276.13,3.18,61693.69,100717.0
4287,West Bengal,Siliguri,2019,Zaid,Sugarcane,628.43,28.0,75.0,Alluvial,Sprinkler,219.99,52.18,2036.43,5.59,42054.86,100299.0
4288,West Bengal,Siliguri,2019,Kharif,Barley,754.25,36.7,84.9,Alluvial,Rain-fed,145.95,17.47,4690.18,6.26,49931.1,434808.0
4289,West Bengal,Siliguri,2019,Zaid,Pulses,1591.62,34.5,49.2,Sandy,Tube Well,102.49,31.29,3600.65,7.58,64498.14,466200.0
4290,West Bengal,Siliguri,2019,Rabi,Cotton,1790.09,21.3,44.6,Alluvial,Sprinkler,187.29,42.56,2316.97,1.43,38055.76,43573.0
4291,West Bengal,Siliguri,2019,Kharif,Sugarcane,1809.92,26.8,49.8,Sandy,Drip,138.93,45.38,3783.62,7.69,64470.67,349198.0
4292,West Bengal,Siliguri,2019,Rabi,Wheat,1550.31,27.1,48.4,Laterite,Canal,223.88,41.53,2466.63,3.85,38910.81,131200.0
4293,West Bengal,Siliguri,2019,Zaid,Pulses,1242.05,22.7,47.8,Sandy,Rain-fed,448.33,32.58,2544.2,8.28,63224.25,207362.0
4294,West Bengal,Siliguri,2019,Zaid,Wheat,987.74,29.9,50.9,Alluvial,Drip,382.62,25.89,613.29,5.67,36556.73,53494.00000000001
4295,West Bengal,Siliguri,2019,Rabi,Wheat,1230.55,30.6,43.5,Red,Tube Well,266.38,53.36,4008.09,3.78,20474.5,220746.99999999997
4296,West Bengal,Siliguri,2019,Kharif,Rice,1966.14,32.3,84.4,Laterite,Rain-fed,228.64,7.99,2431.94,6.51,56006.91,130256.0
4297,West Bengal,Siliguri,2019,Rabi,Pulses,999.3,25.8,60.3,Red,Sprinkler,167.71,18.63,648.22,7.7,36024.74,55087.0
4298,West Bengal,Siliguri,2019,Kharif,Wheat,1813.88,27.8,41.8,Black,Rain-fed,209.43,39.53,2644.89,7.36,49718.68,165915.0
4299,West Bengal,Siliguri,2019,Kharif,Maize,794.4,31.5,35.1,Red,Rain-fed,417.94,35.8,1199.34,2.08,40272.38,40048.0
4300,West Bengal,Siliguri,2019,Rabi,Wheat,2186.66,21.9,69.4,Black,Canal,71.91,51.21,2596.81,7.45,12517.61,300157.0
4301,West Bengal,Siliguri,2019,Zaid,Sugarcane,1193.84,22.4,43.3,Sandy,Canal,334.48,25.3,3502.33,7.0,26339.94,416603.0
4302,West Bengal,Siliguri,2019,Kharif,Millets,1663.18,29.3,89.4,Sandy,Sprinkler,234.99,12.6,969.33,5.46,58362.19,67796.0
4303,West Bengal,Malda,2019,Kharif,Maize,2032.96,22.7,79.1,Alluvial,Rain-fed,315.13,51.41,2040.92,7.58,16989.58,129794.0
4304,West Bengal,Malda,2019,Rabi,Barley,1894.87,29.2,85.1,Sandy,Tube Well,413.12,47.26,2759.93,7.42,42676.41,350863.0
4305,West Bengal,Malda,2019,Kharif,Millets,470.32,31.0,73.4,Alluvial,Sprinkler,429.59,46.24,4249.0,7.18,26445.98,327679.0
4306,West Bengal,Malda,2019,Kharif,Pulses,547.34,20.1,49.4,Sandy,Canal,116.59,47.8,958.9,3.64,36346.8,28437.0
4307,West Bengal,Malda,2019,Rabi,Millets,644.03,28.1,44.6,Red,Drip,139.7,12.22,3239.19,4.67,63735.06,242402.0
4308,West Bengal,Malda,2019,Zaid,Rice,1637.04,34.9,44.2,Red,Drip,361.43,45.13,4672.08,6.07,24793.31,472266.0
4309,West Bengal,Malda,2019,Rabi,Cotton,522.02,25.7,87.7,Laterite,Tube Well,143.54,13.73,2363.86,6.73,54115.09,197137.0
4310,West Bengal,Malda,2019,Rabi,Rice,1576.28,28.2,50.1,Red,Canal,60.63,15.38,4631.78,8.15,60682.63,427078.0
4311,West Bengal,Malda,2019,Rabi,Barley,1826.31,22.6,73.0,Black,Sprinkler,263.59,29.02,3165.97,4.88,16973.98,230982.00000000003
4312,West Bengal,Malda,2019,Zaid,Maize,1416.84,33.3,61.4,Alluvial,Canal,127.21,47.27,1695.62,6.72,43642.79,195312.0
4313,West Bengal,Malda,2019,Rabi,Wheat,442.0,27.6,73.7,Black,Tube Well,266.17,58.5,672.87,7.31,56083.75,47046.0
4314,West Bengal,Malda,2019,Kharif,Cotton,527.26,28.8,72.3,Sandy,Drip,69.07,55.14,1011.25,1.61,39305.97,23192.0
4315,West Bengal,Malda,2019,Rabi,Maize,1254.53,35.5,70.7,Black,Tube Well,399.46,19.58,3498.52,6.5,27030.42,246323.0
4316,West Bengal,Malda,2019,Kharif,Millets,1676.22,34.7,51.0,Laterite,Tube Well,368.82,49.9,3671.61,4.56,55227.25,210219.99999999997
4317,West Bengal,Malda,2019,Zaid,Barley,1208.84,33.4,76.0,Black,Drip,100.27,5.32,3882.01,2.08,37036.37,113793.0
4318,West Bengal,Malda,2019,Zaid,Millets,1076.5,34.4,42.2,Laterite,Sprinkler,440.68,38.28,4498.99,8.15,60334.66,493022.99999999994
4319,West Bengal,Malda,2019,Zaid,Wheat,1480.19,21.5,89.1,Sandy,Canal,120.47,9.54,890.64,4.16,28751.6,63521.0
4320,West Bengal,Malda,2019,Kharif,Pulses,1181.79,19.5,44.5,Red,Tube Well,411.38,14.42,3575.97,6.72,51013.96,338310.0
4321,Uttarakhand,Dehradun,2020,Kharif,Maize,1834.58,33.5,82.6,Alluvial,Drip,166.24,31.8,998.11,5.15,58817.82,66826.0
4322,Uttarakhand,Dehradun,2020,Kharif,Pulses,1994.35,20.7,37.4,Red,Tube Well,148.23,7.56,4903.26,5.15,38517.58,366084.0
4323,Uttarakhand,Dehradun,2020,Kharif,Barley,1585.33,26.6,78.9,Sandy,Sprinkler,236.6,16.34,1044.46,1.91,20982.99,30836.0
4324,Uttarakhand,Dehradun,2020,Zaid,Sugarcane,1975.99,27.5,39.4,Alluvial,Sprinkler,244.74,53.76,3442.88,8.1,25667.08,254425.0
4325,Uttarakhand,Dehradun,2020,Rabi,Barley,1290.4,30.3,90.0,Sandy,Tube Well,89.87,20.98,1699.06,5.75,12151.81,148667.0
4326,Uttarakhand,Dehradun,2020,Zaid,Pulses,849.53,28.3,40.0,Black,Rain-fed,277.99,7.16,4687.03,5.14,51951.03,276324.0
4327,Uttarakhand,Dehradun,2020,Kharif,Wheat,2084.38,20.0,81.0,Red,Tube Well,195.43,14.6,2318.69,7.14,44243.68,210891.0
4328,Uttarakhand,Dehradun,2020,Kharif,Pulses,485.17,36.2,53.5,Red,Rain-fed,149.4,44.48,676.48,2.34,52560.37,27841.000000000004
4329,Uttarakhand,Dehradun,2020,Rabi,Cotton,1619.41,29.4,55.1,Laterite,Tube Well,175.94,5.65,3436.66,4.51,28811.49,144533.0
4330,Uttarakhand,Dehradun,2020,Zaid,Millets,667.32,30.4,59.3,Alluvial,Tube Well,243.98,15.52,153.58,4.44,59378.67,8231.0
4331,Uttarakhand,Dehradun,2020,Zaid,Barley,725.83,33.1,69.2,Black,Drip,169.57,38.49,2933.9,7.45,14037.96,220461.0
4332,Uttarakhand,Dehradun,2020,Kharif,Rice,1299.16,23.5,35.8,Sandy,Canal,209.99,20.71,3372.41,3.8,25294.34,189515.0
4333,Uttarakhand,Dehradun,2020,Kharif,Pulses,1088.19,18.4,80.6,Sandy,Drip,348.98,20.44,1573.69,8.36,26378.28,128877.0
4334,Uttarakhand,Dehradun,2020,Zaid,Pulses,1683.62,18.7,42.4,Laterite,Drip,384.96,17.88,1846.9,1.67,47148.19,48525.0
4335,Uttarakhand,Dehradun,2020,Rabi,Barley,1518.96,36.5,75.4,Black,Rain-fed,190.05,18.93,4821.59,4.66,47039.07,358147.0
4336,Uttarakhand,Dehradun,2020,Rabi,Rice,1276.48,30.1,39.4,Laterite,Drip,114.2,56.11,420.61,8.27,40679.27,56487.0
4337,Uttarakhand,Dehradun,2020,Zaid,Rice,1759.9,23.0,72.5,Laterite,Rain-fed,439.39,10.72,979.78,3.65,39961.11,54053.0
4338,Uttarakhand,Dehradun,2020,Rabi,Pulses,1310.14,24.4,83.8,Sandy,Canal,286.18,41.67,4972.01,8.01,56474.13,488207.0
4339,Uttarakhand,Haridwar,2020,Kharif,Barley,994.05,20.1,65.2,Alluvial,Tube Well,350.32,32.91,2282.39,5.9,49375.46,133872.0
4340,Uttarakhand,Haridwar,2020,Zaid,Millets,2189.41,33.3,51.1,Red,Rain-fed,234.55,54.25,4625.97,4.57,33031.77,279251.0
4341,Uttarakhand,Haridwar,2020,Kharif,Sugarcane,961.71,33.8,82.4,Alluvial,Rain-fed,163.43,56.93,1235.05,2.42,36719.52,34825.0
4342,Uttarakhand,Haridwar,2020,Zaid,Barley,1054.98,27.5,37.8,Sandy,Sprinkler,83.78,40.33,4101.64,8.39,20578.35,413281.00000000006
4343,Uttarakhand,Haridwar,2020,Kharif,Rice,1371.7,34.4,41.9,Laterite,Rain-fed,444.84,37.33,229.91,5.28,25506.63,12602.0
4344,Uttarakhand,Haridwar,2020,Zaid,Barley,470.33,37.5,57.1,Black,Sprinkler,173.63,47.85,4324.19,2.94,29740.75,190001.0
4345,Uttarakhand,Haridwar,2020,Zaid,Sugarcane,1706.23,22.5,71.0,Black,Sprinkler,155.37,18.69,857.87,7.41,39094.44,110039.00000000001
4346,Uttarakhand,Haridwar,2020,Kharif,Maize,1741.62,36.8,79.4,Sandy,Canal,221.85,22.7,1367.58,5.66,60554.11,121439.00000000001
4347,Uttarakhand,Haridwar,2020,Zaid,Wheat,672.98,28.7,39.5,Alluvial,Sprinkler,65.7,16.29,922.24,4.25,33695.48,34885.0
4348,Uttarakhand,Haridwar,2020,Rabi,Barley,1833.08,24.2,69.4,Red,Canal,331.66,54.1,2018.25,8.31,62529.78,250700.0
4349,Uttarakhand,Haridwar,2020,Rabi,Maize,1954.49,30.2,51.2,Black,Rain-fed,355.78,24.5,3814.13,2.33,55088.18,122097.0
4350,Uttarakhand,Haridwar,2020,Kharif,Sugarcane,1221.71,37.7,88.9,Laterite,Drip,112.51,31.46,4798.87,4.59,32942.01,263083.0
4351,Uttarakhand,Haridwar,2020,Kharif,Cotton,645.34,33.0,45.4,Laterite,Tube Well,262.21,11.02,3378.17,6.78,37143.63,339472.0
4352,Uttarakhand,Haridwar,2020,Zaid,Cotton,955.31,18.4,47.2,Black,Canal,446.24,55.06,1400.12,2.05,51398.37,23236.0
4353,Uttarakhand,Haridwar,2020,Kharif,Maize,2128.79,22.5,82.1,Alluvial,Drip,391.51,17.44,3032.87,3.95,17461.98,154543.0
4354,Uttarakhand,Haridwar,2020,Kharif,Millets,1027.19,24.0,55.9,Sandy,Tube Well,274.45,45.52,3504.16,5.06,42617.86,175007.0
4355,Uttarakhand,Haridwar,2020,Kharif,Sugarcane,2115.92,20.6,64.1,Red,Rain-fed,62.85,49.67,1520.37,5.76,56694.18,156337.0
4356,Uttarakhand,Haridwar,2020,Zaid,Pulses,1579.94,37.7,38.7,Sandy,Rain-fed,76.55,38.01,4032.68,7.11,25915.02,423418.0
4357,Uttarakhand,Nainital,2020,Rabi,Maize,978.84,35.7,53.5,Alluvial,Rain-fed,196.13,56.91,511.52,5.38,31334.25,37682.0
4358,Uttarakhand,Nainital,2020,Kharif,Cotton,2147.19,25.2,71.4,Sandy,Sprinkler,277.04,19.29,824.29,7.99,12239.75,55163.0
4359,Uttarakhand,Nainital,2020,Kharif,Millets,402.96,27.0,48.6,Alluvial,Canal,348.29,28.62,4253.53,8.08,15534.53,603583.0
4360,Uttarakhand,Nainital,2020,Rabi,Cotton,1133.05,27.7,60.9,Red,Tube Well,107.71,7.22,396.29,3.28,34875.44,14293.0
4361,Uttarakhand,Nainital,2020,Rabi,Barley,1862.96,21.7,69.0,Laterite,Tube Well,431.09,40.38,4053.4,3.27,17015.29,117768.0
4362,Uttarakhand,Nainital,2020,Rabi,Sugarcane,1481.0,20.9,46.9,Red,Sprinkler,396.99,40.45,3794.89,7.3,36678.24,224173.0
4363,Uttarakhand,Nainital,2020,Zaid,Millets,655.1,22.8,76.7,Red,Canal,435.27,59.51,3815.36,2.57,41761.82,167221.0
4364,Uttarakhand,Nainital,2020,Rabi,Millets,1977.73,30.7,38.0,Black,Tube Well,235.86,6.28,1600.23,2.63,12386.23,73615.0
4365,Uttarakhand,Nainital,2020,Kharif,Sugarcane,1979.79,25.2,46.7,Black,Rain-fed,113.05,51.34,1604.15,5.28,20267.27,137129.0
4366,Uttarakhand,Nainital,2020,Kharif,Wheat,1166.13,33.7,51.7,Alluvial,Rain-fed,134.36,17.96,3758.06,6.6,59455.14,255941.0
4367,Uttarakhand,Nainital,2020,Kharif,Barley,861.9,27.7,86.0,Sandy,Rain-fed,429.62,18.69,375.36,5.6,29316.53,23020.0
4368,Uttarakhand,Nainital,2020,Kharif,Maize,511.06,29.7,40.8,Red,Canal,67.45,54.6,3491.49,1.34,52047.71,47552.0
4369,Uttarakhand,Nainital,2020,Rabi,Wheat,1871.71,29.7,79.1,Laterite,Sprinkler,377.98,7.26,2941.51,4.18,13045.88,188006.0
4370,Uttarakhand,Nainital,2020,Rabi,Cotton,1600.51,25.8,53.0,Red,Rain-fed,318.27,13.55,1822.56,7.4,35311.77,178374.0
4371,Uttarakhand,Nainital,2020,Rabi,Barley,1914.63,35.7,52.1,Black,Tube Well,106.62,14.65,2519.12,1.37,43959.15,32663.0
4372,Uttarakhand,Nainital,2020,Kharif,Millets,961.84,23.6,82.2,Sandy,Canal,355.21,14.52,2179.4,1.62,62928.42,40789.0
4373,Uttarakhand,Nainital,2020,Rabi,Cotton,1496.35,27.0,72.9,Sandy,Drip,122.65,6.2,4586.31,2.82,28860.26,217434.0
4374,Uttarakhand,Nainital,2020,Rabi,Rice,718.27,19.0,67.4,Red,Rain-fed,256.93,44.12,1144.4,2.27,24139.07,22548.0
4375,Uttarakhand,Almora,2020,Rabi,Sugarcane,792.57,27.3,69.7,Red,Sprinkler,415.15,59.05,3285.88,2.79,58283.75,139079.0
4376,Uttarakhand,Almora,2020,Zaid,Pulses,1316.7,27.1,79.2,Alluvial,Rain-fed,446.51,21.5,4072.06,7.0,57391.26,487002.00000000006
4377,Uttarakhand,Almora,2020,Zaid,Millets,794.37,18.6,48.5,Red,Drip,246.65,33.06,1671.41,5.05,17453.34,90174.0
4378,Uttarakhand,Almora,2020,Rabi,Sugarcane,1134.82,27.3,41.3,Red,Canal,58.44,22.23,1652.54,1.77,61274.07,33554.0
4379,Uttarakhand,Almora,2020,Kharif,Wheat,1288.71,24.0,67.7,Red,Sprinkler,268.0,35.93,2066.95,6.71,58266.54,233776.00000000003
4380,Uttarakhand,Almora,2020,Zaid,Wheat,515.44,19.4,62.7,Black,Canal,383.55,37.6,4528.99,7.21,50649.3,549309.0
4381,Uttarakhand,Almora,2020,Zaid,Pulses,1764.99,21.4,83.0,Laterite,Tube Well,124.45,26.47,1933.99,7.6,15665.4,131774.0
4382,Uttarakhand,Almora,2020,Rabi,Wheat,1017.93,22.9,77.0,Laterite,Canal,391.75,53.2,3957.46,6.56,53099.95,364657.0
4383,Uttarakhand,Almora,2020,Rabi,Wheat,1646.39,31.3,44.5,Red,Sprinkler,332.51,6.77,4097.16,4.66,25060.28,217675.0
4384,Uttarakhand,Almora,2020,Rabi,Maize,616.77,21.6,79.6,Laterite,Rain-fed,372.76,16.16,1566.59,5.68,52433.73,127824.0
4385,Uttarakhand,Almora,2020,Kharif,Sugarcane,2189.16,35.5,59.4,Alluvial,Sprinkler,360.05,9.32,381.34,5.97,56542.9,27208.0
4386,Uttarakhand,Almora,2020,Rabi,Barley,1771.46,32.6,82.9,Red,Rain-fed,310.78,36.15,2525.18,8.06,23089.62,166893.0
4387,Uttarakhand,Almora,2020,Rabi,Pulses,1514.92,20.2,40.9,Black,Rain-fed,438.98,13.17,1532.29,4.44,62824.91,93707.0
4388,Uttarakhand,Almora,2020,Rabi,Rice,824.73,31.0,79.1,Alluvial,Sprinkler,422.96,20.31,130.88,7.76,33823.66,15755.000000000002
4389,Uttarakhand,Almora,2020,Kharif,Barley,1645.25,30.6,49.9,Sandy,Rain-fed,213.61,42.95,1028.32,3.36,29651.05,59955.99999999999
4390,Uttarakhand,Almora,2020,Zaid,Wheat,1801.66,34.6,78.0,Red,Rain-fed,377.38,29.24,2706.68,3.03,58862.35,120266.00000000001
4391,Uttarakhand,Almora,2020,Rabi,Cotton,497.51,20.6,59.4,Laterite,Drip,243.39,25.84,128.38,1.9,64126.96,2985.0
4392,Uttarakhand,Almora,2020,Zaid,Pulses,718.31,29.8,76.3,Alluvial,Tube Well,342.04,20.6,4521.12,3.76,61759.53,257059.0
4393,Uttarakhand,Pauri,2020,Rabi,Millets,1279.82,30.8,38.6,Black,Tube Well,383.76,51.79,4835.74,2.6,34041.85,191585.0
4394,Uttarakhand,Pauri,2020,Kharif,Rice,434.9,31.4,49.1,Red,Drip,182.67,53.15,4986.84,8.48,21820.82,435178.0
4395,Uttarakhand,Pauri,2020,Kharif,Cotton,1417.93,27.1,88.8,Black,Drip,444.29,28.07,3131.56,4.92,63003.65,223421.99999999997
4396,Uttarakhand,Pauri,2020,Zaid,Pulses,1927.67,35.4,47.2,Alluvial,Drip,60.51,57.64,991.54,8.02,25862.56,95071.0
4397,Uttarakhand,Pauri,2020,Zaid,Sugarcane,1332.08,27.8,41.1,Red,Drip,421.12,53.78,1763.55,7.64,58628.44,203752.0
4398,Uttarakhand,Pauri,2020,Kharif,Maize,728.37,19.7,72.6,Black,Rain-fed,300.64,13.81,3645.79,1.53,50898.54,45306.0
4399,Uttarakhand,Pauri,2020,Kharif,Maize,2138.02,38.0,45.3,Red,Canal,321.16,34.97,3238.89,5.24,31765.57,266145.0
4400,Uttarakhand,Pauri,2020,Rabi,Wheat,625.49,24.3,75.0,Sandy,Tube Well,145.95,15.9,1950.14,5.33,45916.04,102770.0
4401,Uttarakhand,Pauri,2020,Rabi,Cotton,1509.4,30.1,61.4,Red,Rain-fed,327.89,22.66,3499.52,7.33,49616.25,435092.0
4402,Uttarakhand,Pauri,2020,Zaid,Sugarcane,1653.27,29.9,62.4,Sandy,Sprinkler,125.96,51.94,2949.55,7.56,20276.73,224991.0
4403,Uttarakhand,Pauri,2020,Rabi,Barley,595.81,37.0,57.0,Alluvial,Tube Well,147.54,21.47,3985.45,7.12,43970.71,254651.00000000003
4404,Uttarakhand,Pauri,2020,Zaid,Maize,931.59,33.9,60.1,Red,Canal,352.47,42.25,1369.86,5.39,15744.77,108876.0
4405,Uttarakhand,Pauri,2020,Zaid,Barley,1068.24,23.4,62.2,Red,Sprinkler,191.35,58.75,4648.3,4.3,48266.61,320359.0
4406,Uttarakhand,Pauri,2020,Rabi,Wheat,1224.44,34.1,54.2,Sandy,Rain-fed,130.12,18.65,4686.54,4.22,55541.4,200969.0
4407,Uttarakhand,Pauri,2020,Rabi,Barley,1922.45,20.2,73.1,Laterite,Canal,111.41,43.77,4437.31,7.37,43477.96,584671.0
4408,Uttarakhand,Pauri,2020,Kharif,Pulses,1421.63,26.9,88.9,Black,Rain-fed,377.63,41.85,2220.45,2.42,41921.87,72444.0
4409,Uttarakhand,Pauri,2020,Kharif,Cotton,575.72,25.6,78.9,Sandy,Canal,387.33,36.98,3717.79,2.69,43115.42,117173.0
4410,Uttarakhand,Pauri,2020,Kharif,Cotton,1556.71,22.5,61.0,Alluvial,Tube Well,135.28,23.64,3295.31,2.36,14527.71,134881.0
4411,Uttar Pradesh,Lucknow,2020,Kharif,Barley,1205.83,23.3,80.4,Laterite,Canal,361.46,29.64,4935.79,7.29,60592.57,359606.0
4412,Uttar Pradesh,Lucknow,2020,Zaid,Rice,2156.2,26.1,48.9,Alluvial,Sprinkler,384.85,41.47,4927.32,4.08,43949.63,350216.0
4413,Uttar Pradesh,Lucknow,2020,Kharif,Millets,1635.74,32.3,53.9,Sandy,Canal,338.03,35.59,2365.28,8.15,13110.64,299089.0
4414,Uttar Pradesh,Lucknow,2020,Rabi,Cotton,1692.03,32.0,64.4,Black,Drip,177.35,48.37,4247.93,7.88,27298.86,398496.0
4415,Uttar Pradesh,Lucknow,2020,Zaid,Millets,958.53,23.9,39.5,Black,Tube Well,117.13,14.15,3430.52,7.42,56872.22,331277.0
4416,Uttar Pradesh,Lucknow,2020,Rabi,Wheat,1407.26,19.0,48.0,Sandy,Drip,231.16,20.18,4552.53,5.26,63989.67,200439.0
4417,Uttar Pradesh,Lucknow,2020,Zaid,Cotton,1123.63,34.7,41.6,Laterite,Drip,394.92,13.29,3170.79,3.09,46703.07,134711.0
4418,Uttar Pradesh,Lucknow,2020,Zaid,Barley,1794.4,22.6,70.9,Black,Sprinkler,71.03,8.92,2812.68,4.39,56559.31,131942.0
4419,Uttar Pradesh,Lucknow,2020,Zaid,Pulses,1885.87,27.0,36.0,Black,Drip,135.17,20.33,325.74,7.29,26355.58,36703.0
4420,Uttar Pradesh,Lucknow,2020,Rabi,Pulses,1423.28,28.0,79.5,Sandy,Rain-fed,251.09,31.69,4745.19,6.04,40499.28,458584.0
4421,Uttar Pradesh,Lucknow,2020,Rabi,Rice,2183.25,19.6,48.1,Black,Tube Well,277.79,6.92,3051.06,5.9,52131.84,151633.0
4422,Uttar Pradesh,Lucknow,2020,Zaid,Maize,806.45,20.8,49.9,Laterite,Canal,435.49,16.54,536.91,2.99,62547.55,21163.0
4423,Uttar Pradesh,Lucknow,2020,Kharif,Pulses,1244.72,35.9,58.8,Alluvial,Sprinkler,384.97,32.88,2537.73,3.93,28024.64,128943.0
4424,Uttar Pradesh,Lucknow,2020,Rabi,Barley,858.95,20.4,55.6,Alluvial,Canal,293.95,33.3,4921.45,6.98,58119.77,491274.0
4425,Uttar Pradesh,Lucknow,2020,Rabi,Barley,1851.04,28.1,65.5,Sandy,Tube Well,354.37,30.0,3946.94,5.05,29645.77,305621.0
4426,Uttar Pradesh,Lucknow,2020,Kharif,Pulses,1837.97,30.3,37.3,Black,Sprinkler,306.57,56.27,4385.06,5.37,23052.89,277410.0
4427,Uttar Pradesh,Lucknow,2020,Kharif,Barley,2171.8,30.6,74.7,Laterite,Sprinkler,401.59,48.66,1498.43,2.17,63498.62,56784.0
4428,Uttar Pradesh,Lucknow,2020,Rabi,Sugarcane,1208.96,28.5,72.1,Laterite,Canal,230.85,30.7,2794.24,3.55,58656.49,81474.0
4429,Uttar Pradesh,Kanpur,2020,Kharif,Maize,470.76,34.7,53.6,Sandy,Canal,180.63,22.46,2010.18,6.24,51707.9,126659.99999999999
4430,Uttar Pradesh,Kanpur,2020,Kharif,Sugarcane,2049.59,20.9,71.3,Black,Tube Well,106.21,14.68,4319.07,7.81,63307.62,331612.0
4431,Uttar Pradesh,Kanpur,2020,Kharif,Maize,2026.71,24.0,64.5,Black,Rain-fed,275.13,44.4,1153.06,6.48,60518.79,66687.0
4432,Uttar Pradesh,Kanpur,2020,Zaid,Millets,1900.33,29.4,86.2,Black,Sprinkler,137.09,32.19,2408.64,6.58,43644.01,139598.0
4433,Uttar Pradesh,Kanpur,2020,Zaid,Maize,1514.36,35.8,38.7,Sandy,Rain-fed,133.65,5.8,1500.45,7.65,58763.9,173723.0
4434,Uttar Pradesh,Kanpur,2020,Kharif,Wheat,2063.2,36.7,73.8,Laterite,Sprinkler,290.77,9.31,4846.22,8.37,44011.12,542957.0
4435,Uttar Pradesh,Kanpur,2020,Zaid,Barley,1747.56,30.5,65.0,Black,Drip,109.11,28.8,1198.89,2.94,12735.99,28877.0
4436,Uttar Pradesh,Kanpur,2020,Kharif,Sugarcane,1895.07,36.4,76.2,Red,Tube Well,348.87,50.85,1073.76,6.33,15718.39,103273.0
4437,Uttar Pradesh,Kanpur,2020,Kharif,Barley,537.78,23.8,55.1,Alluvial,Tube Well,410.86,9.8,3381.13,3.53,17707.48,108756.0
4438,Uttar Pradesh,Kanpur,2020,Zaid,Cotton,1590.63,21.0,87.3,Red,Sprinkler,367.27,15.14,4660.68,1.66,44882.57,119398.0
4439,Uttar Pradesh,Kanpur,2020,Rabi,Sugarcane,1559.65,20.9,38.5,Black,Drip,367.81,59.76,2841.76,6.99,48486.61,341372.0
4440,Uttar Pradesh,Kanpur,2020,Kharif,Maize,1709.19,20.8,84.2,Alluvial,Sprinkler,389.76,55.41,2538.81,8.47,35310.12,222994.99999999997
4441,Uttar Pradesh,Kanpur,2020,Rabi,Cotton,881.43,18.1,87.1,Sandy,Rain-fed,131.38,46.89,1420.15,2.31,25152.16,35810.0
4442,Uttar Pradesh,Kanpur,2020,Kharif,Rice,1853.28,28.0,65.2,Alluvial,Sprinkler,240.22,32.47,860.95,5.46,38865.28,67700.0
4443,Uttar Pradesh,Kanpur,2020,Kharif,Rice,1073.53,36.3,67.8,Black,Rain-fed,87.49,21.07,1276.12,5.53,52771.06,106135.99999999999
4444,Uttar Pradesh,Kanpur,2020,Rabi,Rice,450.67,32.9,43.4,Black,Tube Well,390.05,12.94,325.72,5.63,32672.3,16621.0
4445,Uttar Pradesh,Kanpur,2020,Zaid,Cotton,906.9,19.3,65.1,Laterite,Tube Well,367.31,30.74,2216.39,6.11,40619.91,164540.0
4446,Uttar Pradesh,Kanpur,2020,Zaid,Millets,1663.45,29.3,57.9,Alluvial,Canal,339.55,6.09,933.69,5.48,31449.05,77231.0
4447,Uttar Pradesh,Varanasi,2020,Kharif,Rice,1639.32,35.8,38.5,Laterite,Rain-fed,338.96,33.99,4744.7,3.71,43392.27,172331.0
4448,Uttar Pradesh,Varanasi,2020,Kharif,Rice,608.45,26.3,43.9,Alluvial,Rain-fed,385.62,54.29,1667.92,2.31,54088.69,50281.0
4449,Uttar Pradesh,Varanasi,2020,Zaid,Barley,2094.95,34.5,50.1,Alluvial,Tube Well,275.56,25.54,311.09,3.39,46108.89,16247.0
4450,Uttar Pradesh,Varanasi,2020,Rabi,Wheat,2045.86,20.5,37.7,Red,Drip,163.13,16.59,207.1,5.02,35320.91,13963.0
4451,Uttar Pradesh,Varanasi,2020,Kharif,Barley,803.83,21.3,76.2,Alluvial,Canal,399.06,21.26,1241.36,6.15,29044.81,110859.99999999999
4452,Uttar Pradesh,Varanasi,2020,Rabi,Sugarcane,1264.57,27.5,36.5,Black,Tube Well,145.48,16.8,2759.29,2.65,54647.66,121395.0
4453,Uttar Pradesh,Varanasi,2020,Kharif,Cotton,1604.62,32.8,80.8,Sandy,Tube Well,198.01,54.36,4480.01,8.05,58358.97,479943.0
4454,Uttar Pradesh,Varanasi,2020,Zaid,Wheat,874.96,25.6,52.1,Sandy,Sprinkler,186.68,20.38,4062.3,3.42,60228.85,210505.00000000003
4455,Uttar Pradesh,Varanasi,2020,Kharif,Maize,1913.14,34.5,71.5,Red,Canal,231.04,20.75,2161.52,3.35,24328.9,129582.0
4456,Uttar Pradesh,Varanasi,2020,Rabi,Sugarcane,2020.75,18.9,71.6,Black,Rain-fed,417.25,23.64,3909.43,4.86,31097.03,249566.0
4457,Uttar Pradesh,Varanasi,2020,Zaid,Wheat,1938.34,26.6,68.1,Alluvial,Sprinkler,194.27,51.1,3351.51,6.56,43616.37,307140.0
4458,Uttar Pradesh,Varanasi,2020,Zaid,Cotton,1792.52,26.9,45.8,Red,Rain-fed,135.5,14.69,4947.83,5.69,22848.26,374539.0
4459,Uttar Pradesh,Varanasi,2020,Rabi,Barley,1796.33,24.8,71.2,Laterite,Sprinkler,392.22,54.03,147.8,5.08,31833.26,10091.0
4460,Uttar Pradesh,Varanasi,2020,Zaid,Maize,1209.84,25.4,46.7,Alluvial,Rain-fed,123.67,47.79,1471.93,3.57,40945.89,77943.0
4461,Uttar Pradesh,Varanasi,2020,Rabi,Barley,603.94,21.3,41.3,Laterite,Canal,156.14,45.09,2989.08,4.9,23968.33,119841.00000000001
4462,Uttar Pradesh,Varanasi,2020,Zaid,Barley,1536.22,20.0,36.7,Sandy,Tube Well,340.07,45.29,3899.61,7.44,35388.1,302199.0
4463,Uttar Pradesh,Varanasi,2020,Rabi,Sugarcane,715.18,25.4,47.2,Black,Sprinkler,354.47,51.74,3952.15,7.51,28984.25,267640.0
4464,Uttar Pradesh,Varanasi,2020,Kharif,Barley,580.09,21.7,71.3,Laterite,Rain-fed,152.15,6.27,4497.65,6.1,13744.03,305300.0
4465,Uttar Pradesh,Agra,2020,Rabi,Rice,1359.48,24.9,70.1,Red,Tube Well,124.02,35.84,4770.34,3.15,63737.59,199931.0
4466,Uttar Pradesh,Agra,2020,Kharif,Cotton,1965.57,36.3,54.1,Red,Sprinkler,301.31,56.54,286.39,7.29,54642.49,23191.0
4467,Uttar Pradesh,Agra,2020,Zaid,Maize,1968.97,32.2,51.3,Black,Tube Well,205.06,17.79,4468.29,3.23,27129.24,183056.0
4468,Uttar Pradesh,Agra,2020,Rabi,Barley,1501.82,34.8,75.9,Laterite,Canal,129.49,41.95,4115.05,1.24,31541.08,44930.0
4469,Uttar Pradesh,Agra,2020,Zaid,Cotton,1863.23,35.3,45.4,Sandy,Sprinkler,345.9,5.61,1173.68,5.75,41428.54,78397.0
4470,Uttar Pradesh,Agra,2020,Kharif,Maize,1643.14,28.3,51.1,Black,Sprinkler,138.2,42.02,4541.98,2.71,63656.98,176097.0
4471,Uttar Pradesh,Agra,2020,Rabi,Wheat,809.13,18.4,65.0,Red,Rain-fed,366.38,48.79,1188.2,1.86,18156.62,24303.0
4472,Uttar Pradesh,Agra,2020,Kharif,Millets,1367.65,26.7,39.0,Red,Drip,216.53,16.82,2579.17,6.6,62065.76,176060.0
4473,Uttar Pradesh,Agra,2020,Kharif,Cotton,2067.82,36.6,69.9,Sandy,Sprinkler,241.51,23.52,1837.22,6.99,19834.59,132171.0
4474,Uttar Pradesh,Agra,2020,Kharif,Rice,2063.62,19.6,87.1,Black,Tube Well,311.18,36.97,1702.74,4.96,57396.93,70001.0
4475,Uttar Pradesh,Agra,2020,Zaid,Rice,953.63,22.5,53.9,Sandy,Tube Well,107.0,21.8,4092.25,7.16,23379.48,501604.0
4476,Uttar Pradesh,Agra,2020,Kharif,Maize,494.63,37.1,44.2,Laterite,Rain-fed,260.11,47.04,3785.28,4.71,28545.89,189267.0
4477,Uttar Pradesh,Agra,2020,Kharif,Wheat,687.96,25.1,65.2,Alluvial,Sprinkler,296.84,19.43,2842.58,1.57,24488.35,68131.0
4478,Uttar Pradesh,Agra,2020,Zaid,Rice,1307.87,31.0,74.6,Black,Tube Well,341.91,49.98,3756.78,6.95,25417.35,381043.0
4479,Uttar Pradesh,Agra,2020,Zaid,Sugarcane,1278.53,33.5,49.7,Alluvial,Drip,281.28,37.25,1370.13,3.24,64597.3,59226.0
4480,Uttar Pradesh,Agra,2020,Zaid,Maize,933.14,18.8,43.2,Black,Tube Well,78.68,20.68,2104.63,2.9,30608.14,75550.0
4481,Uttar Pradesh,Agra,2020,Kharif,Wheat,703.79,33.4,52.7,Red,Tube Well,351.97,46.26,2014.62,3.32,41118.16,113797.0
4482,Uttar Pradesh,Agra,2020,Kharif,Millets,1595.48,37.9,38.1,Sandy,Tube Well,230.04,18.84,761.58,6.69,46214.19,91077.0
4483,Uttar Pradesh,Meerut,2020,Rabi,Barley,1049.15,28.6,55.1,Red,Rain-fed,92.03,19.25,3007.79,4.94,56715.62,145689.0
4484,Uttar Pradesh,Meerut,2020,Kharif,Millets,895.28,26.2,82.1,Laterite,Drip,282.6,46.45,835.79,3.91,37855.62,54597.0
4485,Uttar Pradesh,Meerut,2020,Zaid,Barley,919.25,33.5,55.6,Alluvial,Sprinkler,429.17,32.25,985.73,3.33,24930.21,42641.0
4486,Uttar Pradesh,Meerut,2020,Kharif,Pulses,1354.8,34.1,49.2,Laterite,Rain-fed,358.59,53.68,4624.17,4.07,19907.9,163030.0
4487,Uttar Pradesh,Meerut,2020,Rabi,Pulses,2096.59,27.9,61.2,Alluvial,Sprinkler,323.19,38.18,2039.47,4.78,29264.09,92001.0
4488,Uttar Pradesh,Meerut,2020,Kharif,Sugarcane,936.19,21.3,80.8,Red,Sprinkler,286.86,49.26,3924.51,5.71,52530.4,333010.0
4489,Uttar Pradesh,Meerut,2020,Kharif,Barley,903.33,34.1,68.0,Red,Rain-fed,128.55,17.04,3582.55,7.53,57995.93,260008.0
4490,Uttar Pradesh,Meerut,2020,Rabi,Maize,1668.93,26.3,80.7,Laterite,Canal,231.82,9.46,2675.36,5.6,46058.99,143526.0
4491,Uttar Pradesh,Meerut,2020,Rabi,Rice,775.34,19.3,40.1,Red,Sprinkler,204.97,17.03,3980.79,2.08,51029.4,104129.0
4492,Uttar Pradesh,Meerut,2020,Zaid,Cotton,1860.41,24.0,61.8,Laterite,Sprinkler,344.82,6.33,1472.36,2.85,23863.87,73815.0
4493,Uttar Pradesh,Meerut,2020,Rabi,Millets,1476.77,31.9,42.6,Black,Canal,209.51,48.57,1438.81,5.4,46901.26,66042.0
4494,Uttar Pradesh,Meerut,2020,Rabi,Wheat,2177.45,29.8,87.1,Sandy,Tube Well,119.16,43.98,3233.78,7.21,41444.65,390614.0
4495,Uttar Pradesh,Meerut,2020,Rabi,Sugarcane,1595.78,25.3,58.0,Black,Tube Well,298.85,9.08,2567.7,4.51,59583.27,104628.0
4496,Uttar Pradesh,Meerut,2020,Rabi,Millets,1188.01,24.6,72.0,Laterite,Sprinkler,421.47,24.43,3459.3,7.13,45105.81,249657.00000000003
4497,Uttar Pradesh,Meerut,2020,Kharif,Pulses,1850.04,18.0,69.1,Laterite,Canal,229.34,42.2,2337.47,6.06,58138.92,136508.0
4498,Uttar Pradesh,Meerut,2020,Rabi,Barley,1939.14,35.3,84.9,Sandy,Tube Well,330.92,38.52,298.81,4.45,59031.76,12403.0
4499,Uttar Pradesh,Meerut,2020,Rabi,Sugarcane,1565.32,35.6,75.3,Black,Tube Well,245.97,50.53,1230.28,3.94,24205.86,56817.99999999999
4500,Uttar Pradesh,Meerut,2020,Zaid,Wheat,433.24,34.0,54.9,Sandy,Canal,54.47,5.5,2838.56,2.03,22374.68,75507.0
4501,Punjab,Ludhiana,2020,Rabi,Rice,519.4,24.3,43.2,Laterite,Sprinkler,267.61,12.21,4071.7,7.72,36864.4,255246.99999999997
4502,Punjab,Ludhiana,2020,Zaid,Barley,622.52,28.3,55.6,Alluvial,Drip,332.49,27.78,1378.76,7.68,41270.24,85099.0
4503,Punjab,Ludhiana,2020,Rabi,Maize,2030.44,21.6,51.5,Sandy,Tube Well,386.38,28.82,4864.9,4.22,16901.78,307726.0
4504,Punjab,Ludhiana,2020,Zaid,Barley,1136.63,21.7,57.2,Black,Drip,439.41,49.79,1563.66,2.79,55060.39,43674.0
4505,Punjab,Ludhiana,2020,Rabi,Cotton,445.53,29.6,41.5,Laterite,Rain-fed,359.76,53.96,480.65,4.16,25506.31,27150.0
4506,Punjab,Ludhiana,2020,Rabi,Maize,1199.63,34.8,66.2,Red,Tube Well,432.02,57.32,3427.53,6.17,58565.65,174646.0
4507,Punjab,Ludhiana,2020,Zaid,Maize,486.54,30.4,58.8,Red,Tube Well,389.24,26.36,1704.18,2.23,62374.02,47858.0
4508,Punjab,Ludhiana,2020,Kharif,Rice,1301.84,34.8,39.3,Alluvial,Tube Well,221.77,34.73,2501.57,7.62,18068.51,332510.0
4509,Punjab,Ludhiana,2020,Kharif,Millets,1245.77,25.7,71.8,Black,Sprinkler,70.95,13.81,221.97,7.91,48513.38,21598.0
4510,Punjab,Ludhiana,2020,Kharif,Maize,645.69,24.9,44.9,Alluvial,Drip,61.84,22.09,909.45,3.1,29817.87,42403.0
4511,Punjab,Ludhiana,2020,Rabi,Wheat,704.84,23.2,79.7,Red,Drip,378.16,36.74,618.97,7.65,42167.04,56950.0
4512,Punjab,Ludhiana,2020,Kharif,Pulses,1650.17,20.0,77.7,Sandy,Drip,177.8,44.4,2846.44,4.28,56948.95,211979.0
4513,Punjab,Ludhiana,2020,Kharif,Barley,665.53,36.6,79.5,Red,Drip,198.3,58.5,847.78,8.27,47170.55,69522.0
4514,Punjab,Ludhiana,2020,Zaid,Wheat,1129.61,24.0,79.6,Sandy,Canal,254.08,57.09,4711.66,5.42,27371.94,214281.0
4515,Punjab,Ludhiana,2020,Kharif,Barley,1475.84,32.6,65.1,Laterite,Canal,270.8,12.07,3962.02,4.65,15173.3,203265.0
4516,Punjab,Ludhiana,2020,Rabi,Rice,802.43,26.4,58.3,Sandy,Canal,432.53,7.97,4805.04,6.38,59667.35,388423.0
4517,Punjab,Ludhiana,2020,Rabi,Sugarcane,1477.83,20.8,79.1,Red,Canal,368.4,31.62,3959.96,3.66,62966.66,194412.0
4518,Punjab,Ludhiana,2020,Zaid,Pulses,782.08,33.2,87.8,Laterite,Drip,445.95,36.76,3242.8,1.59,42123.75,87760.0
4519,Punjab,Amritsar,2020,Zaid,Sugarcane,2097.43,18.1,36.7,Laterite,Sprinkler,411.91,19.09,4774.74,2.61,46606.23,211967.0
4520,Punjab,Amritsar,2020,Zaid,Cotton,1544.21,20.5,35.4,Sandy,Tube Well,155.61,12.33,1105.69,2.23,12743.89,41760.0
4521,Punjab,Amritsar,2020,Kharif,Pulses,1383.51,21.5,84.9,Alluvial,Canal,125.99,17.28,2852.88,5.02,44621.11,157302.0
4522,Punjab,Amritsar,2020,Rabi,Cotton,1188.33,23.7,60.8,Laterite,Canal,393.26,31.75,927.95,3.51,49538.83,34210.0
4523,Punjab,Amritsar,2020,Zaid,Millets,2072.58,35.3,44.8,Laterite,Canal,140.45,11.37,2947.86,5.38,20153.68,282490.0
4524,Punjab,Amritsar,2020,Rabi,Millets,892.98,22.6,70.0,Black,Tube Well,131.72,7.06,3867.89,7.84,39597.76,324741.0
4525,Punjab,Amritsar,2020,Zaid,Sugarcane,887.84,25.8,81.0,Alluvial,Canal,246.16,23.13,672.98,8.42,21648.84,56321.0
4526,Punjab,Amritsar,2020,Kharif,Pulses,2070.95,36.2,65.3,Black,Drip,306.32,36.83,744.31,4.88,14375.77,34566.0
4527,Punjab,Amritsar,2020,Kharif,Millets,454.96,31.4,78.3,Alluvial,Tube Well,66.61,40.66,2619.89,8.29,38300.37,308282.0
4528,Punjab,Amritsar,2020,Zaid,Maize,1306.92,21.8,50.1,Red,Rain-fed,99.4,36.54,4148.7,5.69,47718.79,423930.0
4529,Punjab,Amritsar,2020,Zaid,Barley,1298.6,32.4,41.6,Red,Sprinkler,411.67,7.18,4728.78,4.65,34532.6,389114.0
4530,Punjab,Amritsar,2020,Rabi,Millets,1867.32,33.6,54.9,Sandy,Rain-fed,206.81,55.31,568.36,5.07,14933.66,51511.0
4531,Punjab,Amritsar,2020,Rabi,Pulses,1811.79,21.2,41.9,Laterite,Tube Well,64.24,50.27,3822.37,2.75,33078.69,95646.0
4532,Punjab,Amritsar,2020,Zaid,Pulses,1504.07,33.1,46.6,Alluvial,Canal,79.06,59.86,4163.57,5.64,45490.18,348638.0
4533,Punjab,Amritsar,2020,Rabi,Cotton,703.39,22.2,69.6,Alluvial,Sprinkler,179.8,14.95,2309.73,4.12,48511.8,110167.0
4534,Punjab,Amritsar,2020,Rabi,Pulses,981.58,28.8,83.7,Sandy,Canal,290.25,52.07,4757.45,8.09,53001.3,638642.0
4535,Punjab,Amritsar,2020,Rabi,Cotton,832.55,33.7,61.1,Red,Canal,261.24,57.81,2934.73,3.31,45945.99,130625.0
4536,Punjab,Amritsar,2020,Kharif,Barley,469.8,33.8,66.9,Sandy,Sprinkler,422.43,36.41,1892.36,3.44,30304.93,93985.0
4537,Punjab,Patiala,2020,Kharif,Wheat,737.19,18.0,77.4,Black,Sprinkler,235.98,15.67,2712.4,7.74,58584.51,237173.0
4538,Punjab,Patiala,2020,Rabi,Sugarcane,772.21,37.1,78.9,Alluvial,Drip,235.97,8.33,791.34,4.8,19245.68,39278.0
4539,Punjab,Patiala,2020,Rabi,Millets,1458.29,20.1,47.3,Alluvial,Rain-fed,199.51,55.67,785.52,3.81,52128.14,39184.0
4540,Punjab,Patiala,2020,Rabi,Rice,1160.39,27.7,44.8,Red,Rain-fed,88.87,41.95,649.19,6.63,52429.86,74046.0
4541,Punjab,Patiala,2020,Rabi,Pulses,427.69,31.5,76.6,Alluvial,Drip,329.25,6.01,3487.24,4.04,40304.68,236700.0
4542,Punjab,Patiala,2020,Rabi,Millets,1272.29,29.6,75.9,Alluvial,Tube Well,142.59,56.72,3207.4,3.64,17052.72,128835.99999999999
4543,Punjab,Patiala,2020,Kharif,Sugarcane,1957.42,21.4,51.9,Black,Canal,147.33,14.79,3407.39,3.38,27040.45,198591.0
4544,Punjab,Patiala,2020,Rabi,Millets,1400.36,37.1,88.0,Red,Rain-fed,447.21,53.64,1105.67,5.99,28450.12,79471.0
4545,Punjab,Patiala,2020,Rabi,Wheat,552.62,30.0,48.8,Laterite,Rain-fed,83.17,13.77,4885.99,5.11,34516.73,313896.0
4546,Punjab,Patiala,2020,Zaid,Barley,2011.56,37.3,79.9,Alluvial,Tube Well,358.62,16.07,1286.18,6.77,19987.1,119171.0
4547,Punjab,Patiala,2020,Rabi,Pulses,743.07,35.7,84.4,Laterite,Canal,313.9,5.09,2673.15,8.11,55080.21,188011.0
4548,Punjab,Patiala,2020,Zaid,Millets,1988.98,19.1,69.6,Black,Canal,115.44,43.36,1219.29,5.74,26126.48,83280.0
4549,Punjab,Patiala,2020,Zaid,Cotton,2144.23,33.7,50.4,Black,Sprinkler,183.54,6.58,4067.13,6.56,24601.0,419905.0
4550,Punjab,Patiala,2020,Rabi,Barley,1901.66,26.6,69.5,Black,Rain-fed,172.06,44.52,2294.23,7.2,23287.29,156680.0
4551,Punjab,Patiala,2020,Rabi,Maize,1488.01,31.0,48.6,Laterite,Canal,105.3,57.15,4640.13,1.73,33353.72,113534.99999999999
4552,Punjab,Patiala,2020,Zaid,Pulses,1113.1,34.3,43.2,Sandy,Drip,229.12,55.76,232.25,3.87,49223.23,12742.0
4553,Punjab,Patiala,2020,Kharif,Barley,550.24,35.1,58.6,Red,Sprinkler,283.2,15.98,4836.9,5.79,39683.78,434643.0
4554,Punjab,Patiala,2020,Rabi,Wheat,733.73,35.3,44.3,Alluvial,Rain-fed,289.82,19.86,2235.54,3.39,27744.21,83160.0
4555,Punjab,Jalandhar,2020,Kharif,Maize,1647.27,26.3,55.6,Laterite,Drip,218.96,52.9,368.54,4.15,25052.63,25674.0
4556,Punjab,Jalandhar,2020,Zaid,Cotton,1233.46,25.9,56.3,Laterite,Sprinkler,325.81,57.9,1848.98,6.44,15803.87,121192.0
4557,Punjab,Jalandhar,2020,Zaid,Sugarcane,1231.97,27.6,55.9,Black,Rain-fed,338.71,48.02,2515.53,6.51,60282.71,161376.0
4558,Punjab,Jalandhar,2020,Kharif,Maize,1268.83,24.2,73.0,Sandy,Drip,120.47,34.63,2508.68,4.21,60724.44,167398.0
4559,Punjab,Jalandhar,2020,Zaid,Barley,2155.35,21.2,80.9,Sandy,Canal,283.29,52.66,2813.17,4.47,42063.74,206713.0
4560,Punjab,Jalandhar,2020,Kharif,Cotton,1647.44,18.7,73.9,Sandy,Tube Well,98.71,51.58,1800.23,8.24,50337.9,162327.0
4561,Punjab,Jalandhar,2020,Rabi,Millets,1899.86,21.8,52.8,Laterite,Canal,258.48,26.6,4810.84,5.0,13600.6,397086.0
4562,Punjab,Jalandhar,2020,Kharif,Barley,1025.35,25.8,45.7,Alluvial,Rain-fed,392.14,43.42,3935.22,6.6,59306.24,225846.99999999997
4563,Punjab,Jalandhar,2020,Rabi,Cotton,599.52,33.8,62.6,Sandy,Tube Well,341.7,32.56,4414.16,3.39,52611.56,120872.0
4564,Punjab,Jalandhar,2020,Zaid,Maize,2054.87,35.7,43.3,Alluvial,Drip,145.76,25.92,2508.74,1.42,31672.26,37196.0
4565,Punjab,Jalandhar,2020,Zaid,Millets,1372.1,24.6,56.3,Alluvial,Rain-fed,105.04,16.09,1543.66,2.85,46437.78,38181.0
4566,Punjab,Jalandhar,2020,Rabi,Pulses,1380.91,29.3,57.9,Alluvial,Canal,333.16,24.47,3054.9,3.86,27376.42,195624.0
4567,Punjab,Jalandhar,2020,Kharif,Cotton,1889.78,33.8,76.1,Sandy,Rain-fed,429.44,45.3,3248.89,6.78,12672.18,298727.0
4568,Punjab,Jalandhar,2020,Rabi,Maize,1554.38,22.2,70.2,Laterite,Canal,311.18,9.69,4972.86,5.77,25046.94,274099.0
4569,Punjab,Jalandhar,2020,Kharif,Maize,599.32,26.2,76.2,Sandy,Canal,210.95,41.54,312.34,7.17,44290.72,38975.0
4570,Punjab,Jalandhar,2020,Kharif,Cotton,1506.2,30.1,85.2,Red,Rain-fed,405.44,52.32,2988.44,7.42,55810.96,284324.0
4571,Punjab,Jalandhar,2020,Rabi,Sugarcane,2139.21,34.1,75.7,Red,Sprinkler,77.58,18.27,1180.06,8.12,32596.91,137918.0
4572,Punjab,Jalandhar,2020,Rabi,Sugarcane,908.93,32.0,47.6,Laterite,Tube Well,143.11,40.36,2208.07,8.08,41004.27,281244.0
4573,Punjab,Bathinda,2020,Kharif,Rice,596.08,24.6,54.3,Red,Tube Well,274.91,9.24,2104.39,1.22,63944.82,28430.0
4574,Punjab,Bathinda,2020,Kharif,Millets,1928.78,26.4,76.9,Red,Tube Well,342.82,9.19,4669.75,2.35,62359.54,129586.99999999999
4575,Punjab,Bathinda,2020,Rabi,Sugarcane,430.69,23.8,64.8,Black,Canal,61.39,30.1,2540.29,6.4,19093.97,286413.0
4576,Punjab,Bathinda,2020,Rabi,Rice,1882.81,36.0,58.5,Red,Rain-fed,366.0,37.16,2036.81,3.92,53460.91,76050.0
4577,Punjab,Bathinda,2020,Zaid,Barley,965.76,29.6,73.1,Sandy,Canal,264.24,15.74,2809.61,5.3,55821.07,244594.0
4578,Punjab,Bathinda,2020,Rabi,Barley,1988.95,23.5,80.4,Black,Sprinkler,199.54,54.0,1833.06,3.74,51034.14,113878.0
4579,Punjab,Bathinda,2020,Kharif,Rice,1016.18,26.5,59.9,Alluvial,Drip,425.72,59.45,3251.59,5.06,30219.82,201449.0
4580,Punjab,Bathinda,2020,Zaid,Sugarcane,1942.02,33.7,83.0,Laterite,Drip,211.08,37.72,542.4,6.39,53169.39,37573.0
4581,Punjab,Bathinda,2020,Kharif,Millets,1107.88,27.3,73.2,Laterite,Rain-fed,196.59,54.91,1547.9,7.47,17796.49,183880.0
4582,Punjab,Bathinda,2020,Rabi,Sugarcane,879.17,29.6,40.9,Red,Tube Well,303.44,54.77,3126.41,6.84,56422.91,195342.0
4583,Punjab,Bathinda,2020,Kharif,Sugarcane,1879.15,23.7,50.4,Laterite,Sprinkler,214.98,13.38,270.71,1.94,32291.34,8339.0
4584,Punjab,Bathinda,2020,Kharif,Barley,1517.16,26.4,61.4,Black,Tube Well,358.74,30.02,4951.72,6.29,56139.61,323579.0
4585,Punjab,Bathinda,2020,Kharif,Sugarcane,2155.22,22.0,66.0,Alluvial,Tube Well,368.67,14.59,1047.96,5.45,62122.85,88776.0
4586,Punjab,Bathinda,2020,Rabi,Millets,1401.4,30.3,43.7,Alluvial,Canal,233.47,59.52,4828.88,5.47,45834.0,402645.0
4587,Punjab,Bathinda,2020,Rabi,Maize,1513.58,36.9,46.6,Red,Tube Well,320.21,37.29,3867.9,6.21,27511.69,403161.0
4588,Punjab,Bathinda,2020,Kharif,Wheat,1277.45,20.2,37.3,Alluvial,Rain-fed,222.61,43.23,2027.29,7.87,41078.44,271977.0
4589,Punjab,Bathinda,2020,Zaid,Pulses,1074.09,31.9,63.0,Alluvial,Canal,210.03,52.45,1744.35,2.53,20030.21,40866.0
4590,Punjab,Bathinda,2020,Kharif,Barley,2068.33,24.9,72.3,Sandy,Canal,410.94,40.57,1598.38,2.04,26423.37,46906.0
4591,Maharashtra,Pune,2020,Kharif,Sugarcane,2055.72,36.9,35.1,Red,Tube Well,201.43,45.34,2792.31,7.39,21167.76,355834.0
4592,Maharashtra,Pune,2020,Kharif,Barley,1344.87,27.5,78.5,Alluvial,Canal,433.66,49.2,4467.75,5.27,54369.42,332126.0
4593,Maharashtra,Pune,2020,Zaid,Barley,1270.14,20.9,37.2,Alluvial,Canal,205.83,23.86,1207.21,7.64,54747.14,129480.0
4594,Maharashtra,Pune,2020,Kharif,Barley,1606.24,25.2,79.9,Sandy,Tube Well,90.71,17.36,4012.76,6.33,20855.79,447007.0
4595,Maharashtra,Pune,2020,Zaid,Rice,1632.74,20.8,48.1,Red,Tube Well,58.37,43.4,220.02,5.37,32190.42,12243.0
4596,Maharashtra,Pune,2020,Rabi,Sugarcane,2007.3,28.6,39.0,Alluvial,Tube Well,156.44,5.35,3393.52,6.7,19708.89,340196.0
4597,Maharashtra,Pune,2020,Zaid,Cotton,2065.85,24.2,50.7,Laterite,Drip,95.16,58.41,4131.22,3.95,56932.71,145125.0
4598,Maharashtra,Pune,2020,Rabi,Rice,800.53,37.8,48.0,Alluvial,Canal,424.39,39.13,148.46,7.89,62417.65,16250.0
4599,Maharashtra,Pune,2020,Kharif,Sugarcane,642.31,20.0,53.7,Red,Canal,372.02,43.85,4870.61,4.55,32059.82,282774.0
4600,Maharashtra,Pune,2020,Rabi,Rice,1515.99,34.9,64.4,Black,Sprinkler,421.98,8.4,190.8,3.69,39060.98,8411.0
4601,Maharashtra,Pune,2020,Rabi,Rice,1481.34,22.9,49.9,Black,Canal,361.84,6.82,4798.27,3.87,15255.08,213510.0
4602,Maharashtra,Pune,2020,Rabi,Rice,1776.97,26.8,56.6,Alluvial,Drip,397.6,32.02,1009.85,3.2,20300.4,38441.0
4603,Maharashtra,Pune,2020,Zaid,Cotton,624.75,19.9,72.2,Black,Rain-fed,191.57,53.41,4952.38,5.79,21898.41,281383.0
4604,Maharashtra,Pune,2020,Kharif,Cotton,1824.8,23.3,74.4,Black,Canal,209.99,55.95,4535.54,7.42,42403.35,328721.0
4605,Maharashtra,Pune,2020,Rabi,Millets,1888.5,32.0,50.3,Sandy,Canal,266.15,8.62,1021.79,8.05,20904.91,131907.0
4606,Maharashtra,Pune,2020,Kharif,Cotton,794.88,34.1,78.7,Alluvial,Sprinkler,333.34,14.38,1815.25,6.57,53334.83,104601.0
4607,Maharashtra,Pune,2020,Zaid,Wheat,1394.33,20.3,87.5,Red,Tube Well,425.9,5.12,2522.69,2.01,30027.28,89312.0
4608,Maharashtra,Pune,2020,Rabi,Sugarcane,669.2,23.3,84.8,Sandy,Drip,405.48,43.0,1854.1,1.63,23833.57,35173.0
4609,Maharashtra,Nashik,2020,Rabi,Pulses,1260.72,27.8,45.3,Sandy,Sprinkler,403.95,51.31,3738.94,2.35,12097.32,93294.0
4610,Maharashtra,Nashik,2020,Zaid,Rice,2014.08,35.8,38.8,Alluvial,Tube Well,225.01,55.28,3282.19,2.86,14713.31,141021.0
4611,Maharashtra,Nashik,2020,Kharif,Millets,566.23,36.2,61.1,Alluvial,Canal,376.93,7.94,810.25,3.34,14006.51,26132.0
4612,Maharashtra,Nashik,2020,Zaid,Sugarcane,423.87,22.1,45.3,Black,Sprinkler,355.69,58.03,2935.63,3.42,23997.49,92578.0
4613,Maharashtra,Nashik,2020,Rabi,Cotton,1917.87,33.6,79.1,Black,Canal,149.17,9.97,435.76,7.63,43487.08,34239.0
4614,Maharashtra,Nashik,2020,Zaid,Sugarcane,1458.62,20.9,64.8,Alluvial,Rain-fed,238.75,14.88,2307.08,4.57,23150.16,183710.0
4615,Maharashtra,Nashik,2020,Zaid,Maize,1936.14,28.1,71.9,Laterite,Sprinkler,251.73,6.24,2978.77,1.3,61740.2,62477.0
4616,Maharashtra,Nashik,2020,Zaid,Barley,907.1,32.4,83.2,Sandy,Canal,344.85,38.35,2366.37,6.92,19906.53,171262.0
4617,Maharashtra,Nashik,2020,Zaid,Sugarcane,2047.65,24.5,52.0,Red,Canal,77.24,11.74,3603.7,5.78,25841.15,278524.0
4618,Maharashtra,Nashik,2020,Rabi,Pulses,854.95,36.9,71.9,Alluvial,Canal,132.07,19.05,958.51,6.44,46586.61,108265.00000000001
4619,Maharashtra,Nashik,2020,Zaid,Maize,1540.13,20.1,40.3,Sandy,Tube Well,50.56,33.78,2320.28,5.11,24899.81,135112.0
4620,Maharashtra,Nashik,2020,Rabi,Cotton,1613.6,25.9,35.6,Red,Drip,348.18,42.43,4139.52,3.67,38469.18,196874.0
4621,Maharashtra,Nashik,2020,Zaid,Rice,1740.41,33.9,64.5,Alluvial,Tube Well,197.43,12.12,2410.71,1.78,56715.09,39133.0
4622,Maharashtra,Nashik,2020,Rabi,Maize,605.53,30.2,66.3,Sandy,Canal,365.91,19.05,4991.46,4.28,52717.03,213962.0
4623,Maharashtra,Nashik,2020,Zaid,Pulses,1620.18,19.5,50.8,Laterite,Rain-fed,95.95,38.8,2518.13,5.82,59903.41,167248.0
4624,Maharashtra,Nashik,2020,Zaid,Maize,829.74,18.5,73.2,Red,Drip,220.31,51.76,4728.57,1.3,37375.97,65877.0
4625,Maharashtra,Nashik,2020,Rabi,Pulses,690.54,35.2,81.4,Laterite,Drip,418.95,11.56,1168.25,3.99,60417.23,67622.0
4626,Maharashtra,Nashik,2020,Zaid,Wheat,1786.7,27.6,45.6,Red,Canal,263.39,36.03,1098.53,6.5,63075.57,80646.0
4627,Maharashtra,Nagpur,2020,Zaid,Sugarcane,743.39,19.4,74.4,Black,Rain-fed,213.39,37.87,4545.83,2.63,24969.05,128625.0
4628,Maharashtra,Nagpur,2020,Kharif,Pulses,621.95,30.3,65.3,Red,Drip,366.82,41.13,2534.23,7.21,37541.27,175021.0
4629,Maharashtra,Nagpur,2020,Rabi,Millets,1941.07,28.0,65.2,Red,Rain-fed,159.2,30.6,644.6,3.94,45101.39,28352.0
4630,Maharashtra,Nagpur,2020,Zaid,Sugarcane,1821.52,35.2,43.9,Red,Rain-fed,154.33,53.04,4727.39,4.75,61582.18,269785.0
4631,Maharashtra,Nagpur,2020,Kharif,Cotton,400.8,25.9,87.5,Sandy,Canal,286.64,21.49,1766.33,2.38,22007.62,58091.99999999999
4632,Maharashtra,Nagpur,2020,Kharif,Rice,576.48,31.4,64.7,Alluvial,Rain-fed,119.94,40.79,2881.82,6.51,50629.32,322726.0
4633,Maharashtra,Nagpur,2020,Rabi,Barley,1528.82,24.8,83.7,Alluvial,Sprinkler,115.75,16.16,2201.22,2.1,50883.91,40504.0
4634,Maharashtra,Nagpur,2020,Zaid,Rice,1991.67,22.9,80.5,Laterite,Sprinkler,341.32,51.57,4775.13,7.39,47892.3,626737.0
4635,Maharashtra,Nagpur,2020,Kharif,Pulses,2102.36,18.6,88.1,Red,Canal,348.03,9.14,4113.28,1.54,46135.92,108213.00000000001
4636,Maharashtra,Nagpur,2020,Rabi,Sugarcane,1853.46,28.3,64.1,Laterite,Drip,284.88,50.73,413.36,2.83,20745.48,15516.0
4637,Maharashtra,Nagpur,2020,Kharif,Sugarcane,1160.28,34.5,83.9,Laterite,Sprinkler,51.96,49.74,1000.46,3.65,58187.6,55783.00000000001
4638,Maharashtra,Nagpur,2020,Kharif,Maize,2199.52,20.1,81.9,Laterite,Canal,119.73,34.4,440.05,1.4,49125.35,5386.0
4639,Maharashtra,Nagpur,2020,Kharif,Wheat,1032.92,30.8,39.8,Black,Canal,233.9,52.7,2917.0,6.07,49532.77,208398.99999999997
4640,Maharashtra,Nagpur,2020,Rabi,Cotton,1225.66,32.8,73.9,Red,Rain-fed,230.13,57.21,2680.67,6.5,22466.29,277239.0
4641,Maharashtra,Nagpur,2020,Kharif,Maize,1498.88,23.2,81.2,Red,Tube Well,436.44,51.63,1118.04,2.8,12522.59,32017.0
4642,Maharashtra,Nagpur,2020,Kharif,Rice,1086.06,26.1,83.5,Black,Sprinkler,144.23,59.86,965.32,3.01,46210.69,24602.0
4643,Maharashtra,Nagpur,2020,Rabi,Rice,1467.35,18.2,35.2,Red,Canal,85.91,37.32,757.59,4.76,50292.06,32531.0
4644,Maharashtra,Nagpur,2020,Rabi,Cotton,1095.55,26.3,58.0,Black,Tube Well,144.56,7.44,282.38,3.1,48584.44,12608.0
4645,Maharashtra,Aurangabad,2020,Zaid,Pulses,545.93,22.7,87.8,Red,Tube Well,394.02,24.33,1387.43,6.61,18679.12,135825.0
4646,Maharashtra,Aurangabad,2020,Kharif,Barley,1096.61,19.1,61.8,Laterite,Canal,362.91,54.61,2928.09,5.4,60449.2,140918.0
4647,Maharashtra,Aurangabad,2020,Zaid,Sugarcane,1072.34,20.0,40.6,Sandy,Tube Well,88.63,48.24,1917.09,7.22,27755.18,118717.0
4648,Maharashtra,Aurangabad,2020,Zaid,Pulses,1182.52,29.0,56.3,Laterite,Tube Well,197.58,41.87,3027.9,3.49,32025.21,158622.0
4649,Maharashtra,Aurangabad,2020,Zaid,Pulses,1063.41,36.3,77.0,Alluvial,Rain-fed,114.18,21.05,322.46,1.8,48978.3,5418.0
4650,Maharashtra,Aurangabad,2020,Kharif,Wheat,1532.04,25.1,61.5,Black,Canal,116.0,44.5,1424.55,1.37,19832.95,17745.0
4651,Maharashtra,Aurangabad,2020,Rabi,Cotton,800.45,21.5,36.3,Laterite,Sprinkler,419.67,21.34,4337.59,1.82,43742.77,114790.00000000001
4652,Maharashtra,Aurangabad,2020,Zaid,Millets,779.81,20.2,74.3,Black,Tube Well,434.08,13.2,293.43,6.33,23972.46,24017.0
4653,Maharashtra,Aurangabad,2020,Kharif,Rice,1302.05,27.3,66.8,Red,Sprinkler,255.6,51.55,1863.15,6.63,58074.71,143723.0
4654,Maharashtra,Aurangabad,2020,Kharif,Pulses,1962.85,34.2,52.8,Red,Drip,344.75,36.38,687.63,3.17,63379.57,22847.0
4655,Maharashtra,Aurangabad,2020,Kharif,Millets,628.88,23.7,35.1,Red,Rain-fed,266.23,21.18,3808.25,6.53,34587.89,264381.0
4656,Maharashtra,Aurangabad,2020,Zaid,Maize,1053.02,34.2,73.0,Alluvial,Canal,277.11,42.25,2937.06,3.01,38334.9,132567.0
4657,Maharashtra,Aurangabad,2020,Zaid,Pulses,2121.43,37.1,64.1,Red,Drip,50.4,28.54,2906.78,5.0,29612.91,166734.0
4658,Maharashtra,Aurangabad,2020,Rabi,Barley,1019.17,27.7,81.5,Sandy,Drip,418.19,31.08,3654.86,7.67,44237.49,323526.0
4659,Maharashtra,Aurangabad,2020,Kharif,Pulses,497.57,20.0,63.9,Alluvial,Rain-fed,160.58,59.95,993.06,3.85,25877.52,49335.0
4660,Maharashtra,Aurangabad,2020,Kharif,Maize,1993.64,29.8,36.1,Alluvial,Canal,301.88,28.53,1298.72,5.17,27854.8,64095.00000000001
4661,Maharashtra,Aurangabad,2020,Rabi,Cotton,1022.49,33.0,63.6,Sandy,Drip,301.22,50.86,3915.98,3.3,13394.25,149837.0
4662,Maharashtra,Aurangabad,2020,Rabi,Wheat,1516.41,26.2,59.0,Laterite,Drip,419.91,22.04,709.0,3.94,14854.77,43087.0
4663,Maharashtra,Kolhapur,2020,Kharif,Wheat,869.7,24.7,51.3,Alluvial,Drip,216.51,15.24,1187.97,1.79,64337.68,38040.0
4664,Maharashtra,Kolhapur,2020,Zaid,Rice,1693.17,29.1,41.5,Alluvial,Canal,435.69,7.24,2759.25,4.64,61218.14,226206.0
4665,Maharashtra,Kolhapur,2020,Kharif,Millets,1733.32,33.7,65.7,Laterite,Tube Well,363.72,33.41,4308.44,6.25,41255.02,464155.0
4666,Maharashtra,Kolhapur,2020,Zaid,Barley,1316.81,28.1,86.2,Alluvial,Drip,379.14,56.6,2224.35,1.44,40775.18,32836.0
4667,Maharashtra,Kolhapur,2020,Rabi,Millets,652.48,23.9,76.0,Sandy,Sprinkler,93.23,55.2,366.88,3.43,64776.04,12963.999999999998
4668,Maharashtra,Kolhapur,2020,Kharif,Cotton,1261.22,22.9,83.2,Alluvial,Rain-fed,149.26,22.41,1151.9,4.76,63919.4,83433.0
4669,Maharashtra,Kolhapur,2020,Kharif,Sugarcane,1599.07,25.4,50.5,Sandy,Drip,215.28,52.59,272.84,2.53,23905.81,6643.000000000001
4670,Maharashtra,Kolhapur,2020,Kharif,Barley,1581.51,37.2,82.4,Red,Canal,74.22,11.08,1222.66,3.79,48550.85,53914.0
4671,Maharashtra,Kolhapur,2020,Rabi,Rice,1885.8,36.6,60.7,Red,Drip,320.58,25.73,4365.76,3.4,32468.28,180988.0
4672,Maharashtra,Kolhapur,2020,Kharif,Barley,1290.06,33.2,35.2,Laterite,Rain-fed,152.87,47.2,539.99,1.32,14134.3,10205.0
4673,Maharashtra,Kolhapur,2020,Kharif,Rice,765.21,24.4,67.4,Laterite,Rain-fed,153.46,57.44,2677.76,3.82,33443.05,96118.0
4674,Maharashtra,Kolhapur,2020,Kharif,Sugarcane,562.41,27.8,67.1,Black,Tube Well,78.07,24.95,1231.39,2.48,30980.46,34938.0
4675,Maharashtra,Kolhapur,2020,Kharif,Sugarcane,2119.42,21.8,51.9,Black,Rain-fed,271.32,9.08,396.58,6.75,55307.41,22245.0
4676,Maharashtra,Kolhapur,2020,Zaid,Maize,439.93,33.8,79.2,Sandy,Rain-fed,229.7,25.65,237.58,8.22,64508.43,18218.0
4677,Maharashtra,Kolhapur,2020,Rabi,Millets,1379.27,23.9,41.1,Red,Drip,101.73,32.66,2556.23,2.47,37655.43,96900.0
4678,Maharashtra,Kolhapur,2020,Kharif,Rice,2166.78,30.4,38.0,Black,Tube Well,346.64,20.8,4314.24,5.27,41856.11,399180.0
4679,Maharashtra,Kolhapur,2020,Zaid,Millets,599.29,19.4,58.0,Alluvial,Drip,439.34,46.77,3374.93,4.88,51701.27,225087.0
4680,Maharashtra,Kolhapur,2020,Kharif,Barley,1971.47,31.8,72.8,Sandy,Tube Well,100.76,53.39,1611.85,3.44,46202.43,88132.0
4681,Karnataka,Bengaluru,2020,Kharif,Sugarcane,1972.27,22.2,84.1,Sandy,Sprinkler,291.37,33.68,327.56,7.44,39240.27,36662.0
4682,Karnataka,Bengaluru,2020,Kharif,Pulses,1749.01,27.9,51.1,Red,Tube Well,228.32,41.59,1460.69,7.84,62032.53,136263.0
4683,Karnataka,Bengaluru,2020,Kharif,Cotton,1265.72,29.4,81.8,Alluvial,Sprinkler,277.06,18.72,507.06,1.71,53220.58,8039.0
4684,Karnataka,Bengaluru,2020,Rabi,Rice,1032.01,33.1,54.5,Alluvial,Sprinkler,266.22,8.97,1057.5,7.02,50593.91,98496.0
4685,Karnataka,Bengaluru,2020,Zaid,Maize,817.95,22.7,55.4,Red,Rain-fed,78.6,41.11,1710.52,2.4,29102.37,43701.0
4686,Karnataka,Bengaluru,2020,Kharif,Millets,434.69,19.6,57.1,Red,Tube Well,313.63,8.08,4182.45,1.83,52072.73,77656.0
4687,Karnataka,Bengaluru,2020,Rabi,Wheat,1929.13,21.8,63.1,Red,Rain-fed,167.01,20.26,4748.36,4.4,35226.26,224744.0
4688,Karnataka,Bengaluru,2020,Rabi,Rice,2197.86,26.8,87.1,Laterite,Rain-fed,353.07,15.66,429.2,3.67,64161.75,25849.0
4689,Karnataka,Bengaluru,2020,Zaid,Millets,1355.24,37.2,55.4,Alluvial,Tube Well,275.37,28.14,4665.3,8.27,53409.32,438200.0
4690,Karnataka,Bengaluru,2020,Kharif,Maize,1809.64,25.7,43.5,Black,Drip,357.34,28.88,4464.12,4.71,16931.39,365495.0
4691,Karnataka,Bengaluru,2020,Zaid,Cotton,995.15,36.9,66.0,Alluvial,Rain-fed,332.47,22.46,1983.73,6.99,58575.32,124585.99999999999
4692,Karnataka,Bengaluru,2020,Kharif,Cotton,1940.29,18.6,52.9,Laterite,Sprinkler,139.9,45.46,4042.59,6.05,44085.76,383812.0
4693,Karnataka,Bengaluru,2020,Zaid,Barley,1647.81,31.9,67.5,Alluvial,Drip,394.21,38.86,2996.08,6.99,34575.59,322192.0
4694,Karnataka,Bengaluru,2020,Zaid,Rice,589.54,35.7,36.2,Sandy,Canal,388.56,55.78,2350.39,6.61,29675.15,265401.0
4695,Karnataka,Bengaluru,2020,Zaid,Barley,1925.66,19.3,83.5,Sandy,Rain-fed,223.43,7.7,2918.92,7.77,34811.85,365618.0
4696,Karnataka,Bengaluru,2020,Rabi,Rice,1716.65,29.0,36.3,Alluvial,Canal,436.13,59.65,4164.56,2.27,39341.79,119881.0
4697,Karnataka,Bengaluru,2020,Zaid,Pulses,2106.24,23.8,73.5,Sandy,Canal,316.59,56.71,2054.93,6.93,41550.66,126663.00000000001
4698,Karnataka,Bengaluru,2020,Kharif,Rice,1084.94,33.7,81.6,Red,Sprinkler,443.67,34.43,1078.56,4.93,14947.82,83730.0
4699,Karnataka,Mysuru,2020,Kharif,Barley,1955.88,27.1,60.2,Red,Drip,90.05,57.37,2899.6,3.32,19451.54,86049.0
4700,Karnataka,Mysuru,2020,Zaid,Barley,1408.33,30.3,77.9,Red,Tube Well,203.05,39.02,2363.27,8.25,55097.92,279797.0
4701,Karnataka,Mysuru,2020,Kharif,Wheat,481.79,26.4,88.8,Sandy,Tube Well,189.06,39.41,924.96,3.18,45397.15,25355.0
4702,Karnataka,Mysuru,2020,Kharif,Sugarcane,479.63,28.7,84.6,Laterite,Drip,342.19,26.59,4139.62,3.21,42411.12,222498.0
4703,Karnataka,Mysuru,2020,Zaid,Maize,671.12,33.6,66.2,Red,Drip,448.7,24.63,2266.7,2.43,57436.61,83958.0
4704,Karnataka,Mysuru,2020,Kharif,Maize,1688.31,20.6,79.1,Red,Sprinkler,368.94,7.21,2044.81,3.89,26532.06,109922.0
4705,Karnataka,Mysuru,2020,Zaid,Millets,785.0,18.3,60.1,Sandy,Drip,316.46,31.0,1351.58,8.37,55779.05,192109.0
4706,Karnataka,Mysuru,2020,Rabi,Wheat,1692.44,29.2,42.6,Laterite,Drip,154.14,11.77,2266.46,7.67,26748.13,239710.0
4707,Karnataka,Mysuru,2020,Zaid,Cotton,644.13,32.4,77.1,Sandy,Canal,414.04,56.53,2202.26,8.12,62940.15,223884.0
4708,Karnataka,Mysuru,2020,Rabi,Wheat,884.92,36.2,43.0,Sandy,Tube Well,116.64,45.11,4692.41,5.26,20943.83,250169.99999999997
4709,Karnataka,Mysuru,2020,Rabi,Wheat,1780.73,36.8,59.2,Red,Drip,65.61,8.8,3371.06,7.72,27908.82,253190.0
4710,Karnataka,Mysuru,2020,Rabi,Rice,479.97,37.1,69.1,Alluvial,Canal,136.85,12.85,206.06,2.77,33410.0,8294.0
4711,Karnataka,Mysuru,2020,Zaid,Maize,2198.19,24.8,77.7,Alluvial,Sprinkler,343.42,13.09,217.39,5.5,23407.88,17837.0
4712,Karnataka,Mysuru,2020,Rabi,Wheat,826.92,23.6,36.6,Red,Rain-fed,232.77,21.6,2752.02,5.22,23513.34,120944.0
4713,Karnataka,Mysuru,2020,Zaid,Wheat,1821.72,33.8,42.3,Alluvial,Sprinkler,247.63,24.7,4452.52,5.18,49620.06,304087.0
4714,Karnataka,Mysuru,2020,Zaid,Millets,904.26,29.0,73.6,Laterite,Rain-fed,169.55,41.05,1365.55,7.62,21048.43,101036.0
4715,Karnataka,Mysuru,2020,Kharif,Maize,1870.0,18.2,57.4,Laterite,Rain-fed,433.93,10.15,3513.08,7.36,49120.88,332356.0
4716,Karnataka,Mysuru,2020,Kharif,Cotton,2046.25,37.4,57.4,Black,Rain-fed,367.46,55.18,1422.46,1.39,15719.92,29033.999999999996
4717,Karnataka,Hubli,2020,Zaid,Rice,1901.0,20.1,73.0,Black,Tube Well,71.11,26.85,3726.73,1.37,61701.65,61258.00000000001
4718,Karnataka,Hubli,2020,Zaid,Maize,566.25,29.2,60.8,Black,Rain-fed,342.46,13.61,1960.43,1.71,28536.27,53815.0
4719,Karnataka,Hubli,2020,Kharif,Cotton,785.85,29.7,76.1,Sandy,Tube Well,447.27,5.23,1785.78,4.38,40148.38,93123.0
4720,Karnataka,Hubli,2020,Zaid,Rice,1674.37,27.8,77.2,Sandy,Sprinkler,366.53,46.76,4546.47,2.2,38080.12,100888.0
4721,Karnataka,Hubli,2020,Zaid,Millets,466.75,36.3,52.0,Sandy,Canal,205.72,5.95,2270.27,8.0,50769.22,231664.0
4722,Karnataka,Hubli,2020,Zaid,Barley,1623.55,22.0,73.4,Alluvial,Drip,391.19,9.07,808.49,1.87,26756.95,19103.0
4723,Karnataka,Hubli,2020,Kharif,Barley,1594.4,34.4,67.9,Laterite,Canal,380.35,5.55,380.8,4.98,23749.38,25861.0
4724,Karnataka,Hubli,2020,Zaid,Sugarcane,1708.98,20.9,61.9,Laterite,Canal,216.43,54.48,3360.85,5.35,18794.67,166826.0
4725,Karnataka,Hubli,2020,Rabi,Barley,1703.76,23.8,78.7,Black,Rain-fed,162.07,32.55,4760.44,5.37,55588.99,271895.0
4726,Karnataka,Hubli,2020,Rabi,Pulses,1172.06,26.2,56.7,Black,Drip,291.41,9.37,2552.99,7.34,19391.35,322380.0
4727,Karnataka,Hubli,2020,Rabi,Pulses,2081.24,27.9,70.0,Red,Tube Well,294.97,31.25,1438.61,4.61,59415.71,83602.0
4728,Karnataka,Hubli,2020,Zaid,Barley,1292.86,25.9,59.3,Red,Canal,152.23,36.63,554.6,3.41,39051.62,22562.0
4729,Karnataka,Hubli,2020,Zaid,Sugarcane,698.86,33.6,43.9,Red,Drip,219.29,43.59,3740.24,2.66,19197.32,147205.0
4730,Karnataka,Hubli,2020,Kharif,Rice,951.1,19.9,35.9,Sandy,Sprinkler,278.88,15.54,4727.27,1.51,14797.28,117265.00000000001
4731,Karnataka,Hubli,2020,Kharif,Sugarcane,1160.44,19.5,51.1,Sandy,Tube Well,282.5,22.75,3363.93,5.12,24025.69,208873.99999999997
4732,Karnataka,Hubli,2020,Rabi,Wheat,465.46,27.2,64.6,Alluvial,Drip,356.24,10.02,2760.33,4.83,13901.76,226889.0
4733,Karnataka,Hubli,2020,Zaid,Pulses,890.29,37.2,41.2,Black,Canal,414.3,58.74,283.1,6.49,44203.53,20180.0
4734,Karnataka,Hubli,2020,Rabi,Pulses,1454.27,18.1,45.5,Sandy,Sprinkler,366.43,12.97,3810.72,7.31,31073.46,476463.0
4735,Karnataka,Belagavi,2020,Kharif,Pulses,1426.92,21.5,49.7,Alluvial,Sprinkler,293.04,29.17,2223.54,3.67,60191.42,82968.0
4736,Karnataka,Belagavi,2020,Kharif,Rice,596.51,27.4,35.0,Red,Rain-fed,101.93,7.43,1319.47,6.27,22657.93,82712.0
4737,Karnataka,Belagavi,2020,Rabi,Rice,1245.54,21.1,38.9,Laterite,Sprinkler,217.37,9.03,4188.37,8.41,18394.79,304055.0
4738,Karnataka,Belagavi,2020,Rabi,Millets,2110.61,25.6,41.5,Alluvial,Drip,143.82,5.8,698.36,2.73,56132.4,32126.0
4739,Karnataka,Belagavi,2020,Kharif,Pulses,986.37,29.7,56.8,Black,Rain-fed,234.55,9.84,3354.53,2.31,22754.03,128778.0
4740,Karnataka,Belagavi,2020,Kharif,Sugarcane,859.26,31.3,55.9,Alluvial,Rain-fed,205.29,50.55,645.17,2.67,48806.88,20277.0
4741,Karnataka,Belagavi,2020,Kharif,Sugarcane,1466.45,37.1,49.2,Red,Sprinkler,355.22,5.12,4213.95,3.33,50575.38,209862.0
4742,Karnataka,Belagavi,2020,Kharif,Cotton,1472.74,23.6,86.4,Black,Rain-fed,198.91,39.05,2185.73,1.65,37415.24,47451.0
4743,Karnataka,Belagavi,2020,Rabi,Sugarcane,780.0,31.9,87.4,Red,Tube Well,413.4,20.14,4368.03,3.76,38574.89,242027.0
4744,Karnataka,Belagavi,2020,Rabi,Pulses,1363.53,24.7,53.0,Alluvial,Drip,254.26,18.13,2186.37,6.65,60166.18,241140.0
4745,Karnataka,Belagavi,2020,Zaid,Sugarcane,2005.28,31.6,77.2,Alluvial,Tube Well,244.59,5.12,1756.56,4.7,22903.74,124039.00000000001
4746,Karnataka,Belagavi,2020,Kharif,Maize,1418.12,37.1,72.0,Sandy,Tube Well,175.5,58.81,1316.79,4.31,35424.95,50955.0
4747,Karnataka,Belagavi,2020,Kharif,Maize,1641.73,25.9,46.2,Red,Sprinkler,280.94,23.37,2498.0,2.06,16210.81,45464.0
4748,Karnataka,Belagavi,2020,Zaid,Sugarcane,2012.0,22.5,49.3,Alluvial,Rain-fed,409.57,59.21,2607.53,6.64,19902.0,276140.0
4749,Karnataka,Belagavi,2020,Kharif,Barley,1062.31,30.5,79.4,Laterite,Rain-fed,55.5,7.96,2820.79,4.59,28166.54,163757.0
4750,Karnataka,Belagavi,2020,Kharif,Rice,770.14,24.7,63.7,Black,Rain-fed,423.69,38.98,2985.55,2.33,57847.64,75405.0
4751,Karnataka,Belagavi,2020,Kharif,Wheat,1130.69,28.3,46.8,Laterite,Drip,286.77,37.48,1192.27,7.25,61628.7,122885.99999999999
4752,Karnataka,Belagavi,2020,Rabi,Barley,753.4,32.1,47.7,Red,Rain-fed,93.86,12.55,1548.79,7.93,51486.89,182686.0
4753,Karnataka,Mangalore,2020,Zaid,Cotton,1848.43,26.4,72.4,Laterite,Rain-fed,372.27,52.3,3352.44,5.94,56460.64,267336.0
4754,Karnataka,Mangalore,2020,Rabi,Maize,1254.67,34.5,83.2,Sandy,Drip,420.45,11.27,3193.01,5.62,33849.07,201367.0
4755,Karnataka,Mangalore,2020,Kharif,Millets,1291.84,29.3,75.0,Laterite,Rain-fed,291.71,57.34,696.07,6.67,25954.57,75610.0
4756,Karnataka,Mangalore,2020,Rabi,Cotton,1622.64,27.4,66.8,Laterite,Canal,97.75,32.64,1488.45,3.47,50895.63,47324.0
4757,Karnataka,Mangalore,2020,Zaid,Maize,2142.27,19.8,67.5,Red,Rain-fed,200.8,30.95,801.52,4.94,40939.66,58708.00000000001
4758,Karnataka,Mangalore,2020,Zaid,Maize,2115.0,37.5,70.2,Sandy,Sprinkler,252.81,6.6,1869.33,5.67,16850.4,103421.0
4759,Karnataka,Mangalore,2020,Rabi,Pulses,608.6,20.2,80.5,Laterite,Drip,446.54,54.65,3783.74,5.86,28340.73,275733.0
4760,Karnataka,Mangalore,2020,Kharif,Barley,1015.41,35.0,47.0,Black,Rain-fed,360.69,6.3,2347.7,6.38,22220.83,187701.0
4761,Karnataka,Mangalore,2020,Kharif,Wheat,1078.22,28.2,41.1,Sandy,Tube Well,432.58,5.41,4653.04,8.34,64150.06,510064.00000000006
4762,Karnataka,Mangalore,2020,Rabi,Pulses,549.33,33.9,89.8,Sandy,Sprinkler,322.84,28.79,991.93,3.13,19941.51,25810.000000000004
4763,Karnataka,Mangalore,2020,Rabi,Millets,712.75,34.4,55.0,Black,Drip,75.36,55.74,4939.94,5.76,54570.02,502884.0
4764,Karnataka,Mangalore,2020,Rabi,Maize,1500.5,27.7,36.8,Black,Drip,195.99,37.19,2801.68,3.79,54865.68,181920.0
4765,Karnataka,Mangalore,2020,Zaid,Wheat,978.52,32.6,62.6,Sandy,Tube Well,411.94,56.34,4216.62,7.54,42624.76,313423.0
4766,Karnataka,Mangalore,2020,Kharif,Millets,828.97,31.0,72.2,Alluvial,Tube Well,324.72,30.08,4234.79,4.33,23421.88,184485.0
4767,Karnataka,Mangalore,2020,Zaid,Rice,1495.15,35.2,54.5,Alluvial,Tube Well,446.39,53.14,2437.28,4.34,19026.19,178117.0
4768,Karnataka,Mangalore,2020,Rabi,Barley,627.27,35.5,73.0,Alluvial,Drip,304.12,51.08,1422.75,5.27,31951.2,97234.0
4769,Karnataka,Mangalore,2020,Zaid,Wheat,782.67,25.9,87.6,Laterite,Rain-fed,256.61,41.73,364.13,4.02,39102.07,23828.0
4770,Karnataka,Mangalore,2020,Zaid,Cotton,2034.16,18.4,47.5,Laterite,Tube Well,355.97,34.23,2803.22,3.62,29265.64,100095.0
4771,Tamil Nadu,Chennai,2020,Zaid,Rice,1203.01,27.2,83.8,Black,Sprinkler,73.18,18.52,1541.16,1.2,31805.27,25168.0
4772,Tamil Nadu,Chennai,2020,Kharif,Millets,450.49,22.7,39.9,Sandy,Tube Well,84.57,37.35,3390.48,6.26,35579.73,241681.0
4773,Tamil Nadu,Chennai,2020,Kharif,Wheat,1169.03,37.0,89.8,Red,Tube Well,70.14,58.09,2416.44,8.46,45927.17,302671.0
4774,Tamil Nadu,Chennai,2020,Zaid,Rice,574.54,34.9,53.1,Black,Canal,183.75,50.9,1375.08,1.42,19285.88,24198.0
4775,Tamil Nadu,Chennai,2020,Rabi,Rice,1051.43,19.3,47.6,Sandy,Rain-fed,62.03,33.27,3295.09,2.87,30589.73,86176.0
4776,Tamil Nadu,Chennai,2020,Rabi,Rice,1034.26,20.5,83.7,Alluvial,Tube Well,441.99,16.28,1704.34,6.82,56071.81,156978.0
4777,Tamil Nadu,Chennai,2020,Rabi,Rice,2027.49,35.2,61.9,Alluvial,Tube Well,430.95,26.09,4058.16,1.29,58336.45,87692.0
4778,Tamil Nadu,Chennai,2020,Kharif,Wheat,2073.22,32.3,38.3,Alluvial,Rain-fed,217.91,6.54,567.9,5.14,21433.76,44662.0
4779,Tamil Nadu,Chennai,2020,Kharif,Cotton,473.27,30.4,50.0,Black,Rain-fed,414.89,59.6,4451.09,7.17,29027.7,287630.0
4780,Tamil Nadu,Chennai,2020,Zaid,Barley,596.44,36.0,54.7,Alluvial,Drip,112.04,40.81,493.22,3.01,25807.02,16235.0
4781,Tamil Nadu,Chennai,2020,Kharif,Barley,1717.62,29.3,83.0,Sandy,Tube Well,203.87,34.67,1173.81,8.11,21248.43,98991.0
4782,Tamil Nadu,Chennai,2020,Kharif,Pulses,1134.19,32.3,57.5,Sandy,Drip,412.84,38.59,1692.71,4.16,45354.91,75616.0
4783,Tamil Nadu,Chennai,2020,Rabi,Rice,1515.12,27.8,71.6,Sandy,Rain-fed,221.58,36.09,984.09,5.81,43502.0,60200.0
4784,Tamil Nadu,Chennai,2020,Kharif,Sugarcane,408.91,31.0,65.4,Black,Canal,181.55,52.17,2560.87,3.03,46504.0,66883.0
4785,Tamil Nadu,Chennai,2020,Kharif,Millets,1869.79,27.5,83.3,Sandy,Tube Well,363.74,41.06,4138.47,7.92,13675.74,589610.0
4786,Tamil Nadu,Chennai,2020,Zaid,Wheat,1911.16,38.0,62.9,Sandy,Sprinkler,227.83,50.93,4998.62,1.43,15853.51,121521.0
4787,Tamil Nadu,Chennai,2020,Zaid,Rice,1651.13,33.1,61.0,Red,Rain-fed,72.01,11.09,1495.94,1.22,46695.96,19486.0
4788,Tamil Nadu,Chennai,2020,Zaid,Pulses,1942.99,22.6,89.5,Red,Canal,319.5,24.2,2402.6,1.85,55852.1,66424.0
4789,Tamil Nadu,Coimbatore,2020,Rabi,Rice,413.63,23.5,75.0,Red,Rain-fed,321.67,12.25,1832.64,6.72,45906.36,114872.0
4790,Tamil Nadu,Coimbatore,2020,Rabi,Rice,940.08,26.7,72.4,Laterite,Rain-fed,396.62,51.75,133.71,8.5,40734.55,15013.999999999998
4791,Tamil Nadu,Coimbatore,2020,Zaid,Rice,954.94,27.2,59.5,Black,Canal,114.04,32.89,1697.07,8.15,53819.07,244066.0
4792,Tamil Nadu,Coimbatore,2020,Zaid,Cotton,1414.64,25.1,64.5,Alluvial,Sprinkler,78.74,7.47,4663.49,2.67,36562.3,206904.0
4793,Tamil Nadu,Coimbatore,2020,Rabi,Wheat,826.32,37.1,59.8,Red,Sprinkler,85.36,5.51,933.01,7.28,48588.58,67461.0
4794,Tamil Nadu,Coimbatore,2020,Rabi,Sugarcane,775.16,36.8,52.3,Red,Tube Well,327.85,24.08,433.32,3.36,26526.35,21320.0
4795,Tamil Nadu,Coimbatore,2020,Kharif,Millets,641.83,29.8,77.5,Alluvial,Canal,375.01,56.5,2656.47,8.3,17517.35,389909.0
4796,Tamil Nadu,Coimbatore,2020,Zaid,Millets,1080.01,33.5,72.5,Laterite,Canal,179.66,58.87,2931.81,3.85,28860.69,164603.0
4797,Tamil Nadu,Coimbatore,2020,Rabi,Cotton,659.37,22.5,59.1,Sandy,Tube Well,237.39,37.63,4989.76,4.69,25227.49,383807.0
4798,Tamil Nadu,Coimbatore,2020,Kharif,Barley,454.19,34.4,61.7,Sandy,Canal,53.03,35.13,2400.8,8.16,54169.38,321116.0
4799,Tamil Nadu,Coimbatore,2020,Rabi,Pulses,1220.31,37.5,41.4,Sandy,Drip,390.95,45.71,4099.56,7.16,21533.86,347667.0
4800,Tamil Nadu,Coimbatore,2020,Rabi,Millets,811.93,21.4,66.0,Alluvial,Tube Well,73.49,49.44,933.65,5.16,51129.93,52572.0
4801,Tamil Nadu,Coimbatore,2020,Kharif,Pulses,2087.36,37.4,68.5,Alluvial,Rain-fed,399.36,59.12,444.55,1.76,55872.58,12054.0
4802,Tamil Nadu,Coimbatore,2020,Kharif,Cotton,627.66,27.6,52.9,Red,Rain-fed,134.09,57.67,2706.76,3.73,25343.3,116111.99999999999
4803,Tamil Nadu,Coimbatore,2020,Kharif,Barley,703.05,18.5,77.6,Laterite,Tube Well,324.0,46.68,3280.06,8.48,17116.62,481682.0
4804,Tamil Nadu,Coimbatore,2020,Kharif,Cotton,1917.99,27.7,37.9,Alluvial,Drip,138.3,29.23,177.76,8.33,58782.82,15781.0
4805,Tamil Nadu,Coimbatore,2020,Zaid,Wheat,1166.24,35.5,56.7,Alluvial,Drip,199.96,42.08,2553.01,6.26,40373.98,179950.0
4806,Tamil Nadu,Coimbatore,2020,Kharif,Rice,1529.19,19.0,83.4,Sandy,Tube Well,250.83,29.14,789.57,2.3,15287.18,20512.0
4807,Tamil Nadu,Madurai,2020,Zaid,Millets,662.59,25.6,67.9,Laterite,Canal,359.94,55.46,4660.47,2.85,44821.96,224458.0
4808,Tamil Nadu,Madurai,2020,Rabi,Rice,1726.25,32.3,37.5,Alluvial,Tube Well,198.64,35.55,3818.43,5.4,49730.92,307185.0
4809,Tamil Nadu,Madurai,2020,Kharif,Millets,1817.89,29.7,87.8,Sandy,Tube Well,107.19,8.58,3053.84,7.42,19513.38,202291.0
4810,Tamil Nadu,Madurai,2020,Rabi,Millets,508.23,29.7,62.8,Red,Sprinkler,393.24,44.23,4020.72,2.22,13436.2,77451.0
4811,Tamil Nadu,Madurai,2020,Kharif,Pulses,2093.54,27.3,48.6,Black,Canal,103.63,22.94,548.84,5.47,33626.3,31632.0
4812,Tamil Nadu,Madurai,2020,Kharif,Wheat,946.66,37.4,48.3,Sandy,Drip,203.57,12.9,1922.77,7.92,42056.77,223583.0
4813,Tamil Nadu,Madurai,2020,Kharif,Wheat,1018.48,33.8,39.4,Alluvial,Canal,265.61,43.11,909.91,3.26,26879.77,36442.0
4814,Tamil Nadu,Madurai,2020,Kharif,Wheat,1182.56,31.7,86.6,Black,Sprinkler,76.03,24.12,2586.1,1.7,31914.44,58437.0
4815,Tamil Nadu,Madurai,2020,Rabi,Barley,983.61,37.9,89.5,Alluvial,Drip,359.43,21.44,184.92,1.76,15801.26,4165.0
4816,Tamil Nadu,Madurai,2020,Kharif,Millets,941.46,32.3,56.2,Sandy,Sprinkler,79.92,23.66,1496.04,6.73,46979.28,152706.0
4817,Tamil Nadu,Madurai,2020,Kharif,Rice,634.78,19.3,79.8,Sandy,Tube Well,113.97,13.56,3991.94,6.97,45103.56,442512.0
4818,Tamil Nadu,Madurai,2020,Zaid,Sugarcane,430.93,31.7,37.1,Red,Tube Well,143.96,13.78,4661.63,4.89,35526.13,360714.0
4819,Tamil Nadu,Madurai,2020,Zaid,Sugarcane,1242.47,37.4,55.2,Red,Rain-fed,429.99,45.91,4667.17,7.89,46102.47,302559.0
4820,Tamil Nadu,Madurai,2020,Kharif,Maize,456.65,20.5,77.5,Black,Drip,293.61,19.99,130.49,4.82,25896.04,6912.0
4821,Tamil Nadu,Madurai,2020,Zaid,Wheat,2082.29,28.3,83.7,Red,Drip,151.78,22.56,863.35,7.9,55609.6,76644.0
4822,Tamil Nadu,Madurai,2020,Zaid,Maize,1317.14,38.0,85.7,Laterite,Canal,153.7,54.1,3786.65,6.58,19838.85,418835.99999999994
4823,Tamil Nadu,Madurai,2020,Zaid,Sugarcane,779.95,21.8,70.9,Black,Tube Well,54.32,28.52,4054.92,5.79,24045.77,206114.0
4824,Tamil Nadu,Madurai,2020,Kharif,Maize,2095.48,31.9,82.8,Red,Drip,218.17,44.43,3140.26,4.93,51350.65,143158.0
4825,Tamil Nadu,Salem,2020,Zaid,Maize,537.53,20.3,40.7,Black,Drip,284.32,56.95,2791.44,6.04,14588.01,216161.0
4826,Tamil Nadu,Salem,2020,Rabi,Sugarcane,484.08,31.1,38.5,Alluvial,Drip,256.51,40.7,504.05,5.91,41799.77,53384.0
4827,Tamil Nadu,Salem,2020,Rabi,Wheat,1945.16,34.5,63.1,Black,Drip,274.76,27.39,4607.46,6.55,45699.25,406087.0
4828,Tamil Nadu,Salem,2020,Kharif,Pulses,2061.13,30.9,89.7,Red,Sprinkler,257.72,14.86,2757.48,7.65,31570.59,320182.0
4829,Tamil Nadu,Salem,2020,Rabi,Millets,1274.76,37.0,67.6,Red,Drip,250.1,30.15,2826.76,5.35,21454.65,163891.0
4830,Tamil Nadu,Salem,2020,Zaid,Sugarcane,1580.95,36.7,64.1,Black,Tube Well,444.01,44.69,1431.78,3.2,48599.8,80022.0
4831,Tamil Nadu,Salem,2020,Rabi,Wheat,1985.28,29.5,79.4,Sandy,Sprinkler,412.89,19.06,810.02,7.25,20106.4,99636.0
4832,Tamil Nadu,Salem,2020,Kharif,Wheat,563.15,27.3,64.7,Red,Sprinkler,270.03,51.75,1115.0,4.13,46314.68,64782.00000000001
4833,Tamil Nadu,Salem,2020,Rabi,Barley,1042.75,28.2,57.9,Red,Rain-fed,259.92,57.11,1438.45,6.9,56249.64,132878.0
4834,Tamil Nadu,Salem,2020,Rabi,Pulses,835.01,27.1,79.9,Alluvial,Sprinkler,387.12,40.86,944.55,4.24,23545.25,45839.0
4835,Tamil Nadu,Salem,2020,Rabi,Rice,529.02,27.5,88.9,Red,Sprinkler,403.22,25.78,4045.48,8.15,27443.18,481351.0
4836,Tamil Nadu,Salem,2020,Rabi,Cotton,2081.82,19.2,73.2,Alluvial,Drip,370.34,44.17,2405.91,1.56,14292.47,34393.0
4837,Tamil Nadu,Salem,2020,Kharif,Maize,1585.67,34.5,53.7,Black,Sprinkler,385.55,37.41,156.37,7.93,39614.1,20510.0
4838,Tamil Nadu,Salem,2020,Zaid,Pulses,441.2,31.4,50.9,Laterite,Canal,223.96,49.1,1429.52,4.95,64163.49,94383.0
4839,Tamil Nadu,Salem,2020,Zaid,Rice,1292.34,24.5,76.1,Alluvial,Canal,226.48,33.78,736.91,5.96,54182.12,61417.99999999999
4840,Tamil Nadu,Salem,2020,Rabi,Millets,2097.57,37.0,70.7,Laterite,Tube Well,68.91,28.32,4834.16,6.31,52458.79,385917.0
4841,Tamil Nadu,Salem,2020,Zaid,Cotton,787.06,23.9,35.4,Black,Drip,332.75,30.11,1670.32,3.66,13575.28,91392.0
4842,Tamil Nadu,Salem,2020,Rabi,Sugarcane,1867.81,36.9,51.0,Red,Sprinkler,405.17,17.5,537.23,6.8,50433.41,64848.0
4843,Tamil Nadu,Tiruchirappalli,2020,Kharif,Barley,1651.88,19.9,88.9,Alluvial,Rain-fed,192.47,45.97,199.22,2.26,59400.62,7322.0
4844,Tamil Nadu,Tiruchirappalli,2020,Zaid,Pulses,2140.98,21.0,46.4,Red,Tube Well,117.69,55.59,325.33,6.33,53909.2,33941.0
4845,Tamil Nadu,Tiruchirappalli,2020,Rabi,Millets,1325.82,29.0,58.0,Laterite,Sprinkler,436.53,25.45,1522.86,1.34,48940.85,18168.0
4846,Tamil Nadu,Tiruchirappalli,2020,Zaid,Maize,1245.83,26.0,75.9,Red,Canal,68.48,47.93,2774.03,3.26,35235.7,137158.0
4847,Tamil Nadu,Tiruchirappalli,2020,Kharif,Rice,1878.92,31.8,41.9,Sandy,Rain-fed,81.83,24.57,4517.97,6.66,17472.13,298960.0
4848,Tamil Nadu,Tiruchirappalli,2020,Zaid,Maize,1732.15,29.2,42.7,Alluvial,Sprinkler,215.98,17.04,1128.63,5.55,34904.58,73358.0
4849,Tamil Nadu,Tiruchirappalli,2020,Zaid,Barley,1546.23,33.2,52.5,Laterite,Drip,162.03,58.09,4205.27,3.28,36425.11,153275.0
4850,Tamil Nadu,Tiruchirappalli,2020,Kharif,Millets,875.43,31.5,60.0,Black,Drip,419.35,11.82,3471.41,7.18,40616.22,309614.0
4851,Tamil Nadu,Tiruchirappalli,2020,Zaid,Barley,1197.8,20.1,43.0,Sandy,Tube Well,92.99,24.5,4692.15,6.77,56029.8,393558.0
4852,Tamil Nadu,Tiruchirappalli,2020,Kharif,Millets,1594.99,36.8,49.9,Laterite,Rain-fed,91.2,50.77,1747.49,8.21,40268.26,174123.0
4853,Tamil Nadu,Tiruchirappalli,2020,Rabi,Sugarcane,671.53,25.4,76.4,Red,Sprinkler,418.19,6.8,1287.34,7.7,36255.68,111084.99999999999
4854,Tamil Nadu,Tiruchirappalli,2020,Zaid,Cotton,467.46,18.3,43.2,Red,Tube Well,372.14,58.71,3935.14,5.56,37773.44,327328.0
4855,Tamil Nadu,Tiruchirappalli,2020,Zaid,Barley,1677.97,19.4,66.4,Black,Tube Well,336.61,55.26,4862.0,6.22,42332.12,490721.0
4856,Tamil Nadu,Tiruchirappalli,2020,Zaid,Sugarcane,1099.5,32.3,82.7,Sandy,Sprinkler,331.64,54.48,2949.71,5.56,49872.59,224194.99999999997
4857,Tamil Nadu,Tiruchirappalli,2020,Kharif,Maize,1863.69,28.0,84.8,Black,Tube Well,280.58,59.34,4738.16,6.31,39577.53,502204.0
4858,Tamil Nadu,Tiruchirappalli,2020,Rabi,Maize,904.86,28.1,45.5,Red,Rain-fed,293.82,48.46,834.49,8.26,32060.03,108589.00000000001
4859,Tamil Nadu,Tiruchirappalli,2020,Rabi,Pulses,1140.1,35.7,75.0,Laterite,Sprinkler,385.86,12.95,3257.59,6.57,13190.66,236523.99999999997
4860,Tamil Nadu,Tiruchirappalli,2020,Kharif,Cotton,1301.53,29.1,81.0,Black,Sprinkler,54.6,50.65,1934.22,3.62,37394.95,68687.0
4861,Rajasthan,Jaipur,2020,Zaid,Maize,804.03,34.0,47.1,Sandy,Sprinkler,231.1,58.64,4846.51,7.51,57092.0,394648.0
4862,Rajasthan,Jaipur,2020,Kharif,Wheat,1820.1,22.9,74.6,Sandy,Tube Well,396.41,14.8,1435.47,2.35,41264.94,36981.0
4863,Rajasthan,Jaipur,2020,Rabi,Barley,969.73,22.5,72.8,Black,Canal,184.65,39.5,1642.7,8.06,21317.58,125917.0
4864,Rajasthan,Jaipur,2020,Kharif,Pulses,1834.19,31.6,69.8,Black,Canal,69.08,26.13,968.85,2.54,26260.97,35730.0
4865,Rajasthan,Jaipur,2020,Rabi,Sugarcane,1807.09,32.6,45.5,Black,Sprinkler,263.79,53.84,391.88,5.12,12544.61,29843.0
4866,Rajasthan,Jaipur,2020,Zaid,Sugarcane,1408.66,35.0,53.0,Sandy,Drip,65.72,39.5,1025.4,6.89,57913.26,57040.0
4867,Rajasthan,Jaipur,2020,Rabi,Maize,1842.26,24.0,72.5,Laterite,Canal,337.41,11.66,293.62,4.0,17353.79,15406.0
4868,Rajasthan,Jaipur,2020,Kharif,Cotton,618.15,21.8,49.0,Sandy,Drip,373.91,53.47,1443.27,1.92,56521.93,49002.0
4869,Rajasthan,Jaipur,2020,Kharif,Maize,706.27,20.3,71.9,Black,Canal,397.57,45.97,2927.86,1.65,13352.0,50470.0
4870,Rajasthan,Jaipur,2020,Rabi,Sugarcane,1424.36,30.8,42.5,Black,Rain-fed,336.69,22.31,4446.9,4.9,18380.07,388087.0
4871,Rajasthan,Jaipur,2020,Zaid,Wheat,709.72,20.0,49.8,Red,Drip,424.61,38.97,2023.56,1.88,48592.57,33645.0
4872,Rajasthan,Jaipur,2020,Zaid,Maize,2135.04,18.0,68.6,Alluvial,Rain-fed,250.96,21.34,3345.51,2.51,57726.73,144993.0
4873,Rajasthan,Jaipur,2020,Zaid,Sugarcane,1544.69,34.8,74.1,Alluvial,Tube Well,297.61,21.76,3561.18,5.76,42263.83,357715.0
4874,Rajasthan,Jaipur,2020,Zaid,Barley,834.8,31.3,67.7,Alluvial,Tube Well,312.19,51.84,3781.29,1.99,26646.98,129538.00000000001
4875,Rajasthan,Jaipur,2020,Zaid,Millets,2199.08,19.6,51.1,Black,Canal,427.42,5.07,4632.06,3.4,63838.11,254130.00000000003
4876,Rajasthan,Jaipur,2020,Kharif,Barley,872.26,25.0,87.4,Laterite,Rain-fed,309.06,6.63,225.6,5.19,45489.48,17628.0
4877,Rajasthan,Jaipur,2020,Zaid,Maize,1566.62,31.4,88.5,Red,Tube Well,293.96,12.19,4932.26,6.53,18692.44,497053.0
4878,Rajasthan,Jaipur,2020,Zaid,Pulses,1141.63,32.6,69.0,Red,Rain-fed,87.83,46.9,2278.92,7.34,59358.14,157628.0
4879,Rajasthan,Jodhpur,2020,Zaid,Wheat,574.46,18.4,88.7,Laterite,Canal,230.22,22.66,1090.49,5.93,20749.13,101675.0
4880,Rajasthan,Jodhpur,2020,Kharif,Millets,1601.76,18.3,65.6,Black,Drip,396.65,33.03,4824.14,7.33,55855.34,485988.0
4881,Rajasthan,Jodhpur,2020,Kharif,Pulses,920.04,23.4,42.8,Alluvial,Rain-fed,350.11,28.57,2011.84,8.36,46798.87,188321.0
4882,Rajasthan,Jodhpur,2020,Zaid,Barley,1747.25,20.6,53.8,Sandy,Sprinkler,266.28,33.51,3152.26,1.33,12696.73,47473.0
4883,Rajasthan,Jodhpur,2020,Kharif,Maize,1671.66,29.0,50.6,Laterite,Drip,239.51,6.96,3352.34,4.37,44466.42,184739.0
4884,Rajasthan,Jodhpur,2020,Kharif,Rice,706.46,29.3,40.2,Alluvial,Sprinkler,379.43,17.25,4776.85,3.82,22172.2,200314.0
4885,Rajasthan,Jodhpur,2020,Rabi,Maize,1151.49,27.1,63.0,Black,Canal,128.89,11.48,4908.24,2.49,52743.73,103877.0
4886,Rajasthan,Jodhpur,2020,Zaid,Pulses,1120.17,24.8,63.8,Red,Canal,442.87,19.2,353.81,5.12,30982.34,20949.0
4887,Rajasthan,Jodhpur,2020,Zaid,Millets,1744.4,32.0,77.7,Red,Sprinkler,358.22,56.87,1330.35,7.59,51874.49,181408.0
4888,Rajasthan,Jodhpur,2020,Kharif,Maize,1758.88,18.3,55.5,Laterite,Sprinkler,178.07,19.87,3052.69,2.53,39894.06,67375.0
4889,Rajasthan,Jodhpur,2020,Zaid,Cotton,2072.34,29.7,84.7,Laterite,Rain-fed,413.71,15.11,2616.93,2.23,45688.19,66239.0
4890,Rajasthan,Jodhpur,2020,Zaid,Maize,1188.95,37.2,84.5,Red,Canal,289.86,55.26,3732.97,1.23,26747.01,76128.0
4891,Rajasthan,Jodhpur,2020,Kharif,Cotton,2150.39,28.6,72.1,Alluvial,Rain-fed,334.06,8.69,2227.92,5.19,56088.95,151039.0
4892,Rajasthan,Jodhpur,2020,Kharif,Maize,1025.93,21.3,41.6,Laterite,Tube Well,413.96,37.51,4389.92,3.98,24965.45,158172.0
4893,Rajasthan,Jodhpur,2020,Kharif,Pulses,1891.83,34.8,56.5,Black,Rain-fed,406.39,28.43,1190.68,1.55,48037.95,29906.0
4894,Rajasthan,Jodhpur,2020,Rabi,Wheat,541.91,25.9,51.2,Alluvial,Rain-fed,233.38,54.26,1889.26,8.38,29464.38,190511.0
4895,Rajasthan,Jodhpur,2020,Rabi,Barley,2156.29,36.2,89.9,Black,Rain-fed,186.08,57.52,813.16,4.88,50260.73,64841.99999999999
4896,Rajasthan,Jodhpur,2020,Rabi,Millets,1966.21,23.2,40.6,Laterite,Tube Well,207.21,49.4,4446.68,7.92,31289.53,523853.0
4897,Rajasthan,Udaipur,2020,Rabi,Cotton,424.54,22.3,56.1,Sandy,Tube Well,186.12,26.56,2293.32,1.81,34388.7,67394.0
4898,Rajasthan,Udaipur,2020,Kharif,Sugarcane,1508.44,37.4,50.4,Sandy,Rain-fed,283.86,27.37,856.16,3.47,22645.2,41610.0
4899,Rajasthan,Udaipur,2020,Kharif,Rice,1020.39,21.7,64.0,Black,Drip,449.7,37.92,1493.72,4.47,27354.02,86783.0
4900,Rajasthan,Udaipur,2020,Rabi,Barley,1730.98,19.1,37.9,Red,Canal,237.91,34.58,2182.5,4.0,48223.9,101940.0
4901,Rajasthan,Udaipur,2020,Zaid,Sugarcane,990.81,29.0,73.0,Sandy,Canal,438.89,28.55,3723.92,6.04,31214.83,249519.0
4902,Rajasthan,Udaipur,2020,Rabi,Barley,596.38,34.9,56.0,Laterite,Rain-fed,271.69,51.92,1944.35,8.25,47430.29,187830.0
4903,Rajasthan,Udaipur,2020,Kharif,Barley,1838.45,18.5,81.9,Black,Tube Well,400.59,16.15,927.83,3.27,40479.83,37350.0
4904,Rajasthan,Udaipur,2020,Zaid,Rice,2048.17,37.4,42.8,Alluvial,Tube Well,232.71,27.56,3764.14,3.66,35067.98,173180.0
4905,Rajasthan,Udaipur,2020,Kharif,Wheat,2076.69,36.1,62.4,Red,Tube Well,247.93,13.97,3959.25,2.63,31793.47,129773.0
4906,Rajasthan,Udaipur,2020,Zaid,Barley,1140.23,31.9,75.9,Black,Drip,432.72,39.58,2141.7,1.4,20290.35,35829.0
4907,Rajasthan,Udaipur,2020,Rabi,Cotton,1949.88,29.6,49.0,Red,Sprinkler,420.95,44.99,954.04,6.23,43516.88,52741.0
4908,Rajasthan,Udaipur,2020,Kharif,Maize,1160.83,24.0,63.9,Sandy,Drip,79.24,36.81,4533.7,3.68,46201.3,219033.0
4909,Rajasthan,Udaipur,2020,Kharif,Sugarcane,1334.88,33.2,62.0,Red,Drip,55.02,39.76,3768.75,3.76,52503.28,250738.0
4910,Rajasthan,Udaipur,2020,Rabi,Sugarcane,1565.27,34.7,37.2,Black,Rain-fed,362.43,9.77,2724.26,5.16,32430.09,168309.0
4911,Rajasthan,Udaipur,2020,Rabi,Pulses,1150.05,29.4,38.5,Black,Sprinkler,386.98,5.74,2758.42,7.84,35367.09,250532.00000000003
4912,Rajasthan,Udaipur,2020,Kharif,Wheat,2079.82,19.1,51.3,Alluvial,Tube Well,157.17,56.25,464.44,4.16,46042.65,28502.999999999996
4913,Rajasthan,Udaipur,2020,Zaid,Sugarcane,990.18,28.5,45.7,Alluvial,Sprinkler,424.25,9.85,4063.86,6.91,61469.69,306295.0
4914,Rajasthan,Udaipur,2020,Rabi,Wheat,966.07,31.0,84.2,Alluvial,Drip,448.19,42.4,2661.64,6.39,31091.57,256548.99999999997
4915,Rajasthan,Kota,2020,Zaid,Cotton,1773.75,22.9,60.3,Red,Rain-fed,380.73,34.62,3032.02,2.24,42108.18,69951.0
4916,Rajasthan,Kota,2020,Kharif,Cotton,1005.97,36.3,84.8,Alluvial,Sprinkler,401.53,38.97,1775.43,6.56,60061.57,116730.0
4917,Rajasthan,Kota,2020,Rabi,Pulses,638.01,19.5,50.2,Laterite,Drip,191.03,42.38,3236.4,2.44,27638.22,121090.00000000001
4918,Rajasthan,Kota,2020,Rabi,Barley,785.67,25.2,42.6,Black,Drip,416.64,27.62,4170.71,5.71,35078.46,399877.0
4919,Rajasthan,Kota,2020,Zaid,Sugarcane,2188.96,29.2,54.4,Alluvial,Canal,270.37,18.74,2898.44,5.83,35712.2,258815.0
4920,Rajasthan,Kota,2020,Kharif,Pulses,1618.0,34.8,48.3,Alluvial,Drip,131.7,59.73,2199.19,5.65,22661.45,139380.0
4921,Rajasthan,Kota,2020,Kharif,Cotton,1866.76,22.8,87.7,Black,Sprinkler,85.37,48.81,181.26,8.39,37832.48,21549.0
4922,Rajasthan,Kota,2020,Rabi,Barley,404.69,28.1,64.2,Laterite,Rain-fed,230.33,12.32,3367.97,4.93,13761.16,296052.0
4923,Rajasthan,Kota,2020,Zaid,Pulses,1985.29,22.7,41.6,Sandy,Tube Well,387.1,30.87,3232.21,6.32,37314.18,166487.0
4924,Rajasthan,Kota,2020,Zaid,Wheat,1388.47,26.7,51.8,Laterite,Canal,141.13,55.06,4921.14,5.48,23971.48,313899.0
4925,Rajasthan,Kota,2020,Kharif,Barley,1661.83,20.3,82.3,Alluvial,Canal,401.47,40.37,2185.93,2.99,13001.08,96660.0
4926,Rajasthan,Kota,2020,Kharif,Sugarcane,1633.34,22.3,44.9,Sandy,Canal,58.61,53.97,2535.31,4.32,27005.91,112677.0
4927,Rajasthan,Kota,2020,Rabi,Barley,1470.36,18.8,53.8,Sandy,Canal,132.9,46.07,4851.03,1.52,19727.55,112010.99999999999
4928,Rajasthan,Kota,2020,Kharif,Cotton,645.94,35.9,65.5,Sandy,Drip,375.49,55.11,3179.56,6.01,39846.31,259560.0
4929,Rajasthan,Kota,2020,Zaid,Rice,1863.98,35.5,78.4,Red,Tube Well,303.25,32.26,1796.22,4.5,22285.56,129535.99999999999
4930,Rajasthan,Kota,2020,Rabi,Barley,2085.95,37.4,58.6,Alluvial,Drip,344.24,34.2,3117.13,1.6,13395.56,64250.0
4931,Rajasthan,Kota,2020,Zaid,Millets,1831.03,23.8,58.8,Laterite,Canal,438.38,17.77,3352.02,1.32,39465.33,42790.0
4932,Rajasthan,Kota,2020,Rabi,Cotton,878.17,32.7,53.5,Black,Canal,189.35,14.01,1304.1,5.83,40585.13,97270.0
4933,Rajasthan,Ajmer,2020,Zaid,Wheat,1446.53,22.7,64.9,Sandy,Sprinkler,189.34,20.48,3950.93,7.35,43294.3,443685.00000000006
4934,Rajasthan,Ajmer,2020,Kharif,Sugarcane,411.87,20.4,76.8,Sandy,Drip,220.23,7.72,2724.91,6.83,36843.03,296037.0
4935,Rajasthan,Ajmer,2020,Zaid,Pulses,1779.63,27.0,76.9,Sandy,Drip,219.47,5.49,241.3,6.73,25362.18,20772.0
4936,Rajasthan,Ajmer,2020,Kharif,Barley,1750.41,24.7,75.5,Sandy,Canal,392.21,53.26,2965.43,7.96,45491.81,349798.0
4937,Rajasthan,Ajmer,2020,Rabi,Pulses,790.78,36.0,47.7,Laterite,Sprinkler,227.49,55.33,489.72,8.49,32524.46,54166.99999999999
4938,Rajasthan,Ajmer,2020,Kharif,Wheat,1020.49,31.7,73.6,Red,Sprinkler,150.15,48.3,2970.15,3.91,21878.39,123341.00000000001
4939,Rajasthan,Ajmer,2020,Rabi,Wheat,1405.18,23.2,66.4,Laterite,Sprinkler,88.69,32.87,1091.97,6.86,14105.84,98974.0
4940,Rajasthan,Ajmer,2020,Kharif,Barley,1853.62,32.6,79.2,Laterite,Sprinkler,76.21,56.34,4243.47,4.0,50860.43,146406.0
4941,Rajasthan,Ajmer,2020,Rabi,Millets,1773.28,37.3,77.4,Laterite,Drip,336.72,6.65,2065.68,2.62,18874.18,92241.0
4942,Rajasthan,Ajmer,2020,Rabi,Wheat,724.42,33.4,84.9,Sandy,Tube Well,343.78,40.1,2515.27,6.58,29861.1,170919.0
4943,Rajasthan,Ajmer,2020,Rabi,Barley,1103.96,36.0,58.5,Red,Sprinkler,361.57,17.04,811.51,1.9,45834.05,23389.0
4944,Rajasthan,Ajmer,2020,Zaid,Barley,547.67,35.6,61.5,Red,Canal,281.19,32.9,4447.06,7.76,48535.41,311029.0
4945,Rajasthan,Ajmer,2020,Zaid,Barley,1322.85,31.8,61.4,Black,Drip,217.59,12.76,4162.47,7.57,40257.87,451014.99999999994
4946,Rajasthan,Ajmer,2020,Kharif,Millets,597.28,25.5,58.0,Black,Tube Well,439.82,15.85,3482.0,4.92,26650.99,258360.0
4947,Rajasthan,Ajmer,2020,Rabi,Maize,632.01,21.8,85.0,Sandy,Tube Well,245.77,22.36,2747.78,6.41,17187.36,215941.0
4948,Rajasthan,Ajmer,2020,Zaid,Millets,2094.44,28.1,38.9,Red,Sprinkler,157.36,54.89,2264.56,4.6,18317.77,104435.99999999999
4949,Rajasthan,Ajmer,2020,Zaid,Sugarcane,1342.5,29.9,57.1,Sandy,Canal,310.28,54.65,2606.08,4.08,53386.43,94996.0
4950,Rajasthan,Ajmer,2020,Kharif,Maize,1405.39,31.7,50.4,Sandy,Drip,358.03,44.16,1415.62,7.31,34986.07,156617.0
4951,West Bengal,Kolkata,2020,Zaid,Pulses,1591.05,36.0,64.8,Red,Sprinkler,276.63,20.52,3235.98,3.94,28185.55,210531.0
4952,West Bengal,Kolkata,2020,Rabi,Cotton,686.47,18.0,68.6,Laterite,Tube Well,194.96,18.81,3122.03,4.88,32597.61,193130.0
4953,West Bengal,Kolkata,2020,Zaid,Pulses,809.51,28.4,57.5,Red,Canal,256.79,22.15,1778.35,5.91,52014.15,170864.0
4954,West Bengal,Kolkata,2020,Rabi,Sugarcane,1737.13,22.1,46.2,Red,Rain-fed,371.19,58.0,3328.03,7.33,39583.86,341695.0
4955,West Bengal,Kolkata,2020,Rabi,Wheat,1782.28,20.9,63.7,Laterite,Sprinkler,106.19,30.72,1847.02,5.45,42300.92,93394.0
4956,West Bengal,Kolkata,2020,Rabi,Barley,1870.82,23.1,50.2,Black,Sprinkler,262.31,46.33,2861.65,4.36,54700.2,101387.0
4957,West Bengal,Kolkata,2020,Zaid,Millets,449.26,20.4,37.6,Black,Drip,113.13,20.73,4988.71,3.92,59927.99,169291.0
4958,West Bengal,Kolkata,2020,Rabi,Pulses,1129.89,23.0,47.0,Red,Rain-fed,215.94,13.43,3086.81,2.34,64534.65,60534.0
4959,West Bengal,Kolkata,2020,Kharif,Pulses,2051.15,35.6,86.1,Sandy,Rain-fed,218.22,32.25,4619.41,4.41,14543.12,172547.0
4960,West Bengal,Kolkata,2020,Rabi,Pulses,1270.44,37.4,47.9,Black,Tube Well,253.06,34.07,3659.62,8.38,53087.02,384299.0
4961,West Bengal,Kolkata,2020,Zaid,Rice,2155.68,27.5,77.4,Alluvial,Canal,387.05,42.88,4777.32,3.76,61452.01,259110.0
4962,West Bengal,Kolkata,2020,Kharif,Millets,1915.48,28.9,62.6,Sandy,Tube Well,245.08,23.1,4004.39,6.76,31049.38,376157.0
4963,West Bengal,Kolkata,2020,Kharif,Maize,824.53,22.1,63.5,Alluvial,Canal,72.81,40.63,431.57,3.86,16188.85,27620.0
4964,West Bengal,Kolkata,2020,Zaid,Wheat,1891.28,23.2,61.8,Red,Sprinkler,363.81,48.39,3799.44,1.53,46749.93,98576.0
4965,West Bengal,Kolkata,2020,Rabi,Wheat,1857.97,21.9,59.4,Black,Sprinkler,51.65,34.81,2143.11,8.04,15352.39,307244.0
4966,West Bengal,Kolkata,2020,Kharif,Rice,497.33,33.8,60.3,Black,Canal,167.37,16.95,4001.06,4.9,35644.69,284051.0
4967,West Bengal,Kolkata,2020,Kharif,Cotton,1249.07,38.0,88.4,Sandy,Drip,207.51,5.99,1913.99,4.17,49376.76,136216.0
4968,West Bengal,Kolkata,2020,Zaid,Barley,1097.87,21.2,47.9,Sandy,Tube Well,103.61,59.2,4959.79,2.89,19497.79,129252.0
4969,West Bengal,Howrah,2020,Rabi,Barley,812.56,20.9,67.6,Sandy,Sprinkler,207.6,12.21,2561.08,1.79,12945.22,42161.0
4970,West Bengal,Howrah,2020,Rabi,Pulses,745.77,29.8,45.6,Sandy,Sprinkler,189.66,32.75,3400.56,3.02,60149.96,157506.0
4971,West Bengal,Howrah,2020,Kharif,Maize,934.63,31.7,84.2,Black,Drip,293.14,32.41,652.76,2.78,42107.29,28819.0
4972,West Bengal,Howrah,2020,Rabi,Maize,1557.56,22.5,45.1,Red,Rain-fed,329.82,30.16,1600.32,6.87,58734.29,139876.0
4973,West Bengal,Howrah,2020,Zaid,Cotton,448.39,36.5,72.9,Alluvial,Tube Well,244.52,24.35,996.18,8.36,60811.22,101687.0
4974,West Bengal,Howrah,2020,Rabi,Wheat,1833.78,21.2,70.3,Sandy,Tube Well,283.55,57.2,1459.36,1.97,48573.11,47866.0
4975,West Bengal,Howrah,2020,Rabi,Barley,1292.34,25.1,46.2,Laterite,Sprinkler,203.08,5.57,1452.18,6.86,28610.12,178063.0
4976,West Bengal,Howrah,2020,Kharif,Cotton,651.45,35.2,47.7,Laterite,Drip,135.85,16.42,4523.51,7.4,48475.26,560323.0
4977,West Bengal,Howrah,2020,Zaid,Cotton,962.18,29.4,61.2,Black,Tube Well,430.2,13.99,879.14,7.83,28666.93,60102.0
4978,West Bengal,Howrah,2020,Kharif,Maize,2064.15,18.9,66.9,Black,Sprinkler,360.61,59.52,3620.58,4.93,24493.78,198482.0
4979,West Bengal,Howrah,2020,Kharif,Millets,2040.18,28.2,66.7,Alluvial,Drip,144.43,59.75,3560.87,4.65,61764.32,242327.0
4980,West Bengal,Howrah,2020,Rabi,Millets,885.13,29.5,80.8,Alluvial,Canal,272.69,12.16,4199.48,7.81,32153.03,303826.0
4981,West Bengal,Howrah,2020,Kharif,Pulses,1696.27,29.4,68.0,Red,Canal,147.46,35.02,212.74,6.07,53170.26,18196.0
4982,West Bengal,Howrah,2020,Rabi,Pulses,1811.64,24.7,50.0,Alluvial,Tube Well,55.1,46.87,1288.38,3.61,45577.0,83548.0
4983,West Bengal,Howrah,2020,Rabi,Rice,431.93,25.2,38.2,Black,Sprinkler,358.32,10.45,4050.03,8.31,44865.36,391528.0
4984,West Bengal,Howrah,2020,Zaid,Rice,1230.21,37.9,49.4,Alluvial,Rain-fed,273.2,35.68,1626.22,5.42,31266.09,89217.0
4985,West Bengal,Howrah,2020,Rabi,Cotton,980.27,37.7,38.5,Laterite,Canal,169.59,46.0,3479.51,5.5,18911.49,255398.0
4986,West Bengal,Howrah,2020,Rabi,Wheat,1467.6,23.0,40.8,Red,Tube Well,376.55,35.15,2802.05,2.2,41266.68,104043.0
4987,West Bengal,Darjeeling,2020,Rabi,Rice,1457.67,38.0,65.1,Laterite,Sprinkler,379.19,39.86,3459.76,1.58,35274.71,81649.0
4988,West Bengal,Darjeeling,2020,Kharif,Barley,1887.91,19.9,52.4,Black,Drip,271.69,10.52,4019.28,7.3,13961.78,483229.0
4989,West Bengal,Darjeeling,2020,Zaid,Wheat,1134.04,26.0,36.2,Red,Canal,310.38,31.85,3118.86,4.86,34087.23,134130.0
4990,West Bengal,Darjeeling,2020,Rabi,Wheat,726.83,28.1,71.7,Sandy,Drip,419.5,37.82,1086.11,6.68,48419.37,70857.0
4991,West Bengal,Darjeeling,2020,Rabi,Wheat,815.64,24.9,69.6,Black,Sprinkler,114.47,45.89,1645.54,6.92,16512.51,180333.0
4992,West Bengal,Darjeeling,2020,Rabi,Maize,1020.91,28.6,58.3,Black,Tube Well,441.63,34.22,724.48,1.33,48602.57,9139.0
4993,West Bengal,Darjeeling,2020,Zaid,Wheat,473.38,30.7,64.7,Alluvial,Canal,92.79,15.18,4519.03,7.9,37448.56,473002.00000000006
4994,West Bengal,Darjeeling,2020,Kharif,Maize,699.63,20.7,69.4,Alluvial,Canal,348.55,46.68,3978.96,4.23,62043.85,294500.0
4995,West Bengal,Darjeeling,2020,Kharif,Wheat,1197.28,30.8,53.3,Sandy,Tube Well,413.16,7.59,1805.28,1.57,43221.47,39018.0
4996,West Bengal,Darjeeling,2020,Kharif,Rice,978.81,18.6,79.2,Red,Canal,301.11,9.58,3499.31,7.31,57167.94,429139.99999999994
4997,West Bengal,Darjeeling,2020,Kharif,Maize,1887.31,32.5,53.9,Sandy,Drip,385.66,11.24,916.15,4.88,53200.28,77473.0
4998,West Bengal,Darjeeling,2020,Kharif,Barley,1241.55,18.8,66.1,Laterite,Canal,285.61,18.55,140.56,5.7,17019.12,11258.0
4999,West Bengal,Darjeeling,2020,Rabi,Rice,456.73,25.4,51.7,Alluvial,Canal,152.33,43.73,2558.27,8.5,53746.08,243126.00000000003
5000,West Bengal,Darjeeling,2020,Rabi,Pulses,1399.97,33.9,51.3,Black,Rain-fed,339.12,23.66,3021.12,7.16,36781.23,362516.0
5001,West Bengal,Darjeeling,2020,Kharif,Millets,1505.4,30.4,38.1,Sandy,Canal,123.28,17.63,1045.27,6.54,50216.74,87261.0
5002,West Bengal,Darjeeling,2020,Zaid,Millets,1391.18,25.1,58.2,Red,Sprinkler,417.49,25.74,4221.92,7.36,64234.38,539307.0
5003,West Bengal,Darjeeling,2020,Rabi,Pulses,1310.79,19.5,65.0,Laterite,Drip,190.09,31.13,2407.4,1.37,56712.1,38286.0
5004,West Bengal,Darjeeling,2020,Zaid,Millets,528.37,35.0,74.0,Red,Drip,91.37,6.85,945.47,6.76,25244.03,81348.0
5005,West Bengal,Siliguri,2020,Zaid,Barley,1352.08,35.2,38.6,Laterite,Canal,299.04,57.73,2728.18,1.27,36747.73,57615.0
5006,West Bengal,Siliguri,2020,Kharif,Barley,1488.89,19.2,63.6,Red,Rain-fed,148.15,44.28,1703.61,1.64,35255.18,49309.0
5007,West Bengal,Siliguri,2020,Kharif,Cotton,826.56,29.8,50.4,Sandy,Sprinkler,348.12,14.25,2054.39,4.22,23483.66,146847.0
5008,West Bengal,Siliguri,2020,Rabi,Rice,1686.24,22.6,83.4,Black,Sprinkler,143.29,20.36,3532.85,5.69,28125.26,176785.0
5009,West Bengal,Siliguri,2020,Rabi,Maize,1231.87,27.4,72.3,Alluvial,Canal,85.61,25.32,3125.51,8.24,46297.8,236263.0
5010,West Bengal,Siliguri,2020,Rabi,Rice,769.05,20.3,80.2,Sandy,Tube Well,444.77,48.12,3165.56,4.86,15577.46,268209.0
5011,West Bengal,Siliguri,2020,Kharif,Maize,1428.92,22.8,66.6,Sandy,Canal,419.06,29.79,2412.58,7.18,41373.59,147005.0
5012,West Bengal,Siliguri,2020,Kharif,Barley,2099.57,30.7,36.4,Laterite,Sprinkler,448.85,19.95,3553.46,6.07,12198.25,363166.0
5013,West Bengal,Siliguri,2020,Rabi,Wheat,2085.19,36.0,79.8,Sandy,Rain-fed,346.39,45.38,4322.09,5.0,51778.21,271243.0
5014,West Bengal,Siliguri,2020,Kharif,Wheat,1195.47,18.2,83.6,Laterite,Tube Well,282.6,14.53,1414.36,2.08,63301.19,46379.0
5015,West Bengal,Siliguri,2020,Kharif,Maize,743.51,28.0,69.8,Alluvial,Sprinkler,354.49,6.77,4244.74,3.6,23890.07,250696.0
5016,West Bengal,Siliguri,2020,Kharif,Maize,993.48,35.0,64.0,Alluvial,Drip,221.01,29.65,1366.03,3.92,53157.47,45289.0
5017,West Bengal,Siliguri,2020,Rabi,Millets,2146.43,33.1,75.1,Alluvial,Rain-fed,333.76,51.13,689.27,3.71,32051.91,21782.0
5018,West Bengal,Siliguri,2020,Zaid,Wheat,419.2,23.1,63.3,Alluvial,Rain-fed,406.44,13.19,2735.79,7.23,16339.83,165048.0
5019,West Bengal,Siliguri,2020,Rabi,Maize,1128.15,35.1,37.6,Laterite,Canal,313.74,42.38,2185.15,4.64,31341.86,163303.0
5020,West Bengal,Siliguri,2020,Zaid,Barley,1993.21,33.7,59.7,Laterite,Sprinkler,196.95,49.38,2237.5,5.55,24968.64,141905.0
5021,West Bengal,Siliguri,2020,Kharif,Cotton,1460.99,21.0,83.9,Laterite,Sprinkler,134.22,39.79,631.11,1.26,60981.57,11394.0
5022,West Bengal,Siliguri,2020,Kharif,Sugarcane,540.99,22.6,81.5,Laterite,Tube Well,78.37,39.03,2996.0,2.64,52856.82,96914.0
5023,West Bengal,Malda,2020,Kharif,Pulses,1312.78,28.1,63.9,Laterite,Canal,254.03,48.84,1275.74,4.6,32017.79,48208.0
5024,West Bengal,Malda,2020,Zaid,Maize,2113.71,24.8,38.0,Black,Tube Well,230.3,34.75,2911.07,5.65,54547.68,210309.0
5025,West Bengal,Malda,2020,Rabi,Cotton,2110.6,33.7,87.6,Red,Sprinkler,157.89,41.38,1603.71,3.2,21703.7,67611.0
5026,West Bengal,Malda,2020,Kharif,Rice,501.64,27.1,41.0,Sandy,Canal,175.52,29.02,3666.05,3.0,37961.87,88095.0
5027,West Bengal,Malda,2020,Rabi,Barley,1769.32,22.0,38.4,Alluvial,Canal,237.08,45.18,2812.37,6.2,29433.62,190037.0
5028,West Bengal,Malda,2020,Kharif,Rice,637.94,25.9,67.7,Sandy,Drip,121.49,38.51,3276.03,2.17,42320.98,88511.0
5029,West Bengal,Malda,2020,Rabi,Cotton,1868.55,27.9,70.4,Red,Drip,202.63,10.32,599.11,6.41,40261.52,47149.0
5030,West Bengal,Malda,2020,Zaid,Rice,2052.71,36.3,76.5,Alluvial,Tube Well,92.49,56.96,3883.03,3.65,21558.54,178012.0
5031,West Bengal,Malda,2020,Zaid,Cotton,1136.56,34.8,83.6,Alluvial,Canal,192.94,27.96,2754.5,1.44,21731.87,60048.0
5032,West Bengal,Malda,2020,Kharif,Sugarcane,1885.99,23.3,86.8,Red,Sprinkler,127.43,21.47,2133.55,8.33,20458.06,156166.0
5033,West Bengal,Malda,2020,Kharif,Millets,1178.66,35.8,39.1,Sandy,Canal,190.7,50.6,4462.36,7.18,19217.36,473692.0
5034,West Bengal,Malda,2020,Rabi,Sugarcane,1448.78,25.6,85.5,Laterite,Tube Well,371.07,52.92,4443.14,2.43,54363.81,103631.0
5035,West Bengal,Malda,2020,Kharif,Maize,721.68,18.3,79.5,Black,Tube Well,83.7,55.67,476.08,8.11,13468.77,55666.99999999999
5036,West Bengal,Malda,2020,Rabi,Barley,1334.83,35.2,50.8,Black,Drip,293.33,38.26,2523.44,2.7,37208.48,73525.0
5037,West Bengal,Malda,2020,Rabi,Cotton,997.15,20.3,86.0,Black,Tube Well,413.14,57.37,1891.4,5.33,61760.36,135094.0
5038,West Bengal,Malda,2020,Rabi,Barley,476.46,19.4,75.2,Red,Rain-fed,409.88,10.1,2549.56,4.75,32416.42,167840.0
5039,West Bengal,Malda,2020,Zaid,Maize,1563.15,29.2,67.0,Red,Rain-fed,135.27,50.73,1433.24,1.49,12588.5,20662.0
5040,West Bengal,Malda,2020,Rabi,Cotton,2184.23,27.4,41.3,Sandy,Drip,69.86,29.25,4899.08,1.84,41445.55,120501.0
5041,Uttarakhand,Dehradun,2021,Zaid,Cotton,653.83,30.4,68.0,Sandy,Drip,305.42,26.55,2461.19,3.54,18739.68,124069.0
5042,Uttarakhand,Dehradun,2021,Zaid,Rice,1391.77,32.0,53.7,Red,Sprinkler,279.46,24.94,2694.21,8.07,42939.94,314774.0
5043,Uttarakhand,Dehradun,2021,Rabi,Maize,896.19,34.5,72.5,Laterite,Canal,404.57,11.34,4350.17,5.01,56574.84,332450.0
5044,Uttarakhand,Dehradun,2021,Rabi,Wheat,1160.77,33.0,68.1,Alluvial,Tube Well,265.95,19.59,1268.83,1.73,52310.6,26260.000000000004
5045,Uttarakhand,Dehradun,2021,Zaid,Maize,526.89,25.4,65.9,Red,Sprinkler,104.75,8.57,1316.01,1.54,26941.3,22003.0
5046,Uttarakhand,Dehradun,2021,Zaid,Wheat,1759.54,27.5,88.6,Black,Rain-fed,378.22,8.37,4919.46,1.73,31403.33,70177.0
5047,Uttarakhand,Dehradun,2021,Zaid,Millets,1386.75,23.8,43.3,Laterite,Sprinkler,238.72,31.7,470.94,7.0,31118.86,32754.000000000004
5048,Uttarakhand,Dehradun,2021,Zaid,Maize,1591.39,22.8,67.2,Sandy,Tube Well,287.68,54.96,4135.42,4.87,18560.3,342566.0
5049,Uttarakhand,Dehradun,2021,Kharif,Cotton,2003.6,33.9,38.0,Black,Drip,248.3,17.29,802.62,2.4,59809.92,27550.0
5050,Uttarakhand,Dehradun,2021,Rabi,Millets,1092.01,37.1,69.7,Black,Drip,135.18,25.74,4834.19,5.53,26492.24,252766.0
5051,Uttarakhand,Dehradun,2021,Kharif,Maize,2025.05,23.7,61.3,Black,Drip,250.61,18.61,1300.36,3.42,24511.0,63717.99999999999
5052,Uttarakhand,Dehradun,2021,Zaid,Maize,669.91,26.9,55.7,Alluvial,Tube Well,249.56,53.93,4998.41,3.78,23348.06,279968.0
5053,Uttarakhand,Dehradun,2021,Kharif,Sugarcane,445.59,34.3,62.9,Red,Drip,399.99,9.61,3985.05,6.69,50071.41,366390.0
5054,Uttarakhand,Dehradun,2021,Kharif,Cotton,596.98,35.0,68.0,Black,Canal,442.47,24.59,3052.23,3.9,19280.35,178082.0
5055,Uttarakhand,Dehradun,2021,Zaid,Sugarcane,1459.62,33.4,69.0,Red,Canal,64.43,6.46,3965.45,2.49,24216.81,122704.0
5056,Uttarakhand,Dehradun,2021,Rabi,Cotton,2090.97,24.9,77.4,Black,Tube Well,287.63,20.63,3692.55,2.23,64776.87,140298.0
5057,Uttarakhand,Dehradun,2021,Zaid,Maize,1171.05,21.8,78.6,Laterite,Drip,131.68,49.06,2711.64,2.68,47691.11,85165.0
5058,Uttarakhand,Dehradun,2021,Kharif,Millets,1374.47,19.8,88.3,Laterite,Rain-fed,128.36,54.56,624.83,7.83,32637.65,49687.0
5059,Uttarakhand,Haridwar,2021,Kharif,Pulses,2088.45,31.9,68.8,Red,Sprinkler,227.93,24.36,2271.65,3.79,17674.91,143570.0
5060,Uttarakhand,Haridwar,2021,Kharif,Rice,1574.01,22.5,47.6,Alluvial,Drip,411.19,17.78,2037.78,6.84,46630.2,163348.0
5061,Uttarakhand,Haridwar,2021,Zaid,Pulses,1772.01,24.1,76.8,Black,Canal,72.01,45.17,3670.65,1.81,59453.89,82458.0
5062,Uttarakhand,Haridwar,2021,Kharif,Maize,638.14,19.7,86.8,Laterite,Sprinkler,141.41,50.05,4992.1,7.41,45428.92,582490.0
5063,Uttarakhand,Haridwar,2021,Rabi,Barley,1533.04,35.4,65.6,Red,Sprinkler,348.23,27.76,1228.78,6.68,12874.14,116760.99999999999
5064,Uttarakhand,Haridwar,2021,Zaid,Barley,1844.32,36.4,76.2,Red,Sprinkler,253.85,29.92,4775.17,5.29,17226.55,244789.0
5065,Uttarakhand,Haridwar,2021,Kharif,Rice,555.54,18.4,69.0,Black,Tube Well,260.2,37.0,1117.19,7.48,28951.07,135003.0
5066,Uttarakhand,Haridwar,2021,Kharif,Pulses,742.7,30.4,56.4,Black,Canal,165.95,32.54,2041.92,7.57,47001.53,132188.0
5067,Uttarakhand,Haridwar,2021,Zaid,Barley,1906.4,33.6,46.1,Sandy,Tube Well,144.86,43.01,2020.89,7.32,44283.68,240469.0
5068,Uttarakhand,Haridwar,2021,Rabi,Barley,956.39,31.7,41.1,Laterite,Rain-fed,79.56,10.12,3768.99,3.34,49188.73,184897.0
5069,Uttarakhand,Haridwar,2021,Rabi,Maize,745.38,26.3,55.6,Laterite,Canal,423.9,30.98,841.56,5.47,14744.41,37507.0
5070,Uttarakhand,Haridwar,2021,Zaid,Sugarcane,737.19,26.3,75.9,Alluvial,Drip,380.87,32.72,4317.15,3.43,61570.15,146563.0
5071,Uttarakhand,Haridwar,2021,Kharif,Cotton,1515.34,22.9,83.5,Black,Sprinkler,380.6,58.18,1142.07,4.98,46203.96,79651.0
5072,Uttarakhand,Haridwar,2021,Kharif,Wheat,959.85,35.6,50.0,Alluvial,Sprinkler,251.15,50.82,809.65,6.58,18601.09,44392.0
5073,Uttarakhand,Haridwar,2021,Kharif,Millets,666.91,37.8,65.7,Alluvial,Canal,302.46,16.38,2705.03,1.7,56849.06,74385.0
5074,Uttarakhand,Haridwar,2021,Rabi,Pulses,1762.69,18.1,57.8,Black,Canal,68.84,46.01,2501.73,4.96,41858.64,183188.0
5075,Uttarakhand,Haridwar,2021,Rabi,Millets,1611.77,37.0,80.8,Red,Drip,212.15,54.98,3386.42,2.96,63500.5,85246.0
5076,Uttarakhand,Haridwar,2021,Rabi,Rice,1474.29,35.2,84.8,Alluvial,Rain-fed,302.88,12.68,4582.55,4.0,51406.45,190338.0
5077,Uttarakhand,Nainital,2021,Rabi,Millets,1796.02,21.6,72.3,Red,Canal,55.18,56.91,4074.84,2.63,55431.67,190324.0
5078,Uttarakhand,Nainital,2021,Zaid,Cotton,2033.19,34.4,85.6,Sandy,Drip,255.84,9.57,4676.47,6.89,62117.1,573710.0
5079,Uttarakhand,Nainital,2021,Kharif,Barley,416.35,37.8,56.9,Laterite,Drip,224.5,33.19,4735.93,6.92,49706.19,335426.0
5080,Uttarakhand,Nainital,2021,Kharif,Millets,692.74,34.8,71.2,Alluvial,Drip,242.42,34.99,2700.14,4.14,43785.1,139052.0
5081,Uttarakhand,Nainital,2021,Rabi,Rice,410.62,29.4,80.3,Sandy,Tube Well,272.07,11.96,4947.39,2.72,64026.75,198836.0
5082,Uttarakhand,Nainital,2021,Kharif,Maize,785.8,37.6,42.8,Red,Rain-fed,102.5,50.34,4552.01,2.16,34142.79,86145.0
5083,Uttarakhand,Nainital,2021,Zaid,Maize,746.15,18.1,56.0,Black,Rain-fed,206.19,23.56,2245.97,4.27,50583.72,115451.0
5084,Uttarakhand,Nainital,2021,Kharif,Rice,1274.75,22.8,44.5,Sandy,Canal,61.21,22.11,4975.02,5.12,39133.84,347167.0
5085,Uttarakhand,Nainital,2021,Zaid,Sugarcane,1669.08,26.7,57.7,Sandy,Tube Well,205.91,57.08,150.96,8.15,55774.47,14671.0
5086,Uttarakhand,Nainital,2021,Kharif,Cotton,1737.16,24.9,69.6,Red,Tube Well,91.09,50.48,2178.49,8.15,49813.63,217855.00000000003
5087,Uttarakhand,Nainital,2021,Rabi,Barley,2057.95,37.7,52.9,Sandy,Canal,326.31,30.09,2186.26,6.93,41870.72,260530.00000000003
5088,Uttarakhand,Nainital,2021,Rabi,Maize,1390.25,21.2,81.3,Red,Rain-fed,231.98,21.36,3111.15,6.69,64651.34,279896.0
5089,Uttarakhand,Nainital,2021,Kharif,Millets,1082.28,23.9,79.6,Red,Drip,317.21,59.85,300.1,2.0,37989.34,7120.999999999999
5090,Uttarakhand,Nainital,2021,Kharif,Rice,822.16,20.6,49.5,Alluvial,Tube Well,400.88,7.54,1509.91,6.66,24046.7,168502.0
5091,Uttarakhand,Nainital,2021,Kharif,Wheat,2164.97,34.2,80.4,Black,Canal,103.8,48.74,2327.3,5.22,59027.78,195235.0
5092,Uttarakhand,Nainital,2021,Kharif,Sugarcane,469.31,21.8,37.7,Red,Drip,366.34,30.5,4215.81,6.47,45747.3,253716.0
5093,Uttarakhand,Nainital,2021,Kharif,Maize,843.03,28.9,38.4,Sandy,Canal,278.01,23.64,1758.78,7.98,34751.44,134924.0
5094,Uttarakhand,Nainital,2021,Zaid,Wheat,1091.59,19.4,64.4,Laterite,Drip,163.96,46.02,363.83,4.04,59299.55,17365.0
5095,Uttarakhand,Almora,2021,Rabi,Wheat,1597.43,37.5,74.2,Black,Tube Well,179.03,26.95,518.38,8.47,28918.41,73250.0
5096,Uttarakhand,Almora,2021,Rabi,Wheat,890.63,33.7,38.6,Alluvial,Canal,171.34,24.98,1254.34,4.48,61942.68,87154.0
5097,Uttarakhand,Almora,2021,Kharif,Wheat,1421.48,24.8,85.2,Sandy,Canal,72.4,40.04,1105.21,3.69,37165.15,42422.0
5098,Uttarakhand,Almora,2021,Kharif,Maize,749.48,24.5,51.3,Black,Tube Well,308.12,15.65,4712.04,2.76,14474.21,155128.0
5099,Uttarakhand,Almora,2021,Kharif,Barley,501.0,30.8,37.1,Alluvial,Tube Well,249.24,29.51,2402.13,7.77,34221.47,249560.0
5100,Uttarakhand,Almora,2021,Zaid,Millets,1183.72,27.0,68.3,Alluvial,Sprinkler,157.42,26.15,2214.67,1.52,29767.59,52463.0
5101,Uttarakhand,Almora,2021,Zaid,Cotton,1432.63,21.8,50.1,Laterite,Sprinkler,295.29,38.42,3299.7,4.04,31291.51,112465.00000000001
5102,Uttarakhand,Almora,2021,Zaid,Maize,1149.72,21.5,86.9,Red,Canal,184.53,23.32,4452.34,7.63,17686.99,581466.0
5103,Uttarakhand,Almora,2021,Rabi,Wheat,1180.96,18.5,57.9,Sandy,Drip,156.26,37.02,531.6,6.72,58489.61,31370.999999999996
5104,Uttarakhand,Almora,2021,Kharif,Rice,841.67,36.0,45.9,Black,Tube Well,201.08,21.03,3989.78,2.46,13645.93,143880.0
5105,Uttarakhand,Almora,2021,Kharif,Cotton,899.25,34.3,78.1,Sandy,Tube Well,88.13,21.61,4870.71,4.24,17084.57,233015.0
5106,Uttarakhand,Almora,2021,Zaid,Rice,990.14,36.7,41.0,Alluvial,Tube Well,215.07,21.59,3781.26,5.8,48623.97,304323.0
5107,Uttarakhand,Almora,2021,Zaid,Wheat,1162.45,31.4,89.6,Sandy,Drip,440.96,10.45,1785.56,7.45,32824.42,127079.0
5108,Uttarakhand,Almora,2021,Rabi,Maize,877.98,29.0,84.1,Alluvial,Canal,225.15,22.16,351.98,4.19,30517.22,17588.0
5109,Uttarakhand,Almora,2021,Kharif,Wheat,728.62,20.3,66.3,Red,Sprinkler,230.33,29.52,3881.85,6.27,28081.81,351747.0
5110,Uttarakhand,Almora,2021,Kharif,Barley,1592.99,19.6,53.8,Red,Canal,77.74,22.07,2117.46,3.63,64872.33,88149.0
5111,Uttarakhand,Almora,2021,Kharif,Barley,1825.71,35.3,62.6,Sandy,Rain-fed,301.87,14.63,4544.95,6.94,55215.6,339008.0
5112,Uttarakhand,Almora,2021,Kharif,Millets,916.61,29.7,63.7,Red,Rain-fed,404.44,16.58,4806.45,1.74,26527.61,131764.0
5113,Uttarakhand,Pauri,2021,Kharif,Barley,817.53,24.7,65.3,Sandy,Canal,65.6,7.34,3225.61,2.18,53735.59,123381.0
5114,Uttarakhand,Pauri,2021,Rabi,Millets,583.24,20.5,42.4,Alluvial,Sprinkler,438.2,38.55,4892.23,3.73,38613.98,279073.0
5115,Uttarakhand,Pauri,2021,Rabi,Sugarcane,2121.59,30.7,74.7,Sandy,Rain-fed,117.36,39.66,3862.03,2.74,53015.6,189491.0
5116,Uttarakhand,Pauri,2021,Zaid,Barley,449.47,28.2,74.6,Red,Drip,114.04,23.57,4483.28,2.13,62746.95,139630.0
5117,Uttarakhand,Pauri,2021,Rabi,Maize,699.02,30.3,41.7,Sandy,Tube Well,76.2,56.42,4257.6,1.78,31211.68,135108.0
5118,Uttarakhand,Pauri,2021,Zaid,Wheat,863.65,30.5,69.4,Black,Canal,278.6,34.34,2599.67,6.0,24066.15,248087.0
5119,Uttarakhand,Pauri,2021,Zaid,Barley,1589.88,24.3,47.6,Alluvial,Drip,186.83,48.65,1298.04,6.37,59941.44,89042.0
5120,Uttarakhand,Pauri,2021,Zaid,Sugarcane,1364.34,31.9,85.6,Laterite,Tube Well,158.14,9.22,2247.21,5.37,16249.16,212742.0
5121,Uttarakhand,Pauri,2021,Rabi,Cotton,721.46,22.3,83.2,Sandy,Sprinkler,283.98,7.87,3789.61,5.09,58528.17,166047.0
5122,Uttarakhand,Pauri,2021,Zaid,Sugarcane,665.99,29.4,79.8,Alluvial,Tube Well,72.36,11.33,946.77,4.92,13080.55,73421.0
5123,Uttarakhand,Pauri,2021,Kharif,Sugarcane,2132.94,36.3,40.8,Sandy,Sprinkler,279.69,53.57,3166.92,5.88,13695.91,240361.0
5124,Uttarakhand,Pauri,2021,Kharif,Wheat,1175.53,36.1,54.3,Alluvial,Drip,72.36,23.38,1872.17,3.9,26816.72,123864.00000000001
5125,Uttarakhand,Pauri,2021,Rabi,Barley,1628.95,27.9,57.7,Red,Drip,231.84,49.04,2280.44,2.91,44365.94,90666.0
5126,Uttarakhand,Pauri,2021,Kharif,Rice,1657.48,30.6,58.5,Alluvial,Sprinkler,384.51,34.69,2993.48,2.01,26787.48,91127.0
5127,Uttarakhand,Pauri,2021,Rabi,Pulses,1437.76,29.3,48.3,Laterite,Sprinkler,423.94,53.34,3412.57,3.2,19673.77,186175.0
5128,Uttarakhand,Pauri,2021,Zaid,Millets,1121.83,20.0,80.2,Black,Canal,360.38,11.41,1923.54,1.47,14620.97,46117.0
5129,Uttarakhand,Pauri,2021,Rabi,Millets,815.65,29.0,73.4,Laterite,Drip,210.66,24.75,4507.38,4.66,18110.62,238603.00000000003
5130,Uttarakhand,Pauri,2021,Zaid,Wheat,743.65,19.4,47.6,Black,Tube Well,217.3,22.24,2373.41,8.31,63767.71,337125.0
5131,Uttar Pradesh,Lucknow,2021,Kharif,Maize,1834.55,21.4,81.0,Red,Canal,369.41,6.56,4717.7,3.71,48784.53,161195.0
5132,Uttar Pradesh,Lucknow,2021,Rabi,Wheat,454.6,30.0,68.2,Alluvial,Drip,119.87,52.38,2682.56,8.38,55176.66,297360.0
5133,Uttar Pradesh,Lucknow,2021,Kharif,Rice,574.47,21.8,52.9,Red,Rain-fed,257.94,30.0,4352.1,1.82,59366.59,70673.0
5134,Uttar Pradesh,Lucknow,2021,Rabi,Sugarcane,1320.49,30.2,68.5,Sandy,Canal,417.55,17.42,3321.26,3.55,29263.5,126818.0
5135,Uttar Pradesh,Lucknow,2021,Zaid,Barley,1091.68,34.5,84.0,Red,Tube Well,338.99,7.6,1033.34,4.44,32720.43,58064.0
5136,Uttar Pradesh,Lucknow,2021,Kharif,Wheat,1332.64,24.6,73.2,Black,Tube Well,381.54,44.04,4708.57,6.96,38236.2,549196.0
5137,Uttar Pradesh,Lucknow,2021,Kharif,Maize,1138.85,23.8,81.1,Alluvial,Canal,171.14,19.53,3897.81,3.79,31312.91,169966.0
5138,Uttar Pradesh,Lucknow,2021,Kharif,Wheat,2080.57,37.8,82.6,Red,Sprinkler,431.95,38.5,2272.85,7.39,21681.43,187968.0
5139,Uttar Pradesh,Lucknow,2021,Rabi,Rice,716.67,25.5,42.2,Red,Canal,89.08,27.3,1093.44,5.65,38266.02,64877.0
5140,Uttar Pradesh,Lucknow,2021,Kharif,Rice,1600.44,32.4,53.4,Laterite,Drip,308.65,50.04,2143.68,7.49,26975.05,221196.0
5141,Uttar Pradesh,Lucknow,2021,Kharif,Pulses,861.02,35.0,44.3,Black,Canal,261.9,51.18,3646.81,7.14,26542.25,420054.0
5142,Uttar Pradesh,Lucknow,2021,Kharif,Rice,645.45,35.6,76.0,Black,Drip,162.83,38.84,615.38,6.65,28586.91,34221.0
5143,Uttar Pradesh,Lucknow,2021,Zaid,Cotton,609.06,31.3,72.0,Red,Sprinkler,285.75,8.39,2885.51,1.5,35417.69,55525.0
5144,Uttar Pradesh,Lucknow,2021,Zaid,Rice,1421.14,36.5,46.1,Laterite,Canal,168.3,25.36,574.66,1.24,49933.89,12018.0
5145,Uttar Pradesh,Lucknow,2021,Rabi,Maize,1996.8,30.5,39.0,Laterite,Tube Well,215.63,52.46,1193.98,3.38,36233.65,54776.0
5146,Uttar Pradesh,Lucknow,2021,Zaid,Maize,1494.5,27.4,76.0,Laterite,Sprinkler,205.71,38.37,4578.07,6.27,36475.84,263486.0
5147,Uttar Pradesh,Lucknow,2021,Rabi,Maize,531.92,29.7,72.4,Laterite,Rain-fed,104.53,38.2,236.88,7.07,33431.94,21989.0
5148,Uttar Pradesh,Lucknow,2021,Kharif,Maize,1359.32,37.0,51.6,Alluvial,Canal,314.55,56.31,1034.79,8.36,39184.84,132301.0
5149,Uttar Pradesh,Kanpur,2021,Rabi,Rice,1967.1,25.3,75.1,Black,Canal,122.14,35.89,2401.95,3.53,54047.12,145570.0
5150,Uttar Pradesh,Kanpur,2021,Zaid,Sugarcane,695.18,28.7,83.0,Black,Sprinkler,199.42,26.24,1094.3,4.85,23622.32,54961.0
5151,Uttar Pradesh,Kanpur,2021,Kharif,Wheat,1675.25,37.6,35.2,Red,Sprinkler,256.96,21.11,3446.04,6.1,63665.92,175218.0
5152,Uttar Pradesh,Kanpur,2021,Rabi,Wheat,1764.46,20.2,61.3,Sandy,Canal,298.55,31.58,3928.31,4.76,44062.23,153735.0
5153,Uttar Pradesh,Kanpur,2021,Zaid,Pulses,2079.65,37.8,62.0,Black,Tube Well,328.56,8.98,3700.83,2.38,29041.69,71703.0
5154,Uttar Pradesh,Kanpur,2021,Kharif,Rice,1932.33,34.5,45.3,Laterite,Drip,171.51,49.02,4211.05,7.34,53060.78,506793.0
5155,Uttar Pradesh,Kanpur,2021,Kharif,Rice,1555.95,32.2,86.6,Alluvial,Tube Well,372.62,30.1,3152.69,7.53,54381.45,377298.0
5156,Uttar Pradesh,Kanpur,2021,Rabi,Sugarcane,2183.29,25.8,78.9,Sandy,Tube Well,359.82,43.73,2342.07,2.0,35300.47,82256.0
5157,Uttar Pradesh,Kanpur,2021,Rabi,Rice,1085.37,26.0,61.9,Alluvial,Canal,353.08,8.53,3995.54,2.47,47193.52,114833.99999999999
5158,Uttar Pradesh,Kanpur,2021,Rabi,Millets,787.37,21.2,89.3,Alluvial,Sprinkler,94.4,49.53,2314.98,6.07,60873.03,124386.99999999999
5159,Uttar Pradesh,Kanpur,2021,Zaid,Millets,2001.29,37.2,68.4,Sandy,Drip,211.24,13.45,1172.91,7.01,37167.28,134148.0
5160,Uttar Pradesh,Kanpur,2021,Zaid,Cotton,660.15,27.8,57.8,Alluvial,Drip,86.9,29.61,4236.29,1.27,27912.48,61795.00000000001
5161,Uttar Pradesh,Kanpur,2021,Zaid,Wheat,1133.93,20.5,55.8,Laterite,Tube Well,376.73,53.2,2402.55,1.98,26109.09,70273.0
5162,Uttar Pradesh,Kanpur,2021,Zaid,Rice,2033.75,31.8,63.9,Alluvial,Drip,393.33,38.43,4229.11,6.74,60242.58,500432.0
5163,Uttar Pradesh,Kanpur,2021,Zaid,Pulses,1472.65,22.7,74.5,Laterite,Rain-fed,275.35,35.95,2995.11,7.68,47267.28,233228.00000000003
5164,Uttar Pradesh,Kanpur,2021,Zaid,Maize,611.65,19.4,85.0,Black,Tube Well,103.45,49.33,426.11,1.25,50803.27,8117.0
5165,Uttar Pradesh,Kanpur,2021,Rabi,Millets,967.47,31.2,54.3,Black,Drip,292.76,48.84,3543.95,8.33,34676.86,421110.00000000006
5166,Uttar Pradesh,Kanpur,2021,Kharif,Barley,1757.8,34.3,89.7,Black,Rain-fed,114.79,41.33,3879.56,4.43,13469.55,182540.0
5167,Uttar Pradesh,Varanasi,2021,Zaid,Maize,1274.44,30.3,49.7,Laterite,Tube Well,163.05,59.88,2342.8,6.31,59688.24,178298.0
5168,Uttar Pradesh,Varanasi,2021,Kharif,Barley,866.94,28.6,82.4,Alluvial,Tube Well,173.03,28.88,3240.07,4.0,64451.93,118936.99999999999
5169,Uttar Pradesh,Varanasi,2021,Rabi,Barley,1108.04,33.6,74.8,Laterite,Canal,295.17,52.34,803.32,3.42,18236.11,48948.0
5170,Uttar Pradesh,Varanasi,2021,Rabi,Wheat,537.09,23.2,63.6,Alluvial,Drip,210.9,8.95,4431.79,5.77,57870.72,417547.0
5171,Uttar Pradesh,Varanasi,2021,Kharif,Barley,1908.05,31.6,43.1,Black,Drip,118.65,17.47,1679.64,3.65,51124.69,87770.0
5172,Uttar Pradesh,Varanasi,2021,Zaid,Barley,418.12,21.2,65.8,Black,Tube Well,409.15,56.93,4616.93,3.27,14947.56,256801.00000000003
5173,Uttar Pradesh,Varanasi,2021,Kharif,Pulses,1471.04,37.7,74.4,Alluvial,Rain-fed,260.13,51.63,366.53,2.25,51849.88,10482.0
5174,Uttar Pradesh,Varanasi,2021,Zaid,Barley,950.35,32.8,57.7,Alluvial,Sprinkler,426.71,10.83,2671.28,4.81,28865.34,119635.99999999999
5175,Uttar Pradesh,Varanasi,2021,Rabi,Millets,1663.31,34.7,52.4,Red,Rain-fed,391.33,58.35,3250.11,8.42,12898.89,309779.0
5176,Uttar Pradesh,Varanasi,2021,Kharif,Barley,1526.95,35.3,66.5,Red,Drip,88.34,35.52,688.1,4.08,20807.53,30193.0
5177,Uttar Pradesh,Varanasi,2021,Kharif,Barley,1058.52,32.9,39.4,Laterite,Rain-fed,449.65,44.18,4236.73,1.57,45950.51,100336.0
5178,Uttar Pradesh,Varanasi,2021,Rabi,Barley,1287.35,29.9,43.6,Sandy,Canal,200.17,21.63,4295.42,7.77,50626.82,299458.0
5179,Uttar Pradesh,Varanasi,2021,Rabi,Cotton,1341.2,32.7,64.5,Sandy,Drip,331.94,26.41,4812.64,5.94,41598.16,258240.0
5180,Uttar Pradesh,Varanasi,2021,Kharif,Rice,1645.62,35.0,47.2,Sandy,Tube Well,322.0,34.61,3777.86,4.7,64282.92,172307.0
5181,Uttar Pradesh,Varanasi,2021,Zaid,Barley,1274.22,31.6,49.7,Alluvial,Rain-fed,420.76,49.16,2740.18,5.32,46949.31,149782.0
5182,Uttar Pradesh,Varanasi,2021,Rabi,Wheat,1371.72,28.2,57.4,Alluvial,Rain-fed,335.22,33.64,4033.79,2.89,50582.52,131449.0
5183,Uttar Pradesh,Varanasi,2021,Rabi,Maize,1240.4,29.7,85.8,Black,Rain-fed,288.23,44.98,4655.43,1.67,29779.6,113190.00000000001
5184,Uttar Pradesh,Varanasi,2021,Rabi,Sugarcane,1531.91,32.4,50.9,Laterite,Tube Well,115.82,28.32,2075.44,2.5,46823.71,63598.0
5185,Uttar Pradesh,Agra,2021,Zaid,Wheat,1916.69,33.0,35.2,Black,Canal,110.9,35.14,3997.21,1.7,56197.89,102957.0
5186,Uttar Pradesh,Agra,2021,Zaid,Rice,1045.76,21.1,55.7,Laterite,Canal,85.98,51.93,1910.34,7.0,50182.05,168988.0
5187,Uttar Pradesh,Agra,2021,Kharif,Cotton,516.31,19.0,85.5,Sandy,Canal,104.56,33.68,2411.42,3.32,34884.79,139402.0
5188,Uttar Pradesh,Agra,2021,Rabi,Cotton,2070.87,31.9,43.6,Laterite,Rain-fed,61.07,43.7,635.47,6.6,38601.44,49030.0
5189,Uttar Pradesh,Agra,2021,Kharif,Rice,1960.13,27.7,79.8,Laterite,Tube Well,273.72,10.8,920.64,1.77,25893.02,21725.0
5190,Uttar Pradesh,Agra,2021,Zaid,Wheat,715.4,24.4,49.7,Laterite,Rain-fed,267.85,46.55,4816.24,6.34,51394.86,479174.0
5191,Uttar Pradesh,Agra,2021,Kharif,Maize,1941.85,24.9,79.3,Black,Sprinkler,245.61,50.28,1797.12,2.22,49084.41,43237.0
5192,Uttar Pradesh,Agra,2021,Zaid,Wheat,1679.07,36.0,39.8,Red,Tube Well,87.27,7.39,4188.93,8.27,21434.31,514643.0
5193,Uttar Pradesh,Agra,2021,Kharif,Rice,750.56,19.9,78.6,Alluvial,Drip,53.37,47.26,1097.63,3.08,45644.62,46376.0
5194,Uttar Pradesh,Agra,2021,Kharif,Wheat,1515.19,36.6,85.9,Red,Rain-fed,361.43,7.0,3498.66,4.82,56733.88,190205.0
5195,Uttar Pradesh,Agra,2021,Zaid,Pulses,1094.32,37.9,45.4,Red,Rain-fed,323.51,32.32,1612.54,4.18,64958.71,95490.0
5196,Uttar Pradesh,Agra,2021,Kharif,Millets,1318.41,25.5,80.6,Sandy,Rain-fed,397.99,41.5,133.68,3.65,43923.84,6591.0
5197,Uttar Pradesh,Agra,2021,Zaid,Wheat,1044.87,18.4,46.8,Alluvial,Canal,101.26,51.19,4213.12,6.78,19102.66,426876.0
5198,Uttar Pradesh,Agra,2021,Rabi,Sugarcane,574.6,35.1,36.4,Laterite,Sprinkler,237.25,6.84,1211.83,7.39,20597.93,108385.99999999999
5199,Uttar Pradesh,Agra,2021,Zaid,Barley,1396.63,29.1,82.1,Alluvial,Canal,342.72,28.37,1539.17,1.61,14833.08,44325.0
5200,Uttar Pradesh,Agra,2021,Zaid,Millets,1580.37,35.9,68.8,Laterite,Canal,223.55,14.41,1490.5,8.42,29953.37,114889.00000000001
5201,Uttar Pradesh,Agra,2021,Rabi,Sugarcane,864.81,37.8,78.6,Laterite,Canal,87.11,49.39,475.86,1.57,24361.94,10659.0
5202,Uttar Pradesh,Agra,2021,Rabi,Pulses,1988.52,22.5,47.1,Red,Canal,423.17,48.76,4204.07,8.33,24949.07,450975.0
5203,Uttar Pradesh,Meerut,2021,Rabi,Barley,774.63,36.0,87.7,Sandy,Drip,133.45,39.29,4520.61,8.06,38886.39,554421.0
5204,Uttar Pradesh,Meerut,2021,Rabi,Cotton,2168.78,19.6,38.5,Red,Drip,195.55,24.58,1418.19,1.94,33162.79,47821.0
5205,Uttar Pradesh,Meerut,2021,Zaid,Sugarcane,1897.57,18.5,51.2,Black,Tube Well,350.48,27.22,2186.1,1.93,39097.28,50005.0
5206,Uttar Pradesh,Meerut,2021,Kharif,Maize,1010.24,33.2,89.3,Red,Canal,148.59,39.35,280.87,5.44,45605.67,25847.000000000004
5207,Uttar Pradesh,Meerut,2021,Kharif,Rice,1253.47,20.4,54.4,Alluvial,Rain-fed,126.8,56.67,1286.46,6.37,54059.67,143069.0
5208,Uttar Pradesh,Meerut,2021,Zaid,Maize,583.96,31.9,82.2,Laterite,Canal,418.75,13.74,2223.55,5.59,24584.2,100326.0
5209,Uttar Pradesh,Meerut,2021,Zaid,Millets,742.33,30.3,55.4,Sandy,Tube Well,90.07,10.15,4008.46,5.8,42129.56,285591.0
5210,Uttar Pradesh,Meerut,2021,Rabi,Sugarcane,999.24,23.9,42.7,Laterite,Canal,53.82,48.78,4353.17,3.97,35812.29,192297.0
5211,Uttar Pradesh,Meerut,2021,Zaid,Barley,856.43,21.1,55.2,Alluvial,Rain-fed,133.36,47.66,432.83,1.41,22512.1,5824.0
5212,Uttar Pradesh,Meerut,2021,Rabi,Cotton,638.22,21.8,85.8,Laterite,Rain-fed,174.66,51.25,377.87,2.21,49870.78,7538.0
5213,Uttar Pradesh,Meerut,2021,Kharif,Maize,679.4,25.4,42.7,Alluvial,Rain-fed,104.57,9.07,3156.17,8.32,12500.25,289545.0
5214,Uttar Pradesh,Meerut,2021,Kharif,Barley,694.49,34.5,74.4,Black,Sprinkler,253.3,15.4,742.66,4.88,27141.91,35968.0
5215,Uttar Pradesh,Meerut,2021,Zaid,Rice,2030.66,26.7,79.4,Sandy,Sprinkler,393.23,43.3,4496.72,7.54,54691.9,280527.0
5216,Uttar Pradesh,Meerut,2021,Rabi,Sugarcane,1722.53,28.8,59.7,Red,Rain-fed,76.51,12.97,4759.29,6.27,40256.87,317576.0
5217,Uttar Pradesh,Meerut,2021,Rabi,Wheat,511.76,24.4,72.8,Sandy,Drip,149.95,9.96,4782.65,2.38,20657.9,185099.0
5218,Uttar Pradesh,Meerut,2021,Kharif,Sugarcane,679.97,21.3,69.9,Red,Tube Well,361.35,39.83,1859.08,1.45,62720.66,35142.0
5219,Uttar Pradesh,Meerut,2021,Rabi,Barley,1576.75,37.2,67.2,Black,Drip,123.32,54.43,841.14,3.53,50586.62,37868.0
5220,Uttar Pradesh,Meerut,2021,Kharif,Barley,1765.76,19.3,50.8,Laterite,Canal,152.21,46.79,696.96,3.82,27187.46,39217.0
5221,Punjab,Ludhiana,2021,Zaid,Pulses,1017.03,28.1,55.0,Sandy,Sprinkler,192.0,34.78,1756.94,5.37,17203.7,160557.0
5222,Punjab,Ludhiana,2021,Kharif,Wheat,795.52,23.4,60.3,Sandy,Canal,423.17,20.04,3122.36,3.75,57892.33,158639.0
5223,Punjab,Ludhiana,2021,Kharif,Rice,1756.15,33.9,38.9,Alluvial,Tube Well,400.63,49.28,4119.25,2.26,56312.3,82108.0
5224,Punjab,Ludhiana,2021,Kharif,Rice,2007.0,36.1,78.1,Alluvial,Canal,309.21,29.88,783.02,8.1,52266.47,87187.0
5225,Punjab,Ludhiana,2021,Zaid,Maize,1828.34,31.2,63.5,Alluvial,Canal,376.04,17.02,561.68,4.39,61396.41,23210.0
5226,Punjab,Ludhiana,2021,Rabi,Wheat,2025.19,23.7,81.9,Sandy,Rain-fed,399.89,35.06,3338.85,5.13,16002.84,138664.0
5227,Punjab,Ludhiana,2021,Zaid,Wheat,893.15,22.9,86.1,Alluvial,Rain-fed,272.45,7.92,2754.69,3.98,33760.69,144617.0
5228,Punjab,Ludhiana,2021,Rabi,Sugarcane,1519.85,37.0,55.8,Sandy,Rain-fed,108.4,53.17,3875.91,8.03,63718.05,368806.0
5229,Punjab,Ludhiana,2021,Zaid,Cotton,1421.3,24.2,86.0,Red,Canal,328.15,54.61,4534.07,2.25,31224.09,134969.0
5230,Punjab,Ludhiana,2021,Kharif,Millets,2023.15,21.0,60.5,Laterite,Sprinkler,85.03,15.16,3253.01,6.18,58047.45,341682.0
5231,Punjab,Ludhiana,2021,Kharif,Maize,1056.01,22.2,42.1,Laterite,Canal,290.81,40.8,2147.67,4.5,59304.92,90202.0
5232,Punjab,Ludhiana,2021,Kharif,Rice,643.52,18.7,81.9,Red,Sprinkler,163.7,31.16,4690.38,4.99,20525.64,221350.0
5233,Punjab,Ludhiana,2021,Kharif,Pulses,1466.9,22.5,38.5,Red,Drip,255.61,23.39,2406.5,7.2,61283.57,174177.0
5234,Punjab,Ludhiana,2021,Zaid,Barley,2038.73,37.8,57.2,Laterite,Tube Well,232.25,5.67,1023.53,4.71,45363.25,47717.0
5235,Punjab,Ludhiana,2021,Rabi,Maize,1399.82,18.8,57.5,Alluvial,Canal,402.36,44.01,2917.68,5.41,25295.39,190070.0
5236,Punjab,Ludhiana,2021,Kharif,Maize,747.7,24.7,63.9,Sandy,Drip,432.95,15.83,3119.41,8.31,44423.16,326872.0
5237,Punjab,Ludhiana,2021,Rabi,Cotton,487.71,21.0,42.7,Laterite,Rain-fed,197.43,17.74,1630.92,1.73,40556.15,35937.0
5238,Punjab,Ludhiana,2021,Zaid,Pulses,1426.14,29.3,41.7,Alluvial,Sprinkler,264.5,25.85,3811.7,1.24,42746.12,62666.99999999999
5239,Punjab,Amritsar,2021,Kharif,Sugarcane,699.15,26.8,56.5,Red,Drip,166.95,33.97,4351.66,4.67,30833.33,330621.0
5240,Punjab,Amritsar,2021,Zaid,Rice,1527.55,33.3,86.8,Laterite,Drip,178.61,55.36,238.1,1.4,57968.21,2836.0
5241,Punjab,Amritsar,2021,Kharif,Millets,1964.43,19.0,44.6,Red,Sprinkler,435.23,31.07,4773.53,8.22,25245.04,660521.0
5242,Punjab,Amritsar,2021,Rabi,Sugarcane,1532.9,22.2,45.8,Black,Tube Well,396.84,11.91,4139.1,5.03,57860.35,263458.0
5243,Punjab,Amritsar,2021,Zaid,Wheat,925.57,31.7,64.2,Red,Canal,143.88,26.57,3705.22,6.21,18050.51,412372.99999999994
5244,Punjab,Amritsar,2021,Zaid,Barley,2085.87,18.8,67.5,Laterite,Sprinkler,335.7,30.56,4758.95,5.1,39085.71,197256.0
5245,Punjab,Amritsar,2021,Rabi,Pulses,529.59,37.5,39.6,Red,Tube Well,98.71,47.3,900.47,4.17,64868.24,59277.0
5246,Punjab,Amritsar,2021,Kharif,Barley,1731.9,28.8,55.8,Laterite,Tube Well,205.53,9.21,4501.96,6.64,41070.64,465570.0
5247,Punjab,Amritsar,2021,Kharif,Cotton,1515.46,27.4,52.9,Laterite,Drip,397.0,57.51,4470.3,5.23,18916.55,395513.0
5248,Punjab,Amritsar,2021,Kharif,Millets,461.88,30.5,50.7,Sandy,Drip,306.38,33.7,3830.81,3.85,56878.95,153024.0
5249,Punjab,Amritsar,2021,Zaid,Rice,1122.47,21.6,37.6,Sandy,Rain-fed,143.85,12.73,4118.52,3.44,38040.53,121709.99999999999
5250,Punjab,Amritsar,2021,Kharif,Rice,1705.82,37.7,88.5,Red,Sprinkler,128.24,31.86,1703.28,2.27,43767.77,55476.0
5251,Punjab,Amritsar,2021,Kharif,Maize,1552.2,37.1,85.0,Laterite,Drip,308.64,53.0,4282.15,2.63,48145.72,183160.0
5252,Punjab,Amritsar,2021,Zaid,Wheat,2092.08,22.1,62.3,Sandy,Rain-fed,392.33,17.87,2535.2,7.34,33701.32,197275.0
5253,Punjab,Amritsar,2021,Kharif,Barley,581.79,30.6,54.4,Alluvial,Tube Well,372.2,38.55,2723.6,6.02,56762.14,158373.0
5254,Punjab,Amritsar,2021,Kharif,Wheat,1886.78,19.0,74.2,Red,Canal,290.24,42.34,3402.46,4.14,59342.32,123933.99999999999
5255,Punjab,Amritsar,2021,Rabi,Maize,1708.44,25.0,89.6,Laterite,Sprinkler,447.33,49.34,4060.27,1.6,36326.41,78787.0
5256,Punjab,Amritsar,2021,Zaid,Rice,703.7,31.8,63.2,Black,Canal,149.96,12.26,1450.64,3.92,19289.32,53791.0
5257,Punjab,Patiala,2021,Rabi,Millets,1624.71,28.3,85.9,Laterite,Canal,121.08,11.15,1443.91,2.37,34003.1,49669.0
5258,Punjab,Patiala,2021,Kharif,Millets,1163.42,19.4,49.0,Laterite,Canal,98.28,17.02,1633.98,6.15,15400.83,99209.0
5259,Punjab,Patiala,2021,Zaid,Rice,1934.04,35.5,89.0,Sandy,Rain-fed,349.04,26.44,1487.28,3.66,38678.77,43903.0
5260,Punjab,Patiala,2021,Kharif,Rice,1646.48,33.7,48.9,Sandy,Drip,99.77,10.33,3022.58,7.14,29628.93,341616.0
5261,Punjab,Patiala,2021,Kharif,Sugarcane,1741.93,31.4,68.4,Laterite,Tube Well,257.29,17.9,4747.79,5.76,20984.13,419925.0
5262,Punjab,Patiala,2021,Kharif,Millets,1911.16,30.0,66.3,Black,Rain-fed,198.25,52.68,4931.2,3.78,53031.41,241619.99999999997
5263,Punjab,Patiala,2021,Zaid,Rice,1621.03,20.4,55.6,Laterite,Canal,354.0,24.26,760.12,5.28,44802.04,66664.0
5264,Punjab,Patiala,2021,Kharif,Sugarcane,423.64,20.0,40.0,Alluvial,Drip,272.3,57.65,1612.7,8.08,55958.98,117744.0
5265,Punjab,Patiala,2021,Rabi,Barley,620.68,29.8,73.4,Laterite,Rain-fed,51.81,42.94,337.78,6.95,50451.58,37033.0
5266,Punjab,Patiala,2021,Kharif,Barley,1948.23,29.9,59.1,Red,Sprinkler,60.09,20.63,3934.19,1.96,54344.7,117346.0
5267,Punjab,Patiala,2021,Rabi,Sugarcane,1059.59,26.8,66.7,Laterite,Rain-fed,266.73,29.19,4934.03,4.76,38024.85,213067.0
5268,Punjab,Patiala,2021,Zaid,Barley,854.89,21.1,74.2,Sandy,Sprinkler,361.7,37.3,1240.32,7.11,61818.12,79428.0
5269,Punjab,Patiala,2021,Kharif,Barley,403.51,30.3,73.7,Red,Sprinkler,308.11,13.77,1090.8,2.63,43751.94,35306.0
5270,Punjab,Patiala,2021,Zaid,Maize,852.96,20.2,85.1,Laterite,Drip,108.12,29.78,1116.05,2.01,15574.79,29652.0
5271,Punjab,Patiala,2021,Zaid,Sugarcane,1649.84,21.7,78.4,Laterite,Tube Well,89.4,41.3,1773.87,8.12,64366.3,199557.0
5272,Punjab,Patiala,2021,Rabi,Sugarcane,1506.23,21.8,76.5,Sandy,Rain-fed,277.59,47.77,4210.62,1.95,40591.43,129383.0
5273,Punjab,Patiala,2021,Kharif,Wheat,1222.67,33.9,50.9,Red,Tube Well,83.17,6.12,4662.85,6.18,30795.36,359627.0
5274,Punjab,Patiala,2021,Zaid,Barley,1673.53,24.8,65.2,Black,Tube Well,287.87,8.34,4921.39,6.42,50663.14,544666.0
5275,Punjab,Jalandhar,2021,Kharif,Wheat,1516.78,36.1,82.1,Red,Drip,199.71,30.04,3292.53,7.12,13843.76,388653.0
5276,Punjab,Jalandhar,2021,Kharif,Barley,1800.59,34.2,74.6,Sandy,Drip,288.33,35.47,2217.48,2.81,60395.6,96715.0
5277,Punjab,Jalandhar,2021,Kharif,Wheat,584.21,27.4,57.7,Alluvial,Rain-fed,328.42,14.0,3946.95,3.16,46558.21,131245.0
5278,Punjab,Jalandhar,2021,Rabi,Sugarcane,1536.98,37.3,40.9,Black,Tube Well,331.03,44.88,4044.16,2.61,32442.53,103296.0
5279,Punjab,Jalandhar,2021,Rabi,Maize,865.34,35.8,60.0,Alluvial,Tube Well,54.7,36.17,4779.16,8.14,36940.73,453083.0
5280,Punjab,Jalandhar,2021,Rabi,Maize,819.18,21.1,84.0,Laterite,Tube Well,103.23,42.19,3403.9,3.86,48658.24,163465.0
5281,Punjab,Jalandhar,2021,Zaid,Rice,599.6,34.8,81.0,Red,Canal,64.5,24.67,4214.81,6.21,30334.74,273211.0
5282,Punjab,Jalandhar,2021,Rabi,Millets,1836.77,23.6,69.5,Sandy,Drip,288.23,34.19,873.55,6.03,57472.84,67182.0
5283,Punjab,Jalandhar,2021,Zaid,Sugarcane,1033.58,31.1,44.7,Sandy,Canal,116.89,35.72,1328.14,7.78,18863.41,153783.0
5284,Punjab,Jalandhar,2021,Zaid,Rice,1739.01,19.3,56.8,Black,Sprinkler,244.71,56.71,3477.71,8.16,40911.7,375204.0
5285,Punjab,Jalandhar,2021,Kharif,Sugarcane,1451.48,32.1,86.1,Black,Sprinkler,187.42,19.33,1457.65,3.63,52936.57,79116.0
5286,Punjab,Jalandhar,2021,Zaid,Cotton,499.74,22.4,62.9,Alluvial,Sprinkler,351.68,52.77,2808.1,5.07,53502.8,149726.0
5287,Punjab,Jalandhar,2021,Kharif,Sugarcane,1859.99,28.9,60.4,Black,Drip,101.93,45.69,1700.64,5.34,29416.76,128536.99999999999
5288,Punjab,Jalandhar,2021,Zaid,Cotton,892.04,31.5,88.2,Sandy,Sprinkler,349.28,36.16,3762.1,6.46,24949.25,406738.0
5289,Punjab,Jalandhar,2021,Zaid,Sugarcane,837.51,21.9,59.5,Black,Sprinkler,258.5,16.25,3325.67,3.58,39790.89,134096.0
5290,Punjab,Jalandhar,2021,Rabi,Pulses,1423.28,28.1,50.6,Laterite,Rain-fed,256.99,5.66,4729.35,3.64,30549.58,208392.0
5291,Punjab,Jalandhar,2021,Kharif,Maize,1922.17,35.6,60.4,Red,Drip,70.93,27.83,2018.25,4.58,26727.79,122380.0
5292,Punjab,Jalandhar,2021,Kharif,Wheat,2143.33,36.5,64.7,Black,Tube Well,438.62,10.98,790.43,3.33,45360.0,32714.999999999996
5293,Punjab,Bathinda,2021,Rabi,Millets,1789.77,29.4,48.2,Laterite,Canal,57.58,18.98,2297.16,1.5,24918.11,27870.0
5294,Punjab,Bathinda,2021,Rabi,Cotton,1465.82,29.7,40.4,Black,Canal,247.26,36.08,204.59,3.62,42717.15,12185.0
5295,Punjab,Bathinda,2021,Rabi,Wheat,1307.51,32.6,61.8,Sandy,Rain-fed,77.85,17.54,2168.57,7.19,21649.41,174255.0
5296,Punjab,Bathinda,2021,Zaid,Rice,2198.88,18.2,43.2,Alluvial,Sprinkler,103.53,11.43,4140.95,4.9,34607.99,292323.0
5297,Punjab,Bathinda,2021,Rabi,Barley,1180.07,18.6,61.0,Alluvial,Tube Well,296.3,21.97,3486.08,5.45,64157.05,246215.0
5298,Punjab,Bathinda,2021,Zaid,Pulses,1735.56,37.1,70.0,Alluvial,Rain-fed,190.14,48.74,3657.44,5.34,38954.14,285354.0
5299,Punjab,Bathinda,2021,Kharif,Sugarcane,1713.61,24.2,55.0,Alluvial,Sprinkler,167.56,51.29,2893.29,7.75,45934.96,360488.0
5300,Punjab,Bathinda,2021,Zaid,Rice,1784.04,27.4,69.2,Alluvial,Tube Well,410.74,51.57,1424.39,4.16,15790.8,60699.0
5301,Punjab,Bathinda,2021,Zaid,Maize,1098.74,34.6,81.9,Sandy,Canal,385.64,51.51,3687.47,5.69,18987.11,320476.0
5302,Punjab,Bathinda,2021,Zaid,Millets,1968.15,34.8,70.9,Black,Drip,410.42,31.45,1654.94,7.57,35986.22,160576.0
5303,Punjab,Bathinda,2021,Zaid,Barley,759.25,33.2,64.0,Black,Rain-fed,218.87,56.42,2392.29,3.98,15353.37,148224.0
5304,Punjab,Bathinda,2021,Zaid,Rice,1815.66,28.1,36.6,Black,Rain-fed,193.57,21.39,4910.04,1.29,28643.68,110192.0
5305,Punjab,Bathinda,2021,Kharif,Cotton,720.3,33.0,86.4,Red,Rain-fed,399.84,53.45,3292.94,5.8,37092.37,304091.0
5306,Punjab,Bathinda,2021,Zaid,Cotton,441.61,24.6,67.1,Alluvial,Canal,245.06,35.17,1180.87,7.64,21084.3,115955.0
5307,Punjab,Bathinda,2021,Kharif,Wheat,1621.52,24.1,54.3,Alluvial,Tube Well,425.0,27.32,3840.22,2.93,21513.41,196459.0
5308,Punjab,Bathinda,2021,Kharif,Barley,1823.29,31.0,45.4,Red,Drip,70.18,12.48,208.59,3.31,19850.01,7445.999999999999
5309,Punjab,Bathinda,2021,Kharif,Cotton,1301.93,24.3,89.6,Alluvial,Sprinkler,130.47,31.54,1548.94,1.35,44615.75,19673.0
5310,Punjab,Bathinda,2021,Rabi,Pulses,2010.8,31.8,72.4,Laterite,Rain-fed,404.88,22.77,418.0,5.36,20481.74,31500.0
5311,Maharashtra,Pune,2021,Zaid,Sugarcane,578.24,20.5,41.4,Red,Tube Well,402.99,12.41,2863.99,4.38,30101.76,165539.0
5312,Maharashtra,Pune,2021,Zaid,Rice,1559.07,36.3,83.8,Laterite,Sprinkler,405.93,46.97,766.44,5.0,43520.9,48173.0
5313,Maharashtra,Pune,2021,Kharif,Sugarcane,851.35,22.3,66.4,Alluvial,Tube Well,257.86,32.08,789.21,4.87,12467.14,47942.0
5314,Maharashtra,Pune,2021,Kharif,Millets,1026.68,27.0,54.1,Red,Tube Well,138.17,9.19,2149.17,5.82,48799.28,194152.0
5315,Maharashtra,Pune,2021,Kharif,Sugarcane,1169.33,24.2,35.8,Sandy,Canal,446.02,45.59,2844.44,2.04,13374.96,58624.0
5316,Maharashtra,Pune,2021,Zaid,Millets,1712.71,31.4,59.4,Sandy,Rain-fed,185.48,39.24,1554.3,8.15,59458.6,172107.0
5317,Maharashtra,Pune,2021,Rabi,Wheat,754.91,27.8,38.7,Sandy,Drip,369.47,16.27,1604.53,1.87,53761.88,39606.0
5318,Maharashtra,Pune,2021,Kharif,Barley,430.84,32.2,58.1,Red,Tube Well,72.3,47.98,2546.73,7.42,28158.46,177409.0
5319,Maharashtra,Pune,2021,Kharif,Sugarcane,1820.59,23.9,46.0,Sandy,Canal,291.99,44.18,2161.31,4.88,45306.61,97918.0
5320,Maharashtra,Pune,2021,Rabi,Pulses,1779.77,27.5,85.3,Black,Sprinkler,331.58,48.42,3072.91,3.8,29245.77,145694.0
5321,Maharashtra,Pune,2021,Rabi,Sugarcane,1052.19,26.7,53.9,Red,Drip,421.98,8.96,3982.65,7.15,64837.37,362057.0
5322,Maharashtra,Pune,2021,Zaid,Maize,1427.99,29.4,73.0,Laterite,Canal,51.05,54.16,4858.46,8.03,18542.34,368481.0
5323,Maharashtra,Pune,2021,Zaid,Sugarcane,680.99,34.3,73.1,Laterite,Canal,260.12,58.56,3077.5,4.66,15137.64,140684.0
5324,Maharashtra,Pune,2021,Rabi,Wheat,1543.06,20.8,58.3,Sandy,Tube Well,354.32,6.68,4199.73,3.3,58581.11,223062.0
5325,Maharashtra,Pune,2021,Zaid,Millets,1636.58,27.2,45.3,Red,Drip,105.8,35.21,1039.3,5.87,36938.09,105185.99999999999
5326,Maharashtra,Pune,2021,Zaid,Rice,1196.03,24.7,89.4,Red,Drip,391.84,30.92,4306.17,4.96,47235.27,174993.0
5327,Maharashtra,Pune,2021,Rabi,Barley,1483.65,26.8,75.8,Sandy,Canal,432.04,15.3,1138.61,7.83,52194.97,129186.99999999999
5328,Maharashtra,Pune,2021,Kharif,Rice,1340.5,29.5,64.6,Laterite,Canal,413.76,21.47,1712.66,2.16,35821.69,41435.0
5329,Maharashtra,Nashik,2021,Kharif,Wheat,852.45,20.2,36.9,Laterite,Sprinkler,343.94,17.06,1994.41,2.37,32045.33,82161.0
5330,Maharashtra,Nashik,2021,Rabi,Maize,1283.36,31.0,48.4,Red,Sprinkler,270.73,17.81,3633.12,6.09,62409.5,323095.0
5331,Maharashtra,Nashik,2021,Kharif,Wheat,1849.59,26.6,53.0,Alluvial,Canal,80.15,34.02,3026.48,2.28,46478.66,60176.0
5332,Maharashtra,Nashik,2021,Zaid,Rice,1375.95,37.2,49.9,Alluvial,Tube Well,199.95,31.67,1371.18,4.97,58136.81,114542.0
5333,Maharashtra,Nashik,2021,Rabi,Rice,1270.59,23.4,51.0,Black,Drip,403.06,6.23,4194.94,4.66,21676.79,184255.0
5334,Maharashtra,Nashik,2021,Rabi,Millets,847.19,20.9,36.4,Black,Tube Well,182.32,29.46,839.58,7.96,48449.71,100446.0
5335,Maharashtra,Nashik,2021,Zaid,Barley,1873.05,30.1,41.7,Laterite,Drip,263.25,25.1,2553.57,3.68,62412.16,136326.0
5336,Maharashtra,Nashik,2021,Rabi,Pulses,799.07,25.2,56.4,Sandy,Canal,282.4,56.79,2733.08,3.26,19089.83,89441.0
5337,Maharashtra,Nashik,2021,Kharif,Sugarcane,1837.63,20.9,76.5,Red,Canal,283.95,13.6,1186.04,7.88,25497.77,127200.0
5338,Maharashtra,Nashik,2021,Rabi,Wheat,1924.52,37.9,53.6,Black,Sprinkler,396.36,55.07,3094.28,1.28,43566.65,56911.0
5339,Maharashtra,Nashik,2021,Zaid,Barley,2179.39,24.3,76.5,Laterite,Canal,211.67,34.55,215.61,4.79,28408.47,15458.000000000002
5340,Maharashtra,Nashik,2021,Kharif,Wheat,1235.42,27.2,36.2,Red,Tube Well,448.38,22.8,283.63,4.32,37245.01,11438.0
5341,Maharashtra,Nashik,2021,Zaid,Cotton,1822.02,18.9,35.7,Alluvial,Drip,228.4,24.71,2488.23,4.34,32918.57,135542.0
5342,Maharashtra,Nashik,2021,Zaid,Cotton,810.51,23.9,49.9,Laterite,Tube Well,425.16,29.3,3729.31,6.65,24290.02,373516.0
5343,Maharashtra,Nashik,2021,Rabi,Sugarcane,1203.62,36.0,58.5,Laterite,Rain-fed,122.72,57.5,4213.01,8.2,64198.52,446899.0
5344,Maharashtra,Nashik,2021,Zaid,Wheat,854.61,25.0,79.4,Alluvial,Canal,208.36,56.88,3248.75,2.42,55982.7,121809.99999999999
5345,Maharashtra,Nashik,2021,Rabi,Pulses,1588.51,26.6,88.4,Black,Rain-fed,370.78,14.76,4313.98,4.52,41422.41,278882.0
5346,Maharashtra,Nashik,2021,Kharif,Wheat,1789.74,23.3,61.5,Laterite,Sprinkler,417.71,17.03,1075.36,2.93,30002.48,48212.0
5347,Maharashtra,Nagpur,2021,Kharif,Barley,2129.72,37.1,72.1,Black,Sprinkler,204.12,51.53,4356.31,3.13,16758.4,152292.0
5348,Maharashtra,Nagpur,2021,Rabi,Millets,1342.99,34.9,39.5,Laterite,Drip,377.23,14.71,4228.7,1.69,52583.14,58916.0
5349,Maharashtra,Nagpur,2021,Rabi,Barley,1380.13,21.5,48.0,Sandy,Rain-fed,422.8,40.31,1619.34,8.33,34029.5,123506.0
5350,Maharashtra,Nagpur,2021,Kharif,Millets,1782.82,28.1,51.7,Laterite,Tube Well,51.28,11.11,4158.19,3.8,19483.37,152946.0
5351,Maharashtra,Nagpur,2021,Rabi,Barley,1267.33,25.6,78.3,Black,Drip,295.56,26.39,4988.76,3.31,22686.22,217456.0
5352,Maharashtra,Nagpur,2021,Zaid,Rice,482.27,26.8,69.6,Red,Drip,170.65,27.0,4929.12,1.83,36891.58,113459.99999999999
5353,Maharashtra,Nagpur,2021,Zaid,Sugarcane,1440.22,23.3,49.9,Alluvial,Drip,173.52,14.06,3974.98,3.9,55262.89,212198.0
5354,Maharashtra,Nagpur,2021,Rabi,Millets,1756.48,19.1,68.5,Red,Rain-fed,323.76,23.21,4520.67,1.72,12049.48,110270.0
5355,Maharashtra,Nagpur,2021,Kharif,Cotton,2079.82,26.0,82.9,Sandy,Canal,72.52,20.74,1833.6,5.2,14296.43,168627.0
5356,Maharashtra,Nagpur,2021,Kharif,Millets,458.54,23.5,86.0,Alluvial,Rain-fed,402.01,26.55,2740.21,1.74,16825.78,63409.0
5357,Maharashtra,Nagpur,2021,Kharif,Sugarcane,1017.63,36.6,69.9,Sandy,Sprinkler,396.0,29.69,2827.04,1.53,50524.21,52274.0
5358,Maharashtra,Nagpur,2021,Zaid,Barley,746.88,29.2,71.3,Red,Rain-fed,165.4,38.06,1984.45,7.54,28526.05,135551.0
5359,Maharashtra,Nagpur,2021,Rabi,Millets,906.84,30.4,74.7,Laterite,Tube Well,248.23,14.15,923.25,6.54,52848.89,60245.00000000001
5360,Maharashtra,Nagpur,2021,Rabi,Pulses,753.52,30.1,45.4,Black,Canal,200.07,43.46,651.5,3.73,36691.34,38026.0
5361,Maharashtra,Nagpur,2021,Zaid,Maize,1233.21,25.6,77.2,Black,Tube Well,308.12,27.68,2397.43,7.47,32370.44,267514.0
5362,Maharashtra,Nagpur,2021,Kharif,Pulses,1089.43,28.4,36.8,Laterite,Drip,427.14,22.73,3471.5,6.01,33627.27,239698.0
5363,Maharashtra,Nagpur,2021,Kharif,Cotton,1346.27,29.0,80.0,Alluvial,Sprinkler,349.53,59.97,4615.12,5.01,18623.52,261227.0
5364,Maharashtra,Nagpur,2021,Zaid,Cotton,1840.17,20.8,76.0,Black,Rain-fed,200.06,21.74,3730.63,2.35,54990.5,74563.0
5365,Maharashtra,Aurangabad,2021,Zaid,Pulses,1544.6,33.4,63.8,Sandy,Drip,328.27,17.28,756.93,7.45,50494.92,70351.0
5366,Maharashtra,Aurangabad,2021,Zaid,Millets,1113.61,34.5,59.0,Laterite,Sprinkler,327.79,6.98,811.65,8.48,61290.09,60604.0
5367,Maharashtra,Aurangabad,2021,Kharif,Maize,1968.82,37.4,40.2,Laterite,Sprinkler,430.92,34.63,4733.19,5.65,29273.36,330868.0
5368,Maharashtra,Aurangabad,2021,Kharif,Sugarcane,1704.56,22.9,75.4,Alluvial,Sprinkler,222.5,43.13,1277.02,6.28,48398.47,122011.99999999999
5369,Maharashtra,Aurangabad,2021,Kharif,Millets,785.25,19.4,77.3,Laterite,Rain-fed,59.03,45.27,4369.3,2.43,18018.06,110641.00000000001
5370,Maharashtra,Aurangabad,2021,Zaid,Rice,1513.06,35.0,89.9,Red,Sprinkler,277.48,41.31,1288.56,8.4,60079.08,88295.0
5371,Maharashtra,Aurangabad,2021,Zaid,Barley,839.94,23.8,67.2,Sandy,Tube Well,149.84,12.66,3926.45,7.58,19371.51,283412.0
5372,Maharashtra,Aurangabad,2021,Kharif,Barley,1875.06,29.8,82.8,Black,Drip,229.37,12.24,1987.51,2.69,38594.66,76343.0
5373,Maharashtra,Aurangabad,2021,Zaid,Wheat,416.73,34.5,70.3,Black,Canal,72.05,47.62,3788.9,6.53,33734.26,352352.0
5374,Maharashtra,Aurangabad,2021,Rabi,Cotton,519.45,31.4,73.0,Red,Rain-fed,149.57,11.19,1247.72,2.79,41012.93,46925.0
5375,Maharashtra,Aurangabad,2021,Rabi,Millets,1032.29,19.6,78.0,Alluvial,Tube Well,401.45,13.68,3887.01,6.17,41724.23,297241.0
5376,Maharashtra,Aurangabad,2021,Kharif,Millets,1680.63,22.5,42.3,Alluvial,Drip,322.77,17.11,4105.78,6.34,62941.23,359057.0
5377,Maharashtra,Aurangabad,2021,Zaid,Cotton,2072.08,24.2,85.3,Black,Drip,291.45,43.64,1712.25,7.41,23742.95,214800.0
5378,Maharashtra,Aurangabad,2021,Zaid,Maize,1863.74,26.5,37.2,Black,Tube Well,295.34,11.5,4998.29,1.72,28341.87,136374.0
5379,Maharashtra,Aurangabad,2021,Zaid,Cotton,1000.31,35.4,38.4,Sandy,Canal,399.45,42.15,3847.32,4.03,61230.07,269827.0
5380,Maharashtra,Aurangabad,2021,Rabi,Sugarcane,911.22,29.2,37.2,Laterite,Drip,301.16,6.51,1799.23,1.67,17947.28,51398.0
5381,Maharashtra,Aurangabad,2021,Rabi,Barley,1273.02,22.2,81.7,Black,Sprinkler,442.61,34.67,4601.02,4.41,19904.13,319546.0
5382,Maharashtra,Aurangabad,2021,Kharif,Barley,1101.05,29.9,61.7,Sandy,Sprinkler,72.13,29.46,4143.33,3.39,64825.87,126724.0
5383,Maharashtra,Kolhapur,2021,Zaid,Sugarcane,595.58,36.4,68.3,Red,Drip,103.91,53.26,3934.53,6.46,42553.19,399657.0
5384,Maharashtra,Kolhapur,2021,Rabi,Cotton,640.81,30.7,36.6,Laterite,Rain-fed,214.31,32.64,4815.12,2.84,30996.67,222457.00000000003
5385,Maharashtra,Kolhapur,2021,Kharif,Barley,1034.59,21.5,84.6,Black,Tube Well,389.62,42.28,2741.61,1.25,24870.68,60905.99999999999
5386,Maharashtra,Kolhapur,2021,Kharif,Rice,416.2,18.3,49.8,Sandy,Sprinkler,223.93,39.8,199.12,6.55,17777.47,22702.0
5387,Maharashtra,Kolhapur,2021,Rabi,Pulses,405.89,30.5,78.8,Red,Drip,348.41,14.33,1430.15,4.25,35833.08,74011.0
5388,Maharashtra,Kolhapur,2021,Kharif,Wheat,1050.29,22.9,76.9,Sandy,Tube Well,342.23,53.07,4197.8,1.77,56657.74,113766.00000000001
5389,Maharashtra,Kolhapur,2021,Rabi,Cotton,733.11,33.9,89.6,Red,Tube Well,109.67,22.89,2982.26,5.76,42800.21,191689.0
5390,Maharashtra,Kolhapur,2021,Kharif,Pulses,561.31,28.7,58.3,Sandy,Sprinkler,379.52,25.83,4570.34,2.0,32983.95,145644.0
5391,Maharashtra,Kolhapur,2021,Kharif,Cotton,1607.84,37.2,61.6,Red,Drip,381.28,38.64,615.03,7.57,38173.71,57291.99999999999
5392,Maharashtra,Kolhapur,2021,Zaid,Maize,1977.38,28.0,72.3,Black,Rain-fed,261.72,52.32,577.29,2.61,47094.49,22832.0
5393,Maharashtra,Kolhapur,2021,Zaid,Maize,471.37,31.1,77.6,Sandy,Canal,280.05,43.02,2631.67,1.42,20570.31,45384.0
5394,Maharashtra,Kolhapur,2021,Rabi,Millets,1378.05,35.7,48.0,Alluvial,Tube Well,200.86,41.13,2974.09,8.17,58698.65,316934.0
5395,Maharashtra,Kolhapur,2021,Zaid,Rice,1089.63,23.0,70.8,Alluvial,Tube Well,425.8,30.26,2685.57,6.03,55559.99,245850.0
5396,Maharashtra,Kolhapur,2021,Zaid,Maize,1106.18,36.7,68.6,Red,Rain-fed,240.58,46.59,785.79,7.62,58487.31,99144.0
5397,Maharashtra,Kolhapur,2021,Zaid,Cotton,1119.55,19.8,66.2,Alluvial,Tube Well,353.3,22.43,3010.1,3.89,51468.03,189295.0
5398,Maharashtra,Kolhapur,2021,Kharif,Wheat,930.19,36.9,70.4,Sandy,Drip,173.77,39.9,1880.68,2.6,64888.43,51717.99999999999
5399,Maharashtra,Kolhapur,2021,Kharif,Rice,2045.99,22.6,40.2,Red,Tube Well,324.02,11.04,1947.24,4.65,14105.66,147212.0
5400,Maharashtra,Kolhapur,2021,Rabi,Rice,420.12,19.2,61.8,Alluvial,Tube Well,222.74,30.65,1965.59,6.18,30638.7,148310.0
5401,Karnataka,Bengaluru,2021,Kharif,Cotton,459.98,35.6,53.5,Sandy,Drip,355.84,45.92,3598.36,8.18,30393.98,448339.00000000006
5402,Karnataka,Bengaluru,2021,Rabi,Millets,1806.58,20.8,49.4,Sandy,Tube Well,113.94,34.44,2766.89,2.0,34404.84,95117.0
5403,Karnataka,Bengaluru,2021,Kharif,Maize,1607.32,28.5,48.6,Black,Tube Well,111.96,48.8,1676.06,3.39,41226.75,80787.0
5404,Karnataka,Bengaluru,2021,Kharif,Pulses,1445.81,33.4,47.3,Laterite,Sprinkler,196.85,35.36,3918.82,2.71,40255.89,138285.0
5405,Karnataka,Bengaluru,2021,Rabi,Cotton,1089.83,26.8,53.9,Laterite,Tube Well,274.76,47.91,3372.56,2.19,44003.78,119429.0
5406,Karnataka,Bengaluru,2021,Rabi,Wheat,1250.36,24.6,71.4,Laterite,Tube Well,227.0,51.31,456.67,1.88,51529.48,10459.0
5407,Karnataka,Bengaluru,2021,Kharif,Maize,587.08,31.7,79.9,Laterite,Drip,223.33,38.88,4123.22,5.51,61557.43,287416.0
5408,Karnataka,Bengaluru,2021,Zaid,Cotton,1038.2,31.3,56.4,Black,Drip,284.92,34.38,4566.0,3.48,17548.35,172436.0
5409,Karnataka,Bengaluru,2021,Kharif,Sugarcane,1115.47,35.8,46.5,Red,Sprinkler,276.44,52.38,4986.44,8.37,28530.61,447280.0
5410,Karnataka,Bengaluru,2021,Kharif,Millets,1292.28,34.5,66.6,Sandy,Tube Well,420.82,20.03,3151.37,8.48,44706.0,234779.0
5411,Karnataka,Bengaluru,2021,Kharif,Millets,1872.12,19.7,63.0,Red,Drip,91.24,54.3,4602.29,3.04,13529.47,230790.0
5412,Karnataka,Bengaluru,2021,Zaid,Sugarcane,1916.81,20.7,60.4,Laterite,Rain-fed,284.8,31.71,3509.23,1.63,53631.91,56089.0
5413,Karnataka,Bengaluru,2021,Zaid,Pulses,1867.29,35.6,47.2,Black,Sprinkler,312.96,10.07,2070.11,1.76,64004.62,38535.0
5414,Karnataka,Bengaluru,2021,Rabi,Cotton,1021.38,21.3,59.6,Alluvial,Canal,430.17,48.74,2634.61,1.28,28645.74,35882.0
5415,Karnataka,Bengaluru,2021,Kharif,Barley,2067.46,34.8,65.7,Alluvial,Rain-fed,243.86,18.01,3621.11,5.76,54969.46,253911.0
5416,Karnataka,Bengaluru,2021,Kharif,Barley,1565.49,22.7,56.5,Black,Sprinkler,153.61,47.44,2317.04,2.27,40814.62,50545.0
5417,Karnataka,Bengaluru,2021,Rabi,Maize,2066.06,34.6,57.6,Alluvial,Tube Well,99.1,45.26,2089.07,5.19,60113.61,127272.0
5418,Karnataka,Bengaluru,2021,Zaid,Millets,1785.81,23.0,86.3,Black,Canal,442.99,44.74,4238.81,8.22,59241.73,423505.0
5419,Karnataka,Mysuru,2021,Kharif,Cotton,788.65,34.8,40.0,Laterite,Sprinkler,449.69,31.69,654.26,4.52,36583.07,43736.0
5420,Karnataka,Mysuru,2021,Rabi,Cotton,740.78,28.9,65.7,Alluvial,Rain-fed,114.02,12.62,1811.74,6.9,26458.79,186711.0
5421,Karnataka,Mysuru,2021,Zaid,Wheat,1890.21,36.6,70.1,Sandy,Tube Well,135.75,28.52,1559.06,1.55,44377.72,34636.0
5422,Karnataka,Mysuru,2021,Zaid,Pulses,743.69,23.4,61.6,Sandy,Drip,302.69,56.63,982.25,5.84,30279.58,93183.0
5423,Karnataka,Mysuru,2021,Zaid,Maize,649.4,37.9,38.6,Alluvial,Sprinkler,413.48,9.79,4958.58,1.46,21899.68,125670.0
5424,Karnataka,Mysuru,2021,Rabi,Cotton,501.01,22.1,66.3,Sandy,Drip,242.0,24.73,3225.95,5.7,58656.36,185910.0
5425,Karnataka,Mysuru,2021,Zaid,Pulses,1325.42,35.0,53.8,Black,Drip,282.46,42.0,2109.73,5.83,39822.12,124164.00000000001
5426,Karnataka,Mysuru,2021,Zaid,Rice,1961.05,32.6,68.7,Black,Drip,373.68,32.48,3584.08,6.1,35956.03,320604.0
5427,Karnataka,Mysuru,2021,Zaid,Pulses,1080.08,22.9,63.4,Sandy,Tube Well,409.8,47.08,4535.74,2.41,35667.18,196104.0
5428,Karnataka,Mysuru,2021,Kharif,Millets,1220.87,22.7,64.3,Black,Drip,174.9,14.92,3947.65,3.49,15202.55,224677.0
5429,Karnataka,Mysuru,2021,Rabi,Barley,1370.49,31.4,74.6,Red,Tube Well,153.7,28.25,1233.97,6.07,19497.5,61350.0
5430,Karnataka,Mysuru,2021,Zaid,Rice,635.13,23.1,67.3,Laterite,Drip,393.41,10.0,961.04,2.53,64878.53,34893.0
5431,Karnataka,Mysuru,2021,Zaid,Rice,1594.49,23.2,41.6,Red,Canal,306.22,36.73,1354.15,5.39,19900.0,88704.0
5432,Karnataka,Mysuru,2021,Kharif,Rice,1356.82,32.0,87.6,Alluvial,Sprinkler,72.22,14.74,987.58,2.75,29178.14,42919.0
5433,Karnataka,Mysuru,2021,Kharif,Wheat,1424.88,26.2,43.6,Red,Sprinkler,419.77,13.49,4768.68,5.21,55074.69,272681.0
5434,Karnataka,Mysuru,2021,Zaid,Millets,1811.06,18.2,69.1,Red,Sprinkler,71.59,22.57,814.35,7.63,39543.73,56133.00000000001
5435,Karnataka,Mysuru,2021,Rabi,Cotton,1931.82,26.4,45.0,Laterite,Sprinkler,150.24,24.03,3741.54,6.59,23991.67,197441.0
5436,Karnataka,Mysuru,2021,Zaid,Rice,1754.68,23.2,35.5,Sandy,Tube Well,290.54,58.38,1886.28,2.35,35862.71,56404.99999999999
5437,Karnataka,Hubli,2021,Zaid,Maize,2071.64,29.6,47.5,Laterite,Drip,320.75,46.09,2119.36,1.98,27944.85,51066.0
5438,Karnataka,Hubli,2021,Kharif,Maize,1214.63,22.9,71.2,Alluvial,Canal,207.75,41.9,3339.54,4.0,56956.93,140542.0
5439,Karnataka,Hubli,2021,Rabi,Cotton,1235.59,31.4,70.6,Alluvial,Drip,414.27,37.22,4129.93,3.87,30253.47,187920.0
5440,Karnataka,Hubli,2021,Rabi,Cotton,2024.84,36.2,37.9,Laterite,Drip,446.67,41.91,1974.81,6.31,58559.44,195248.0
5441,Karnataka,Hubli,2021,Rabi,Maize,1635.26,33.2,41.9,Black,Tube Well,73.69,58.41,4942.92,4.96,55684.84,393769.0
5442,Karnataka,Hubli,2021,Zaid,Rice,508.29,23.7,83.7,Laterite,Rain-fed,307.13,15.29,393.85,4.14,13897.41,28474.0
5443,Karnataka,Hubli,2021,Rabi,Wheat,1227.42,33.5,60.0,Laterite,Rain-fed,360.97,57.27,888.55,1.74,38840.62,18750.0
5444,Karnataka,Hubli,2021,Rabi,Rice,1320.81,37.6,35.6,Black,Tube Well,300.53,26.94,3479.47,8.42,54684.37,360590.0
5445,Karnataka,Hubli,2021,Rabi,Sugarcane,2069.01,26.7,65.1,Laterite,Drip,284.54,58.6,1651.83,7.74,59389.1,194660.0
5446,Karnataka,Hubli,2021,Rabi,Millets,660.5,27.8,65.4,Black,Drip,312.88,32.73,4522.9,6.12,50359.98,458205.0
5447,Karnataka,Hubli,2021,Zaid,Wheat,684.06,34.3,61.9,Laterite,Rain-fed,363.29,37.68,2095.22,5.27,36498.59,141764.0
5448,Karnataka,Hubli,2021,Rabi,Rice,1334.14,23.3,58.1,Black,Drip,152.23,41.41,2922.61,1.84,43059.21,91885.0
5449,Karnataka,Hubli,2021,Rabi,Maize,1333.65,36.0,71.4,Laterite,Drip,292.7,38.05,2602.08,6.93,56105.37,182576.0
5450,Karnataka,Hubli,2021,Rabi,Wheat,2089.81,26.7,85.0,Laterite,Tube Well,265.29,55.8,1997.9,3.72,45055.91,87282.0
5451,Karnataka,Hubli,2021,Zaid,Wheat,836.19,30.5,74.7,Laterite,Rain-fed,119.23,21.59,4780.79,1.83,24281.09,117630.0
5452,Karnataka,Hubli,2021,Rabi,Wheat,1017.01,22.4,65.3,Laterite,Tube Well,300.04,16.7,1941.46,8.44,63380.97,279367.0
5453,Karnataka,Hubli,2021,Zaid,Rice,1030.81,19.7,70.0,Black,Rain-fed,320.67,33.39,4475.79,2.54,37866.06,118327.0
5454,Karnataka,Hubli,2021,Kharif,Rice,826.0,18.8,83.8,Sandy,Rain-fed,229.66,23.94,2300.34,4.08,53170.43,161517.0
5455,Karnataka,Belagavi,2021,Rabi,Wheat,1365.03,29.4,42.2,Sandy,Rain-fed,182.62,32.88,4246.44,6.37,60534.32,348593.0
5456,Karnataka,Belagavi,2021,Zaid,Millets,1486.45,35.0,60.5,Red,Tube Well,403.66,7.87,4825.7,2.3,46613.42,140216.0
5457,Karnataka,Belagavi,2021,Rabi,Barley,769.99,27.5,88.8,Alluvial,Tube Well,428.62,8.93,1084.14,2.06,36580.93,40015.0
5458,Karnataka,Belagavi,2021,Kharif,Pulses,495.15,34.1,41.0,Sandy,Canal,69.81,49.12,4984.29,4.09,23498.21,196329.0
5459,Karnataka,Belagavi,2021,Rabi,Barley,1444.56,23.5,48.2,Black,Rain-fed,330.7,34.91,1641.81,3.37,45682.71,89157.0
5460,Karnataka,Belagavi,2021,Zaid,Cotton,1551.21,26.8,76.8,Alluvial,Canal,366.74,51.0,2817.71,5.8,42879.82,252203.00000000003
5461,Karnataka,Belagavi,2021,Zaid,Cotton,1999.58,28.4,89.8,Sandy,Tube Well,294.76,15.94,2467.73,8.44,54169.75,243092.99999999997
5462,Karnataka,Belagavi,2021,Rabi,Barley,2148.39,24.4,55.9,Alluvial,Canal,60.22,52.04,519.69,3.72,39882.82,33658.0
5463,Karnataka,Belagavi,2021,Kharif,Pulses,2155.64,18.6,52.8,Laterite,Tube Well,197.99,10.66,4267.42,6.15,47709.07,389847.0
5464,Karnataka,Belagavi,2021,Zaid,Wheat,1039.89,35.0,89.9,Red,Drip,243.43,41.21,1010.37,1.97,63072.63,16276.0
5465,Karnataka,Belagavi,2021,Kharif,Wheat,2050.76,36.1,58.4,Laterite,Sprinkler,148.26,38.49,4487.45,4.81,19310.82,376953.0
5466,Karnataka,Belagavi,2021,Kharif,Rice,424.16,31.6,74.9,Alluvial,Sprinkler,249.79,34.0,927.55,7.59,42552.58,113407.0
5467,Karnataka,Belagavi,2021,Kharif,Rice,1177.68,19.8,64.9,Alluvial,Sprinkler,62.48,50.39,1002.0,3.58,29514.49,60611.0
5468,Karnataka,Belagavi,2021,Zaid,Sugarcane,994.6,27.0,39.4,Red,Canal,412.44,54.49,148.47,6.02,30621.58,10078.0
5469,Karnataka,Belagavi,2021,Kharif,Rice,1749.33,27.0,64.1,Black,Drip,54.73,59.75,3297.07,7.99,43238.41,412525.0
5470,Karnataka,Belagavi,2021,Kharif,Pulses,1023.11,23.3,79.1,Red,Drip,308.5,19.17,938.5,6.85,21228.81,101762.0
5471,Karnataka,Belagavi,2021,Rabi,Wheat,653.89,28.3,70.0,Laterite,Sprinkler,131.13,43.08,1168.4,5.79,24660.87,63567.99999999999
5472,Karnataka,Belagavi,2021,Zaid,Wheat,2003.51,34.4,72.1,Sandy,Canal,243.41,41.02,1560.7,7.77,58041.21,98463.0
5473,Karnataka,Mangalore,2021,Rabi,Rice,1909.63,34.8,59.5,Sandy,Rain-fed,306.08,35.6,4055.38,7.3,37865.01,481045.0
5474,Karnataka,Mangalore,2021,Kharif,Pulses,770.96,36.5,51.0,Alluvial,Canal,310.26,45.1,1818.17,6.87,39154.02,127295.0
5475,Karnataka,Mangalore,2021,Kharif,Wheat,758.57,32.8,56.9,Black,Drip,83.4,26.54,2455.95,8.46,13274.45,170781.0
5476,Karnataka,Mangalore,2021,Rabi,Pulses,575.53,36.8,78.8,Red,Tube Well,208.04,48.98,3662.84,6.84,41487.92,425510.00000000006
5477,Karnataka,Mangalore,2021,Kharif,Sugarcane,1142.51,35.4,54.3,Black,Tube Well,387.66,5.71,1410.21,5.95,54768.34,132941.0
5478,Karnataka,Mangalore,2021,Zaid,Sugarcane,735.79,20.6,83.9,Red,Canal,293.55,56.87,2306.42,5.85,36591.34,125488.00000000001
5479,Karnataka,Mangalore,2021,Kharif,Wheat,1457.41,27.8,39.5,Sandy,Sprinkler,408.16,5.2,1013.44,2.93,45410.31,44625.0
5480,Karnataka,Mangalore,2021,Zaid,Barley,1033.55,27.4,81.2,Alluvial,Tube Well,277.3,24.71,1961.17,7.75,30812.35,269390.0
5481,Karnataka,Mangalore,2021,Zaid,Rice,779.6,35.8,47.2,Red,Drip,407.08,12.98,2847.95,3.38,50165.45,87340.0
5482,Karnataka,Mangalore,2021,Rabi,Sugarcane,630.03,33.4,83.3,Laterite,Canal,142.13,7.05,400.35,1.57,50795.39,6069.0
5483,Karnataka,Mangalore,2021,Rabi,Sugarcane,452.0,20.6,45.9,Red,Drip,50.7,23.6,2567.95,5.89,13398.67,124619.0
5484,Karnataka,Mangalore,2021,Zaid,Wheat,435.73,31.9,52.9,Alluvial,Rain-fed,207.14,16.65,2606.07,4.36,35062.9,109319.0
5485,Karnataka,Mangalore,2021,Rabi,Sugarcane,1348.22,23.6,47.7,Black,Canal,390.55,5.38,1217.06,3.77,34246.31,80011.0
5486,Karnataka,Mangalore,2021,Rabi,Wheat,1724.29,37.8,62.0,Laterite,Tube Well,355.77,56.17,3209.42,3.57,36268.72,119638.00000000001
5487,Karnataka,Mangalore,2021,Rabi,Cotton,1388.81,19.8,87.2,Alluvial,Rain-fed,87.85,13.04,138.5,8.3,31208.76,13713.999999999998
5488,Karnataka,Mangalore,2021,Zaid,Sugarcane,525.87,23.9,40.6,Black,Tube Well,285.72,35.85,3524.45,3.45,63263.13,142013.0
5489,Karnataka,Mangalore,2021,Zaid,Rice,1325.98,29.7,83.8,Red,Tube Well,351.15,34.46,1481.63,6.98,48992.67,137862.0
5490,Karnataka,Mangalore,2021,Rabi,Sugarcane,1303.09,21.7,65.0,Sandy,Rain-fed,184.25,8.8,3820.91,1.56,27202.64,53088.0
5491,Tamil Nadu,Chennai,2021,Kharif,Rice,1950.02,25.4,66.2,Sandy,Tube Well,212.12,34.72,2437.42,1.43,58101.81,32604.000000000004
5492,Tamil Nadu,Chennai,2021,Rabi,Wheat,830.14,25.3,37.2,Sandy,Rain-fed,316.72,47.99,2798.38,4.97,20726.92,143492.0
5493,Tamil Nadu,Chennai,2021,Zaid,Wheat,643.36,34.0,57.7,Laterite,Drip,266.26,7.49,2185.29,1.71,30152.78,44452.0
5494,Tamil Nadu,Chennai,2021,Kharif,Maize,886.58,23.7,77.4,Red,Rain-fed,432.54,23.35,2116.59,3.86,38025.28,102179.0
5495,Tamil Nadu,Chennai,2021,Zaid,Rice,2156.66,20.6,50.4,Sandy,Rain-fed,325.46,21.31,4648.0,6.18,36760.76,485083.0
5496,Tamil Nadu,Chennai,2021,Rabi,Cotton,1080.17,27.0,52.3,Laterite,Rain-fed,210.58,28.04,2551.8,8.09,38417.8,305722.0
5497,Tamil Nadu,Chennai,2021,Rabi,Wheat,1495.66,19.3,43.6,Alluvial,Canal,61.96,39.97,2330.53,5.86,13238.95,242471.99999999997
5498,Tamil Nadu,Chennai,2021,Zaid,Wheat,1172.11,23.9,37.9,Sandy,Canal,355.57,47.71,810.19,3.81,51971.67,36946.0
5499,Tamil Nadu,Chennai,2021,Rabi,Wheat,1792.34,28.7,81.4,Red,Canal,89.48,33.88,2751.17,5.61,32532.15,268360.0
5500,Tamil Nadu,Chennai,2021,Zaid,Rice,724.53,37.9,44.6,Black,Canal,107.78,27.61,4770.93,4.3,44866.96,215338.0
5501,Tamil Nadu,Chennai,2021,Zaid,Millets,1681.43,32.8,69.3,Sandy,Tube Well,379.28,42.82,2836.14,4.34,39408.19,116136.99999999999
5502,Tamil Nadu,Chennai,2021,Zaid,Millets,981.6,32.4,57.7,Sandy,Rain-fed,198.35,20.99,4456.72,4.1,35844.26,232488.0
5503,Tamil Nadu,Chennai,2021,Zaid,Pulses,1461.54,26.9,41.0,Alluvial,Sprinkler,375.75,9.43,2656.35,7.81,48850.99,224521.99999999997
5504,Tamil Nadu,Chennai,2021,Rabi,Millets,432.55,26.7,47.0,Black,Drip,301.81,51.12,1382.41,4.45,49552.85,96431.0
5505,Tamil Nadu,Chennai,2021,Kharif,Barley,1744.05,20.2,57.9,Alluvial,Drip,184.7,41.16,3115.88,4.11,14511.58,191070.0
5506,Tamil Nadu,Chennai,2021,Rabi,Maize,2108.97,32.3,61.5,Alluvial,Drip,301.67,37.3,4452.36,6.38,33659.14,437745.0
5507,Tamil Nadu,Chennai,2021,Kharif,Maize,903.46,30.0,75.3,Red,Sprinkler,340.21,18.21,4111.93,3.28,48206.01,144255.0
5508,Tamil Nadu,Chennai,2021,Kharif,Maize,1016.78,35.1,87.7,Red,Canal,186.74,47.84,4036.55,3.03,28215.16,164121.0
5509,Tamil Nadu,Coimbatore,2021,Zaid,Wheat,1348.98,32.5,87.1,Alluvial,Rain-fed,291.66,47.12,722.04,1.46,15667.23,10471.0
5510,Tamil Nadu,Coimbatore,2021,Rabi,Cotton,1753.45,30.4,78.4,Black,Tube Well,354.7,44.49,2762.65,3.26,27018.8,118626.0
5511,Tamil Nadu,Coimbatore,2021,Zaid,Wheat,1154.76,26.9,70.6,Alluvial,Tube Well,309.6,20.13,4178.2,4.09,19568.54,204324.0
5512,Tamil Nadu,Coimbatore,2021,Kharif,Wheat,822.2,35.4,52.2,Alluvial,Canal,122.88,20.54,4948.26,8.15,36225.89,712504.0
5513,Tamil Nadu,Coimbatore,2021,Rabi,Millets,506.88,25.3,50.8,Black,Canal,393.89,26.64,3144.08,1.89,51895.4,98064.0
5514,Tamil Nadu,Coimbatore,2021,Zaid,Cotton,2032.36,21.1,77.6,Sandy,Tube Well,307.2,36.62,1061.84,1.86,21012.55,17627.0
5515,Tamil Nadu,Coimbatore,2021,Rabi,Rice,1250.0,28.5,57.9,Sandy,Sprinkler,123.22,54.15,4863.07,6.27,16795.19,368201.0
5516,Tamil Nadu,Coimbatore,2021,Rabi,Barley,890.82,31.4,70.0,Black,Sprinkler,185.23,5.98,3820.94,3.94,32518.82,235705.00000000003
5517,Tamil Nadu,Coimbatore,2021,Rabi,Pulses,810.02,37.9,76.6,Alluvial,Canal,313.89,31.83,1616.17,2.44,45354.12,34195.0
5518,Tamil Nadu,Coimbatore,2021,Rabi,Sugarcane,2047.27,26.2,54.3,Alluvial,Tube Well,165.57,58.44,1238.94,8.13,16885.09,94821.0
5519,Tamil Nadu,Coimbatore,2021,Zaid,Cotton,976.04,27.6,83.4,Laterite,Sprinkler,365.71,16.26,4026.34,6.64,42038.44,219103.00000000003
5520,Tamil Nadu,Coimbatore,2021,Kharif,Rice,432.59,18.8,46.5,Sandy,Tube Well,381.51,37.33,666.58,1.72,39209.91,17382.0
5521,Tamil Nadu,Coimbatore,2021,Zaid,Barley,1190.36,33.6,49.2,Alluvial,Rain-fed,388.77,37.86,3822.28,6.32,28975.15,299572.0
5522,Tamil Nadu,Coimbatore,2021,Zaid,Wheat,1089.78,32.8,56.5,Sandy,Rain-fed,67.44,20.63,2833.96,2.77,64403.75,84843.0
5523,Tamil Nadu,Coimbatore,2021,Kharif,Rice,1197.78,23.3,51.0,Black,Rain-fed,79.88,59.15,2682.58,5.18,18879.85,186338.0
5524,Tamil Nadu,Coimbatore,2021,Zaid,Pulses,660.33,22.6,46.3,Sandy,Canal,264.14,8.25,4257.51,6.78,38251.03,409228.0
5525,Tamil Nadu,Coimbatore,2021,Rabi,Cotton,1932.14,22.2,73.1,Alluvial,Tube Well,415.35,5.57,1157.05,1.22,61988.42,20219.0
5526,Tamil Nadu,Coimbatore,2021,Kharif,Barley,623.96,18.1,49.5,Black,Sprinkler,221.6,30.71,4322.19,4.37,15147.38,328589.0
5527,Tamil Nadu,Madurai,2021,Rabi,Maize,1839.92,19.1,45.0,Sandy,Rain-fed,68.46,10.92,1466.34,6.46,43891.1,86864.0
5528,Tamil Nadu,Madurai,2021,Rabi,Wheat,1433.14,36.1,88.7,Red,Tube Well,386.01,20.37,3148.2,5.68,56365.86,182351.0
5529,Tamil Nadu,Madurai,2021,Kharif,Wheat,1531.85,26.4,41.2,Black,Sprinkler,295.28,6.95,4490.58,4.99,20227.46,352599.0
5530,Tamil Nadu,Madurai,2021,Zaid,Maize,728.88,25.5,60.2,Red,Canal,180.34,32.32,765.95,6.25,29659.44,44619.0
5531,Tamil Nadu,Madurai,2021,Rabi,Rice,2108.87,35.1,69.6,Laterite,Tube Well,264.11,13.34,2105.08,4.13,57870.43,141491.0
5532,Tamil Nadu,Madurai,2021,Zaid,Millets,2096.64,33.4,60.6,Black,Sprinkler,415.4,32.74,701.85,7.43,39156.3,54972.0
5533,Tamil Nadu,Madurai,2021,Rabi,Millets,635.92,36.3,56.5,Red,Sprinkler,220.06,12.15,1739.58,4.91,40664.3,100442.0
5534,Tamil Nadu,Madurai,2021,Kharif,Sugarcane,1121.27,35.1,70.1,Sandy,Canal,222.61,8.61,3534.7,6.65,60651.92,189978.0
5535,Tamil Nadu,Madurai,2021,Rabi,Cotton,1566.6,23.1,83.1,Sandy,Drip,266.35,9.86,4267.32,1.71,63094.92,58839.0
5536,Tamil Nadu,Madurai,2021,Kharif,Pulses,1606.55,24.0,64.8,Laterite,Sprinkler,311.06,35.51,3951.98,3.61,33075.14,153423.0
5537,Tamil Nadu,Madurai,2021,Zaid,Cotton,793.38,37.2,79.0,Sandy,Sprinkler,205.99,10.39,2656.38,8.32,21906.61,256142.0
5538,Tamil Nadu,Madurai,2021,Zaid,Rice,2137.92,25.7,54.5,Black,Tube Well,316.81,17.72,4099.04,2.29,47734.43,113301.0
5539,Tamil Nadu,Madurai,2021,Kharif,Wheat,868.48,32.3,53.0,Sandy,Rain-fed,423.17,6.17,3731.04,6.17,49660.56,200039.0
5540,Tamil Nadu,Madurai,2021,Kharif,Rice,1672.33,28.2,51.0,Red,Drip,336.08,20.37,4917.38,7.7,31189.18,572406.0
5541,Tamil Nadu,Madurai,2021,Zaid,Pulses,1463.6,30.6,43.7,Sandy,Drip,112.39,27.16,2955.29,2.24,52493.07,67663.0
5542,Tamil Nadu,Madurai,2021,Zaid,Rice,2153.29,26.7,64.6,Alluvial,Canal,271.02,24.05,583.28,1.51,49282.83,9019.0
5543,Tamil Nadu,Madurai,2021,Zaid,Sugarcane,730.06,34.4,54.4,Black,Drip,408.75,6.25,3842.31,3.3,57330.41,202235.0
5544,Tamil Nadu,Madurai,2021,Rabi,Cotton,1760.01,33.9,36.0,Black,Sprinkler,402.22,38.8,2571.14,5.27,58646.16,220419.0
5545,Tamil Nadu,Salem,2021,Rabi,Sugarcane,1490.01,23.4,70.2,Sandy,Sprinkler,209.46,34.9,1839.2,2.19,47194.7,38564.0
5546,Tamil Nadu,Salem,2021,Rabi,Rice,878.53,31.5,77.1,Laterite,Sprinkler,145.04,47.53,1166.86,5.37,31118.98,87430.0
5547,Tamil Nadu,Salem,2021,Kharif,Rice,1236.85,21.2,35.8,Laterite,Drip,74.63,28.95,2480.98,5.27,53583.92,183040.0
5548,Tamil Nadu,Salem,2021,Kharif,Barley,796.18,34.4,40.3,Alluvial,Sprinkler,407.74,15.08,4594.35,8.33,36810.96,580796.0
5549,Tamil Nadu,Salem,2021,Kharif,Cotton,895.04,27.9,66.9,Black,Rain-fed,56.75,13.26,593.91,7.4,27339.68,60176.0
5550,Tamil Nadu,Salem,2021,Kharif,Pulses,2072.07,27.1,43.4,Black,Tube Well,396.83,15.95,635.99,2.75,21498.4,29124.0
5551,Tamil Nadu,Salem,2021,Kharif,Sugarcane,2075.74,24.9,37.3,Laterite,Rain-fed,362.68,40.21,1084.88,6.17,53222.93,53561.0
5552,Tamil Nadu,Salem,2021,Zaid,Millets,1377.58,25.2,38.3,Laterite,Rain-fed,334.15,56.41,3159.45,6.46,22493.4,177376.0
5553,Tamil Nadu,Salem,2021,Kharif,Pulses,527.71,20.6,83.6,Sandy,Drip,448.74,46.01,4085.41,3.31,29097.46,180887.0
5554,Tamil Nadu,Salem,2021,Kharif,Maize,2140.01,21.3,85.3,Sandy,Canal,366.2,26.53,4776.51,3.78,48274.41,299687.0
5555,Tamil Nadu,Salem,2021,Rabi,Millets,1268.23,36.5,74.2,Black,Drip,275.64,6.15,4823.96,4.6,49152.91,180060.0
5556,Tamil Nadu,Salem,2021,Zaid,Pulses,1865.58,36.3,39.2,Alluvial,Sprinkler,230.65,32.14,3095.32,4.59,26939.24,191292.0
5557,Tamil Nadu,Salem,2021,Zaid,Maize,758.59,29.3,80.1,Alluvial,Tube Well,213.51,5.94,1610.18,3.25,12950.1,92761.0
5558,Tamil Nadu,Salem,2021,Kharif,Barley,492.12,25.2,68.9,Alluvial,Canal,408.35,12.04,1107.88,7.38,54093.59,136066.0
5559,Tamil Nadu,Salem,2021,Kharif,Maize,1716.8,24.5,62.7,Laterite,Drip,113.53,55.35,519.29,6.36,40402.6,52533.00000000001
5560,Tamil Nadu,Salem,2021,Zaid,Cotton,1632.07,23.4,38.9,Red,Sprinkler,293.32,27.63,1154.31,1.31,25864.98,24578.0
5561,Tamil Nadu,Salem,2021,Kharif,Millets,1337.58,22.5,52.5,Sandy,Canal,67.75,53.02,4876.67,5.77,45714.29,293217.0
5562,Tamil Nadu,Salem,2021,Kharif,Rice,1630.62,25.6,50.3,Laterite,Sprinkler,286.66,55.49,216.62,2.18,42638.69,5271.0
5563,Tamil Nadu,Tiruchirappalli,2021,Zaid,Pulses,1300.83,30.7,56.7,Black,Canal,229.69,24.46,4220.12,7.73,22071.25,468571.0
5564,Tamil Nadu,Tiruchirappalli,2021,Kharif,Maize,490.37,26.4,65.1,Sandy,Canal,369.21,5.73,1151.84,7.11,39041.39,93098.0
5565,Tamil Nadu,Tiruchirappalli,2021,Rabi,Sugarcane,850.48,27.4,52.4,Alluvial,Canal,377.55,56.11,4342.48,7.33,60075.55,300737.0
5566,Tamil Nadu,Tiruchirappalli,2021,Rabi,Sugarcane,1389.94,20.3,63.8,Alluvial,Drip,119.25,47.04,3992.26,1.51,18794.81,96038.0
5567,Tamil Nadu,Tiruchirappalli,2021,Zaid,Wheat,1983.7,33.1,67.3,Sandy,Tube Well,206.87,14.49,1556.0,6.92,47271.77,130006.0
5568,Tamil Nadu,Tiruchirappalli,2021,Kharif,Millets,429.78,18.4,51.0,Laterite,Sprinkler,201.14,8.97,1860.65,2.2,59527.92,39019.0
5569,Tamil Nadu,Tiruchirappalli,2021,Rabi,Rice,1451.51,25.1,61.7,Sandy,Canal,377.04,48.19,1591.99,6.04,50667.37,101049.0
5570,Tamil Nadu,Tiruchirappalli,2021,Rabi,Barley,979.94,32.4,62.3,Laterite,Canal,347.14,13.06,819.25,1.61,44586.34,17450.0
5571,Tamil Nadu,Tiruchirappalli,2021,Kharif,Rice,1959.25,35.4,59.4,Laterite,Canal,73.0,5.73,1420.15,6.84,41378.62,156369.0
5572,Tamil Nadu,Tiruchirappalli,2021,Rabi,Wheat,675.2,18.6,45.4,Black,Rain-fed,199.42,28.76,2376.8,7.48,28799.84,162706.0
5573,Tamil Nadu,Tiruchirappalli,2021,Zaid,Maize,1526.5,32.7,51.6,Sandy,Canal,362.32,54.67,241.18,4.37,29127.54,13243.0
5574,Tamil Nadu,Tiruchirappalli,2021,Rabi,Pulses,1827.48,30.5,69.3,Black,Rain-fed,283.95,32.01,1876.64,8.17,59468.08,140678.0
5575,Tamil Nadu,Tiruchirappalli,2021,Kharif,Wheat,1294.98,23.9,43.7,Alluvial,Canal,114.59,47.96,4948.26,6.9,51396.55,545636.0
5576,Tamil Nadu,Tiruchirappalli,2021,Kharif,Cotton,979.69,36.6,44.7,Laterite,Sprinkler,102.42,39.28,3817.0,2.18,59978.7,88544.0
5577,Tamil Nadu,Tiruchirappalli,2021,Kharif,Sugarcane,1693.37,24.6,63.1,Black,Rain-fed,126.88,53.26,446.78,4.93,33755.53,17877.0
5578,Tamil Nadu,Tiruchirappalli,2021,Rabi,Rice,1568.47,29.9,71.0,Laterite,Drip,137.36,17.8,576.12,5.36,58961.94,47536.0
5579,Tamil Nadu,Tiruchirappalli,2021,Kharif,Wheat,1623.42,22.0,38.9,Sandy,Tube Well,385.0,46.91,2122.76,7.49,33864.51,155037.0
5580,Tamil Nadu,Tiruchirappalli,2021,Zaid,Pulses,1357.53,26.1,87.1,Black,Sprinkler,365.2,43.92,4326.52,4.88,22012.71,375350.0
5581,Rajasthan,Jaipur,2021,Rabi,Millets,1859.85,33.2,50.1,Alluvial,Rain-fed,209.14,42.11,1484.85,6.54,27627.39,125570.0
5582,Rajasthan,Jaipur,2021,Zaid,Barley,1519.35,22.5,86.5,Alluvial,Sprinkler,124.96,50.21,454.03,7.11,59311.36,31083.999999999996
5583,Rajasthan,Jaipur,2021,Zaid,Rice,1855.61,29.3,39.6,Alluvial,Tube Well,237.94,6.58,2919.36,6.22,21906.74,233786.0
5584,Rajasthan,Jaipur,2021,Zaid,Pulses,1127.88,28.4,87.5,Red,Rain-fed,274.39,49.92,2240.56,2.33,49695.74,67306.0
5585,Rajasthan,Jaipur,2021,Zaid,Cotton,595.05,34.8,54.8,Sandy,Drip,164.39,57.11,4237.18,7.63,59295.85,367233.0
5586,Rajasthan,Jaipur,2021,Zaid,Cotton,2091.57,19.5,43.0,Red,Rain-fed,265.48,57.15,2578.12,1.3,17025.46,32876.0
5587,Rajasthan,Jaipur,2021,Zaid,Cotton,1601.53,24.3,86.1,Sandy,Canal,179.89,26.48,271.03,4.46,48991.29,21233.0
5588,Rajasthan,Jaipur,2021,Rabi,Sugarcane,593.71,23.3,85.7,Black,Canal,198.65,32.41,371.37,6.52,30858.82,25457.0
5589,Rajasthan,Jaipur,2021,Rabi,Maize,1434.98,22.8,79.8,Black,Drip,218.92,10.46,3807.82,3.06,21831.75,161059.0
5590,Rajasthan,Jaipur,2021,Kharif,Millets,458.58,31.1,86.1,Black,Drip,289.62,11.67,1169.61,6.18,57800.53,124226.0
5591,Rajasthan,Jaipur,2021,Rabi,Maize,1192.15,37.0,58.8,Red,Drip,190.45,19.0,841.24,6.3,16614.97,91864.0
5592,Rajasthan,Jaipur,2021,Kharif,Maize,829.41,29.2,62.9,Red,Canal,440.84,57.01,3806.83,2.45,37576.52,120400.0
5593,Rajasthan,Jaipur,2021,Rabi,Millets,1937.55,32.6,82.4,Red,Sprinkler,87.38,50.47,1910.29,2.87,33301.37,78865.0
5594,Rajasthan,Jaipur,2021,Zaid,Rice,1410.24,21.8,61.3,Red,Tube Well,271.41,47.18,760.69,4.7,27404.21,57783.00000000001
5595,Rajasthan,Jaipur,2021,Kharif,Pulses,623.66,21.1,38.6,Laterite,Rain-fed,326.13,41.6,1825.57,5.14,55705.19,153170.0
5596,Rajasthan,Jaipur,2021,Kharif,Maize,1583.54,19.0,70.4,Alluvial,Tube Well,139.8,51.78,2022.41,1.5,39129.77,27554.000000000004
5597,Rajasthan,Jaipur,2021,Kharif,Wheat,940.05,23.8,84.2,Alluvial,Tube Well,267.66,41.19,4026.56,2.88,27860.26,98488.0
5598,Rajasthan,Jaipur,2021,Rabi,Wheat,631.13,28.0,48.3,Black,Sprinkler,389.89,47.24,375.26,1.78,47982.23,11796.0
5599,Rajasthan,Jodhpur,2021,Zaid,Pulses,1326.01,19.3,37.8,Red,Canal,412.3,31.33,2950.93,5.99,38275.79,228048.99999999997
5600,Rajasthan,Jodhpur,2021,Rabi,Barley,1092.52,34.6,57.3,Red,Rain-fed,269.26,53.06,4900.11,7.18,52398.48,471791.0
5601,Rajasthan,Jodhpur,2021,Zaid,Maize,916.37,19.2,50.0,Red,Rain-fed,296.65,32.89,2079.77,7.42,23773.75,188712.0
5602,Rajasthan,Jodhpur,2021,Rabi,Rice,709.85,24.6,44.8,Black,Rain-fed,406.7,28.19,4820.18,8.07,24583.08,353429.0
5603,Rajasthan,Jodhpur,2021,Rabi,Cotton,565.29,27.3,64.6,Sandy,Rain-fed,135.13,15.04,485.36,3.97,40560.51,17520.0
5604,Rajasthan,Jodhpur,2021,Kharif,Wheat,1925.41,25.8,51.4,Alluvial,Rain-fed,435.65,34.0,1770.37,6.65,43262.1,202335.0
5605,Rajasthan,Jodhpur,2021,Kharif,Pulses,1574.97,25.5,89.2,Black,Rain-fed,349.58,35.5,2228.09,6.3,28044.88,226948.99999999997
5606,Rajasthan,Jodhpur,2021,Kharif,Maize,1354.92,28.4,61.1,Red,Sprinkler,414.42,23.25,1811.24,7.01,32900.01,162024.0
5607,Rajasthan,Jodhpur,2021,Rabi,Barley,611.35,21.7,38.6,Alluvial,Rain-fed,152.8,44.0,1438.91,8.09,38578.12,123240.00000000001
5608,Rajasthan,Jodhpur,2021,Kharif,Cotton,1241.8,34.0,38.8,Alluvial,Canal,341.72,56.64,2413.8,4.52,22153.19,185729.0
5609,Rajasthan,Jodhpur,2021,Rabi,Barley,571.3,35.3,72.2,Red,Sprinkler,365.53,28.91,3087.72,8.02,44520.61,363460.0
5610,Rajasthan,Jodhpur,2021,Rabi,Wheat,703.81,32.4,47.7,Black,Sprinkler,385.97,13.8,1663.27,4.97,25452.62,97020.0
5611,Rajasthan,Jodhpur,2021,Kharif,Sugarcane,2146.69,31.1,51.9,Red,Rain-fed,74.93,20.86,4857.04,4.07,63389.32,261378.00000000003
5612,Rajasthan,Jodhpur,2021,Zaid,Pulses,1184.14,21.9,68.5,Alluvial,Rain-fed,351.08,7.83,3387.59,4.65,29136.95,246476.00000000003
5613,Rajasthan,Jodhpur,2021,Rabi,Maize,883.76,20.7,87.9,Laterite,Canal,153.91,25.59,4740.88,5.44,22610.17,410607.0
5614,Rajasthan,Jodhpur,2021,Zaid,Millets,2066.02,28.9,74.2,Red,Tube Well,126.9,50.32,4383.89,5.51,54101.49,198551.0
5615,Rajasthan,Jodhpur,2021,Rabi,Millets,2150.63,27.4,86.6,Alluvial,Canal,111.65,6.34,4373.99,4.83,36222.86,373605.0
5616,Rajasthan,Jodhpur,2021,Zaid,Cotton,1829.16,36.5,37.9,Red,Tube Well,248.89,34.8,4777.14,2.92,17825.52,247902.0
5617,Rajasthan,Udaipur,2021,Zaid,Pulses,667.93,35.7,43.9,Sandy,Canal,95.76,21.08,907.92,1.45,63478.86,11760.0
5618,Rajasthan,Udaipur,2021,Zaid,Maize,1792.44,34.6,68.2,Black,Canal,150.8,35.91,3280.47,2.18,50791.26,122679.0
5619,Rajasthan,Udaipur,2021,Rabi,Pulses,1437.78,24.2,58.2,Black,Tube Well,125.3,35.91,3777.84,6.64,63319.49,368819.0
5620,Rajasthan,Udaipur,2021,Kharif,Barley,2033.93,36.2,40.6,Laterite,Canal,236.87,53.79,3146.11,1.58,54331.33,86354.0
5621,Rajasthan,Udaipur,2021,Rabi,Rice,1478.97,22.7,47.5,Black,Tube Well,356.78,38.57,4051.13,6.25,50933.8,435312.0
5622,Rajasthan,Udaipur,2021,Kharif,Cotton,1173.54,29.4,74.2,Laterite,Tube Well,278.77,23.97,3618.53,2.52,43220.12,144290.0
5623,Rajasthan,Udaipur,2021,Kharif,Rice,736.09,24.4,78.1,Alluvial,Tube Well,407.06,5.62,4018.18,4.23,15088.41,301211.0
5624,Rajasthan,Udaipur,2021,Rabi,Sugarcane,993.67,23.6,37.6,Sandy,Rain-fed,347.51,36.97,3555.21,1.63,57549.1,73666.0
5625,Rajasthan,Udaipur,2021,Rabi,Barley,885.59,34.7,67.7,Sandy,Rain-fed,110.79,48.69,4843.12,2.89,25428.97,236467.99999999997
5626,Rajasthan,Udaipur,2021,Zaid,Cotton,1131.77,19.2,41.9,Laterite,Rain-fed,430.48,41.59,2271.99,3.2,31243.59,63169.00000000001
5627,Rajasthan,Udaipur,2021,Kharif,Pulses,1417.98,20.7,71.9,Sandy,Drip,239.43,12.02,1159.02,3.39,46928.31,66563.0
5628,Rajasthan,Udaipur,2021,Rabi,Cotton,1878.67,22.8,82.8,Red,Drip,59.37,30.37,1016.0,7.53,54903.22,100425.0
5629,Rajasthan,Udaipur,2021,Kharif,Rice,1088.98,30.2,45.4,Laterite,Drip,155.15,35.3,3085.86,2.92,37668.88,107834.99999999999
5630,Rajasthan,Udaipur,2021,Rabi,Cotton,1342.28,33.7,60.2,Black,Drip,359.06,13.18,675.45,7.04,37488.43,62687.0
5631,Rajasthan,Udaipur,2021,Kharif,Cotton,1179.33,19.0,55.7,Laterite,Canal,140.75,33.25,3167.05,1.24,29534.24,42089.0
5632,Rajasthan,Udaipur,2021,Kharif,Sugarcane,1498.42,30.5,56.7,Laterite,Canal,72.05,31.71,2906.33,3.08,52678.25,90821.0
5633,Rajasthan,Udaipur,2021,Rabi,Millets,1215.65,36.8,84.3,Sandy,Tube Well,103.53,30.08,454.63,2.95,41653.1,16502.0
5634,Rajasthan,Udaipur,2021,Zaid,Rice,421.58,21.7,42.6,Red,Rain-fed,153.63,10.45,1189.54,2.37,16392.9,39829.0
5635,Rajasthan,Kota,2021,Rabi,Sugarcane,2090.39,20.9,69.9,Sandy,Canal,245.41,5.52,120.89,5.71,12341.1,7598.0
5636,Rajasthan,Kota,2021,Kharif,Cotton,526.12,29.7,64.1,Red,Canal,337.13,51.21,2154.92,1.57,62025.67,50677.0
5637,Rajasthan,Kota,2021,Zaid,Pulses,2160.32,36.0,39.4,Alluvial,Sprinkler,130.79,7.54,2367.93,2.9,31803.04,67787.0
5638,Rajasthan,Kota,2021,Zaid,Maize,808.18,34.4,57.5,Sandy,Canal,97.48,59.3,3029.15,5.43,63708.05,252441.0
5639,Rajasthan,Kota,2021,Kharif,Millets,1793.98,24.2,88.4,Alluvial,Rain-fed,164.87,49.95,3283.64,3.0,30235.87,167452.0
5640,Rajasthan,Kota,2021,Rabi,Barley,487.98,22.3,69.9,Sandy,Tube Well,117.2,53.55,4643.64,7.29,53524.06,374616.0
5641,Rajasthan,Kota,2021,Rabi,Maize,2115.21,19.7,54.3,Sandy,Tube Well,344.68,17.65,365.83,6.33,49654.98,35580.0
5642,Rajasthan,Kota,2021,Zaid,Wheat,1405.89,28.1,83.3,Black,Tube Well,90.05,33.16,2148.18,7.73,44713.25,262798.0
5643,Rajasthan,Kota,2021,Kharif,Sugarcane,1427.9,32.8,83.5,Alluvial,Canal,284.54,23.11,2509.49,1.42,14722.02,60379.99999999999
5644,Rajasthan,Kota,2021,Zaid,Cotton,1372.67,36.3,41.5,Black,Drip,377.47,56.25,2691.57,1.85,58840.16,82052.0
5645,Rajasthan,Kota,2021,Kharif,Rice,780.98,26.6,72.7,Red,Sprinkler,313.99,20.89,764.74,6.99,48850.38,79753.0
5646,Rajasthan,Kota,2021,Kharif,Sugarcane,1277.77,34.1,37.4,Alluvial,Drip,161.52,30.57,1013.57,7.9,60669.59,131134.0
5647,Rajasthan,Kota,2021,Zaid,Wheat,2086.82,35.6,38.9,Laterite,Drip,159.75,7.3,1409.83,2.86,44518.57,51134.0
5648,Rajasthan,Kota,2021,Zaid,Rice,599.0,36.2,36.1,Black,Canal,295.24,20.21,4229.5,4.88,16235.6,227873.99999999997
5649,Rajasthan,Kota,2021,Rabi,Rice,705.29,25.5,79.7,Red,Canal,151.51,20.8,2687.87,6.68,15665.96,305973.0
5650,Rajasthan,Kota,2021,Kharif,Pulses,1879.25,18.4,68.7,Red,Drip,427.21,45.81,4556.95,4.02,55796.37,160104.0
5651,Rajasthan,Kota,2021,Kharif,Rice,1008.79,34.7,68.1,Black,Rain-fed,387.39,19.26,1238.44,2.18,50970.35,39044.0
5652,Rajasthan,Kota,2021,Zaid,Barley,835.97,35.8,61.3,Black,Sprinkler,434.9,47.5,2202.99,6.53,56364.16,130067.0
5653,Rajasthan,Ajmer,2021,Zaid,Rice,1157.1,35.8,44.2,Black,Rain-fed,319.59,54.94,2266.67,6.65,22557.41,202611.0
5654,Rajasthan,Ajmer,2021,Kharif,Wheat,820.76,23.7,76.3,Laterite,Rain-fed,66.15,53.67,909.22,8.17,55632.94,108579.0
5655,Rajasthan,Ajmer,2021,Zaid,Barley,1604.7,27.1,55.1,Alluvial,Drip,75.84,13.03,3743.08,7.88,28610.5,300737.0
5656,Rajasthan,Ajmer,2021,Zaid,Sugarcane,1545.07,24.5,53.3,Alluvial,Drip,167.07,10.97,2974.37,1.23,15834.77,59313.0
5657,Rajasthan,Ajmer,2021,Rabi,Maize,857.16,18.2,37.6,Red,Tube Well,115.67,57.84,2585.36,6.91,22672.13,191481.0
5658,Rajasthan,Ajmer,2021,Zaid,Barley,760.69,29.9,81.4,Red,Canal,310.01,25.84,2897.25,5.21,61394.7,164065.0
5659,Rajasthan,Ajmer,2021,Kharif,Barley,2133.0,34.8,51.6,Alluvial,Canal,213.21,25.28,1723.99,1.89,47143.16,31026.0
5660,Rajasthan,Ajmer,2021,Kharif,Maize,1346.33,22.1,78.5,Laterite,Rain-fed,281.25,41.2,4568.08,3.15,27725.91,162306.0
5661,Rajasthan,Ajmer,2021,Kharif,Maize,1872.01,31.6,42.8,Alluvial,Canal,267.94,15.79,2490.57,5.44,26512.55,112471.0
5662,Rajasthan,Ajmer,2021,Rabi,Wheat,1991.31,24.6,64.2,Sandy,Tube Well,411.31,56.29,2422.99,1.57,61745.12,57946.0
5663,Rajasthan,Ajmer,2021,Zaid,Cotton,942.65,37.5,43.4,Sandy,Tube Well,427.42,50.29,2953.52,7.26,39741.76,342197.0
5664,Rajasthan,Ajmer,2021,Rabi,Millets,1450.24,27.1,79.7,Laterite,Drip,143.58,21.14,4359.02,3.53,34920.93,259642.99999999997
5665,Rajasthan,Ajmer,2021,Rabi,Maize,1849.13,31.3,74.9,Sandy,Canal,176.34,47.54,3392.95,1.44,48475.72,61448.0
5666,Rajasthan,Ajmer,2021,Rabi,Pulses,1223.02,28.6,89.7,Laterite,Drip,64.26,46.1,1603.13,4.55,15365.1,77401.0
5667,Rajasthan,Ajmer,2021,Zaid,Millets,1621.36,31.9,49.8,Laterite,Canal,377.75,43.72,818.74,1.23,48218.84,9749.0
5668,Rajasthan,Ajmer,2021,Kharif,Millets,2105.09,33.5,82.2,Red,Canal,335.78,31.33,3648.08,6.75,54254.2,360256.0
5669,Rajasthan,Ajmer,2021,Kharif,Rice,1816.22,32.4,54.8,Laterite,Rain-fed,141.76,14.78,812.87,2.97,19151.05,40662.0
5670,Rajasthan,Ajmer,2021,Zaid,Cotton,659.05,30.5,75.0,Alluvial,Drip,262.34,47.86,1109.68,1.64,59927.94,25014.0
5671,West Bengal,Kolkata,2021,Rabi,Cotton,668.38,24.2,45.4,Laterite,Tube Well,298.37,46.67,284.3,4.25,49294.3,12937.0
5672,West Bengal,Kolkata,2021,Rabi,Maize,1189.19,25.0,45.8,Laterite,Canal,103.52,56.51,1129.03,6.64,55836.61,101775.0
5673,West Bengal,Kolkata,2021,Kharif,Cotton,1109.13,22.7,70.5,Black,Tube Well,340.46,7.67,854.15,2.97,35450.09,23150.0
5674,West Bengal,Kolkata,2021,Kharif,Cotton,420.04,36.6,45.6,Sandy,Sprinkler,96.73,37.47,3229.55,6.58,54310.83,221380.00000000003
5675,West Bengal,Kolkata,2021,Rabi,Rice,2126.78,33.1,82.8,Alluvial,Drip,228.69,28.58,3409.23,7.76,56960.74,469596.0
5676,West Bengal,Kolkata,2021,Kharif,Rice,1320.92,36.9,85.8,Sandy,Tube Well,293.27,12.64,2918.15,2.05,16475.51,72277.0
5677,West Bengal,Kolkata,2021,Kharif,Rice,1393.28,30.2,65.2,Red,Rain-fed,170.44,5.43,3998.06,7.67,22320.07,544862.0
5678,West Bengal,Kolkata,2021,Kharif,Pulses,1461.94,32.5,45.8,Alluvial,Tube Well,229.64,5.61,4429.25,6.36,49002.49,455264.99999999994
5679,West Bengal,Kolkata,2021,Kharif,Cotton,1929.8,18.0,44.5,Laterite,Canal,106.86,24.93,2509.87,3.0,55226.44,95160.0
5680,West Bengal,Kolkata,2021,Zaid,Wheat,1100.48,34.1,86.5,Black,Drip,347.27,9.7,1239.76,7.12,23869.71,84936.0
5681,West Bengal,Kolkata,2021,Kharif,Pulses,1677.4,22.5,72.8,Laterite,Tube Well,338.3,19.27,1118.04,4.34,56863.52,58184.0
5682,West Bengal,Kolkata,2021,Kharif,Cotton,1988.07,35.1,39.4,Black,Sprinkler,208.18,58.09,909.94,3.49,60125.18,54612.0
5683,West Bengal,Kolkata,2021,Rabi,Millets,657.6,31.8,64.6,Alluvial,Tube Well,155.05,36.47,3645.08,6.31,14619.71,391661.0
5684,West Bengal,Kolkata,2021,Zaid,Sugarcane,1444.92,19.6,54.2,Alluvial,Tube Well,88.27,39.65,3733.01,1.71,57750.36,110854.0
5685,West Bengal,Kolkata,2021,Kharif,Pulses,760.12,35.2,66.6,Alluvial,Sprinkler,314.29,24.91,3336.75,6.85,46098.8,228830.00000000003
5686,West Bengal,Kolkata,2021,Kharif,Maize,1405.16,31.1,48.1,Sandy,Canal,110.33,20.13,3057.7,1.27,16243.64,68117.0
5687,West Bengal,Kolkata,2021,Kharif,Wheat,1709.05,26.3,81.0,Black,Rain-fed,418.59,11.72,3166.48,4.46,36203.73,196176.0
5688,West Bengal,Kolkata,2021,Zaid,Barley,1675.78,31.0,72.8,Sandy,Sprinkler,292.04,14.37,2664.03,5.5,22661.02,194602.0
5689,West Bengal,Howrah,2021,Rabi,Barley,1316.11,20.1,74.1,Black,Rain-fed,200.88,44.7,1044.01,1.6,28971.78,20815.0
5690,West Bengal,Howrah,2021,Rabi,Cotton,952.49,32.8,44.8,Laterite,Sprinkler,266.05,54.35,4466.82,2.33,31266.04,168833.0
5691,West Bengal,Howrah,2021,Rabi,Rice,1271.84,28.7,81.3,Laterite,Canal,112.89,30.22,1007.65,2.95,44633.18,24441.0
5692,West Bengal,Howrah,2021,Zaid,Maize,2177.06,29.7,47.6,Alluvial,Drip,214.17,51.48,674.21,2.52,55919.36,18618.0
5693,West Bengal,Howrah,2021,Zaid,Cotton,2165.85,19.9,61.4,Black,Sprinkler,51.62,42.02,2491.87,2.66,38498.5,84866.0
5694,West Bengal,Howrah,2021,Zaid,Barley,935.79,23.2,80.2,Red,Tube Well,158.69,55.89,312.26,5.17,57030.8,25851.0
5695,West Bengal,Howrah,2021,Rabi,Barley,739.42,32.0,72.7,Black,Rain-fed,149.71,43.64,472.15,2.29,32544.69,11903.0
5696,West Bengal,Howrah,2021,Kharif,Cotton,1862.67,20.4,60.9,Alluvial,Tube Well,420.53,40.54,3273.86,6.69,44907.94,354505.0
5697,West Bengal,Howrah,2021,Rabi,Maize,1702.04,36.2,82.6,Alluvial,Tube Well,119.41,14.94,142.68,6.89,55366.22,12982.0
5698,West Bengal,Howrah,2021,Zaid,Cotton,1433.56,28.6,49.6,Laterite,Rain-fed,81.99,12.7,1287.92,6.73,28979.1,134709.0
5699,West Bengal,Howrah,2021,Kharif,Cotton,2089.71,18.5,66.3,Alluvial,Sprinkler,429.27,16.59,844.05,4.29,13084.67,36463.0
5700,West Bengal,Howrah,2021,Rabi,Rice,2176.39,36.5,79.0,Alluvial,Drip,250.2,7.08,1364.14,2.76,45159.78,44101.0
5701,West Bengal,Howrah,2021,Zaid,Barley,1126.35,22.7,41.2,Alluvial,Rain-fed,323.06,22.76,4885.98,7.05,12445.76,431084.0
5702,West Bengal,Howrah,2021,Rabi,Barley,760.22,24.3,62.4,Laterite,Rain-fed,143.05,46.22,2782.97,5.12,59083.12,147607.0
5703,West Bengal,Howrah,2021,Kharif,Sugarcane,792.51,29.9,73.2,Black,Drip,304.86,36.35,4721.94,3.5,60514.57,281609.0
5704,West Bengal,Howrah,2021,Rabi,Cotton,1622.87,32.8,89.2,Black,Drip,128.85,44.58,4376.85,4.07,51793.9,280238.0
5705,West Bengal,Howrah,2021,Rabi,Wheat,689.15,36.0,62.4,Red,Sprinkler,85.77,55.21,2419.36,5.17,55853.01,149303.0
5706,West Bengal,Howrah,2021,Rabi,Pulses,2181.85,37.4,79.6,Red,Canal,366.77,42.93,1946.51,5.56,33107.88,189046.0
5707,West Bengal,Darjeeling,2021,Zaid,Maize,1264.43,35.6,75.7,Laterite,Canal,91.26,44.36,2163.26,4.09,62369.14,90811.0
5708,West Bengal,Darjeeling,2021,Zaid,Pulses,1006.26,25.1,74.1,Laterite,Canal,91.57,20.01,537.43,3.23,60847.54,26010.000000000004
5709,West Bengal,Darjeeling,2021,Kharif,Cotton,967.09,30.2,41.9,Alluvial,Canal,305.19,35.53,861.57,3.79,39279.53,34850.0
5710,West Bengal,Darjeeling,2021,Rabi,Rice,1608.34,29.5,53.9,Sandy,Canal,315.62,45.0,3692.76,6.08,17393.15,248105.00000000003
5711,West Bengal,Darjeeling,2021,Rabi,Rice,461.78,32.7,73.5,Red,Rain-fed,413.66,24.61,2936.94,6.91,33138.47,221551.00000000003
5712,West Bengal,Darjeeling,2021,Zaid,Barley,1069.51,29.0,51.0,Laterite,Drip,217.07,12.48,3622.74,3.51,40326.52,133936.0
5713,West Bengal,Darjeeling,2021,Rabi,Maize,486.31,18.9,72.8,Laterite,Tube Well,203.38,6.23,785.83,4.98,47751.6,48384.0
5714,West Bengal,Darjeeling,2021,Zaid,Rice,1451.36,19.0,66.8,Red,Drip,236.38,18.62,2287.39,3.73,31147.86,134682.0
5715,West Bengal,Darjeeling,2021,Kharif,Rice,1624.06,29.9,81.8,Black,Sprinkler,441.96,29.45,551.58,4.12,54864.3,22789.0
5716,West Bengal,Darjeeling,2021,Zaid,Sugarcane,2150.04,29.2,44.2,Laterite,Rain-fed,403.9,40.77,2728.23,5.85,22649.45,232794.0
5717,West Bengal,Darjeeling,2021,Kharif,Sugarcane,2174.48,27.1,42.2,Alluvial,Tube Well,191.74,10.43,481.15,7.53,29336.0,55825.0
5718,West Bengal,Darjeeling,2021,Rabi,Rice,2155.36,35.1,66.4,Sandy,Rain-fed,150.77,41.64,4874.5,5.24,27870.93,366432.0
5719,West Bengal,Darjeeling,2021,Zaid,Pulses,843.01,22.2,39.7,Red,Canal,123.89,17.01,2099.14,7.21,48734.69,218967.99999999997
5720,West Bengal,Darjeeling,2021,Rabi,Barley,1432.08,27.1,43.6,Alluvial,Drip,396.04,26.85,3820.96,3.14,28303.59,181373.0
5721,West Bengal,Darjeeling,2021,Rabi,Millets,968.11,20.5,85.0,Alluvial,Drip,213.73,22.76,2497.49,1.52,57119.0,49667.0
5722,West Bengal,Darjeeling,2021,Zaid,Sugarcane,1263.31,32.9,65.6,Laterite,Rain-fed,333.04,24.89,2062.11,7.54,30961.76,163758.0
5723,West Bengal,Darjeeling,2021,Zaid,Sugarcane,1763.11,30.4,66.9,Alluvial,Tube Well,286.47,39.09,1491.14,1.8,48541.24,42986.0
5724,West Bengal,Darjeeling,2021,Kharif,Barley,1278.34,31.8,63.9,Alluvial,Sprinkler,297.81,11.54,4655.48,3.65,17464.41,247023.0
5725,West Bengal,Siliguri,2021,Rabi,Wheat,858.47,37.0,55.0,Alluvial,Tube Well,264.27,52.47,3628.8,6.76,12099.9,298493.0
5726,West Bengal,Siliguri,2021,Rabi,Barley,444.07,36.1,72.7,Alluvial,Rain-fed,353.47,25.15,195.28,5.98,49008.0,16777.0
5727,West Bengal,Siliguri,2021,Kharif,Maize,1263.78,33.1,43.5,Sandy,Canal,83.99,12.78,695.03,2.67,15135.09,32674.0
5728,West Bengal,Siliguri,2021,Kharif,Rice,1758.45,35.3,64.7,Laterite,Canal,246.6,43.87,3876.33,4.51,27756.08,293603.0
5729,West Bengal,Siliguri,2021,Zaid,Wheat,2071.25,37.4,58.3,Red,Drip,399.49,29.17,1778.28,6.69,32455.27,193126.0
5730,West Bengal,Siliguri,2021,Kharif,Wheat,1089.5,35.3,51.2,Red,Drip,263.89,32.61,4448.68,7.97,56484.62,549736.0
5731,West Bengal,Siliguri,2021,Rabi,Barley,1025.91,24.4,43.5,Alluvial,Rain-fed,175.45,49.57,1506.79,5.02,24383.01,73679.0
5732,West Bengal,Siliguri,2021,Zaid,Millets,1797.82,25.8,83.2,Red,Rain-fed,75.1,23.65,1558.67,4.54,22049.63,57677.0
5733,West Bengal,Siliguri,2021,Rabi,Rice,1383.68,31.7,59.4,Laterite,Drip,381.53,9.26,2564.34,2.66,46650.45,78089.0
5734,West Bengal,Siliguri,2021,Zaid,Pulses,923.09,27.2,55.2,Laterite,Tube Well,160.86,43.19,3705.68,6.91,29107.86,281378.0
5735,West Bengal,Siliguri,2021,Kharif,Maize,403.4,37.4,80.4,Black,Canal,332.8,55.64,3920.41,7.6,61525.91,301504.0
5736,West Bengal,Siliguri,2021,Kharif,Millets,1105.72,20.4,80.5,Red,Rain-fed,130.16,48.61,1586.57,7.9,37474.52,200574.0
5737,West Bengal,Siliguri,2021,Kharif,Rice,927.01,29.1,85.6,Alluvial,Canal,181.28,11.83,989.19,5.47,64638.37,76377.0
5738,West Bengal,Siliguri,2021,Zaid,Maize,1081.22,35.4,67.1,Red,Sprinkler,65.79,41.7,4307.62,5.59,13597.29,365760.0
5739,West Bengal,Siliguri,2021,Rabi,Sugarcane,949.46,35.2,68.0,Black,Sprinkler,219.38,5.05,3316.48,7.3,56920.53,412680.0
5740,West Bengal,Siliguri,2021,Rabi,Millets,485.83,23.2,38.0,Red,Tube Well,198.99,57.03,3847.76,4.88,20979.88,158355.0
5741,West Bengal,Siliguri,2021,Zaid,Cotton,1530.31,34.4,68.7,Sandy,Drip,353.98,46.78,1523.51,2.29,37989.7,48617.0
5742,West Bengal,Siliguri,2021,Kharif,Wheat,956.78,30.9,40.7,Alluvial,Sprinkler,178.5,32.95,4648.87,2.64,20932.57,124706.0
5743,West Bengal,Malda,2021,Kharif,Sugarcane,1388.34,25.7,88.5,Sandy,Rain-fed,255.56,13.94,2046.62,8.25,25086.32,206002.0
5744,West Bengal,Malda,2021,Kharif,Sugarcane,1139.16,23.7,79.8,Alluvial,Sprinkler,205.24,37.26,2832.67,2.29,30939.49,113171.0
5745,West Bengal,Malda,2021,Kharif,Cotton,926.54,24.2,78.4,Laterite,Sprinkler,289.87,21.44,2675.05,3.65,22563.6,105908.99999999999
5746,West Bengal,Malda,2021,Rabi,Wheat,591.55,34.6,60.2,Alluvial,Canal,73.18,34.98,2216.75,5.54,31439.73,103118.0
5747,West Bengal,Malda,2021,Zaid,Maize,755.18,26.1,51.7,Alluvial,Rain-fed,83.33,46.95,2409.93,2.0,25368.88,45465.0
5748,West Bengal,Malda,2021,Rabi,Cotton,840.98,32.9,79.9,Sandy,Sprinkler,126.51,10.52,1245.92,3.1,60341.07,53729.0
5749,West Bengal,Malda,2021,Rabi,Maize,1817.77,30.2,38.2,Sandy,Sprinkler,405.57,53.03,2262.19,5.16,31691.29,171727.0
5750,West Bengal,Malda,2021,Rabi,Rice,1621.21,21.5,67.4,Alluvial,Drip,320.39,11.48,4313.8,4.37,56256.16,261571.99999999997
5751,West Bengal,Malda,2021,Kharif,Sugarcane,870.95,37.3,63.9,Alluvial,Sprinkler,109.61,20.09,3951.14,6.47,18311.06,371147.0
5752,West Bengal,Malda,2021,Rabi,Barley,438.75,18.3,53.0,Alluvial,Canal,63.68,49.98,3681.73,5.75,62686.82,274962.0
5753,West Bengal,Malda,2021,Rabi,Cotton,439.01,27.3,59.9,Red,Tube Well,142.56,57.76,2377.64,1.45,18954.46,61667.99999999999
5754,West Bengal,Malda,2021,Zaid,Cotton,1075.25,20.7,88.4,Black,Sprinkler,67.3,29.62,2340.58,2.43,41865.88,93149.0
5755,West Bengal,Malda,2021,Kharif,Sugarcane,1738.79,24.4,47.6,Red,Tube Well,79.98,32.89,1348.23,4.43,35397.38,83019.0
5756,West Bengal,Malda,2021,Zaid,Pulses,615.18,27.2,48.9,Laterite,Tube Well,392.81,6.38,1042.59,2.5,55163.79,29172.000000000004
5757,West Bengal,Malda,2021,Zaid,Sugarcane,2029.92,20.3,40.9,Black,Tube Well,68.91,30.58,1989.24,7.94,21661.26,223046.99999999997
5758,West Bengal,Malda,2021,Kharif,Rice,1018.97,18.7,69.1,Red,Sprinkler,416.34,41.18,2063.86,7.55,12266.16,216571.99999999997
5759,West Bengal,Malda,2021,Kharif,Rice,504.08,22.8,52.2,Laterite,Rain-fed,186.09,47.27,1025.87,5.84,28425.56,55701.0
5760,West Bengal,Malda,2021,Zaid,Rice,552.8,32.7,77.8,Sandy,Sprinkler,360.52,46.56,3802.26,8.05,32511.59,451371.0
5761,Uttarakhand,Dehradun,2022,Kharif,Pulses,844.95,35.0,59.3,Red,Sprinkler,108.16,34.75,2011.7,2.95,59762.79,87215.0
5762,Uttarakhand,Dehradun,2022,Kharif,Rice,1285.95,33.1,81.5,Red,Canal,124.43,32.1,1166.56,1.87,29355.22,28689.0
5763,Uttarakhand,Dehradun,2022,Zaid,Cotton,1838.18,23.6,45.1,Sandy,Drip,394.68,11.45,884.44,6.25,57661.98,84656.0
5764,Uttarakhand,Dehradun,2022,Kharif,Rice,866.84,24.2,80.6,Red,Sprinkler,67.53,41.35,4614.36,3.26,25162.02,147066.0
5765,Uttarakhand,Dehradun,2022,Rabi,Pulses,1577.45,35.8,45.6,Sandy,Canal,414.71,20.19,3570.19,6.6,21725.41,202551.0
5766,Uttarakhand,Dehradun,2022,Zaid,Wheat,994.59,35.8,81.1,Alluvial,Tube Well,283.48,43.11,3025.42,3.17,51000.04,148098.0
5767,Uttarakhand,Dehradun,2022,Kharif,Millets,689.18,36.6,88.9,Red,Drip,210.75,18.45,589.29,8.07,36594.97,62441.0
5768,Uttarakhand,Dehradun,2022,Rabi,Cotton,1531.26,25.2,61.3,Alluvial,Tube Well,364.53,20.7,1789.79,7.72,12320.72,195563.0
5769,Uttarakhand,Dehradun,2022,Kharif,Cotton,1061.09,26.2,78.7,Alluvial,Tube Well,272.25,7.12,2649.45,8.28,50079.39,195157.0
5770,Uttarakhand,Dehradun,2022,Zaid,Sugarcane,934.17,29.8,79.0,Black,Tube Well,88.62,53.33,4635.85,8.12,20711.68,603215.0
5771,Uttarakhand,Dehradun,2022,Rabi,Rice,1377.84,20.2,59.1,Alluvial,Tube Well,236.7,27.36,1507.5,2.16,36770.06,49326.0
5772,Uttarakhand,Dehradun,2022,Rabi,Wheat,1553.71,36.5,60.3,Alluvial,Canal,189.28,15.84,3933.92,6.9,56271.81,405059.0
5773,Uttarakhand,Dehradun,2022,Zaid,Maize,809.69,29.4,80.4,Red,Sprinkler,365.03,46.45,3555.79,7.09,44568.54,272312.0
5774,Uttarakhand,Dehradun,2022,Zaid,Maize,650.31,35.3,82.5,Sandy,Sprinkler,351.24,25.39,607.21,5.23,59156.92,25414.0
5775,Uttarakhand,Dehradun,2022,Kharif,Pulses,2066.6,25.8,79.1,Alluvial,Sprinkler,290.46,43.74,1210.09,4.09,16976.11,52974.0
5776,Uttarakhand,Dehradun,2022,Rabi,Rice,942.33,25.0,84.0,Red,Rain-fed,405.05,49.64,2022.61,4.14,43411.39,134581.0
5777,Uttarakhand,Dehradun,2022,Zaid,Millets,1701.73,36.5,48.8,Sandy,Sprinkler,317.32,23.27,780.32,5.63,44794.9,64172.0
5778,Uttarakhand,Dehradun,2022,Rabi,Millets,1118.21,22.6,41.6,Alluvial,Canal,61.91,29.68,2887.35,1.8,34158.59,76873.0
5779,Uttarakhand,Haridwar,2022,Zaid,Pulses,626.84,30.4,37.9,Laterite,Tube Well,373.92,18.46,4328.39,3.37,45640.53,261673.0
5780,Uttarakhand,Haridwar,2022,Zaid,Pulses,800.62,23.5,52.3,Alluvial,Sprinkler,236.13,53.57,4465.25,5.91,39192.49,452839.00000000006
5781,Uttarakhand,Haridwar,2022,Kharif,Barley,838.82,20.7,51.5,Alluvial,Drip,337.99,58.91,1661.42,8.21,61258.96,242730.00000000003
5782,Uttarakhand,Haridwar,2022,Kharif,Millets,867.74,28.2,70.8,Red,Tube Well,90.03,12.84,3751.19,5.76,31506.42,370088.0
5783,Uttarakhand,Haridwar,2022,Rabi,Barley,412.42,31.9,66.0,Red,Tube Well,342.7,15.65,4402.42,5.9,42542.74,407182.0
5784,Uttarakhand,Haridwar,2022,Rabi,Sugarcane,2149.56,28.6,55.5,Laterite,Sprinkler,289.63,13.66,2676.84,5.86,16865.22,235130.00000000003
5785,Uttarakhand,Haridwar,2022,Zaid,Rice,798.23,29.3,82.5,Sandy,Sprinkler,365.91,6.18,3270.43,5.18,49936.27,141040.0
5786,Uttarakhand,Haridwar,2022,Rabi,Sugarcane,1907.94,24.7,74.8,Sandy,Sprinkler,66.9,41.73,4996.83,3.02,44346.5,201005.0
5787,Uttarakhand,Haridwar,2022,Zaid,Maize,970.32,23.4,42.7,Laterite,Canal,57.54,55.76,1947.8,2.12,14812.05,53614.0
5788,Uttarakhand,Haridwar,2022,Kharif,Maize,1036.34,26.1,47.8,Sandy,Tube Well,381.68,57.36,540.15,6.24,45430.71,60579.0
5789,Uttarakhand,Haridwar,2022,Rabi,Maize,1938.27,22.9,71.1,Alluvial,Sprinkler,198.33,51.34,2511.82,4.57,58473.0,122451.0
5790,Uttarakhand,Haridwar,2022,Rabi,Pulses,696.77,34.4,63.8,Red,Tube Well,84.51,38.09,714.48,2.28,53433.34,26545.0
5791,Uttarakhand,Haridwar,2022,Zaid,Barley,1316.6,33.4,69.0,Sandy,Tube Well,290.58,29.0,819.53,2.5,57713.7,18533.0
5792,Uttarakhand,Haridwar,2022,Rabi,Barley,1311.69,18.9,44.3,Black,Rain-fed,265.6,33.11,3020.23,3.59,42224.95,129613.00000000001
5793,Uttarakhand,Haridwar,2022,Kharif,Rice,2022.95,25.2,86.1,Sandy,Sprinkler,300.02,31.0,2428.24,2.44,42183.03,74818.0
5794,Uttarakhand,Haridwar,2022,Kharif,Maize,1047.33,26.6,77.1,Alluvial,Rain-fed,182.91,23.48,423.62,4.35,31131.72,25571.0
5795,Uttarakhand,Haridwar,2022,Rabi,Sugarcane,2179.9,29.9,67.7,Black,Canal,188.16,13.71,2753.78,7.58,24562.15,349045.0
5796,Uttarakhand,Haridwar,2022,Rabi,Pulses,1596.36,32.4,55.9,Alluvial,Sprinkler,368.32,19.46,1122.71,2.89,38668.88,27400.0
5797,Uttarakhand,Nainital,2022,Rabi,Rice,1287.14,21.5,87.0,Alluvial,Tube Well,255.35,41.25,3157.57,6.64,47326.06,246996.99999999997
5798,Uttarakhand,Nainital,2022,Zaid,Pulses,1959.77,20.5,82.1,Sandy,Drip,319.21,38.73,3527.62,4.97,17726.95,279534.0
5799,Uttarakhand,Nainital,2022,Rabi,Cotton,2067.86,23.2,71.6,Alluvial,Canal,195.61,53.95,4941.95,3.37,57748.09,223092.0
5800,Uttarakhand,Nainital,2022,Zaid,Barley,465.35,18.2,62.4,Laterite,Canal,361.54,44.11,2644.7,2.94,31951.47,127514.00000000001
5801,Uttarakhand,Nainital,2022,Rabi,Pulses,1696.52,24.4,63.1,Sandy,Drip,239.45,59.26,1045.83,7.2,59703.56,79576.0
5802,Uttarakhand,Nainital,2022,Kharif,Cotton,528.61,37.6,61.1,Red,Canal,226.98,30.88,1221.79,6.01,55490.39,114957.0
5803,Uttarakhand,Nainital,2022,Zaid,Rice,1311.43,36.2,69.7,Laterite,Tube Well,222.57,7.38,2003.49,2.42,49718.83,42708.0
5804,Uttarakhand,Nainital,2022,Zaid,Cotton,1901.01,30.9,62.5,Alluvial,Sprinkler,359.55,23.86,2537.37,3.38,20949.83,98124.0
5805,Uttarakhand,Nainital,2022,Zaid,Wheat,1987.38,37.1,38.4,Sandy,Canal,311.57,28.01,119.39,4.12,15297.02,4515.0
5806,Uttarakhand,Nainital,2022,Rabi,Barley,1899.05,29.2,83.6,Laterite,Drip,349.98,38.36,2954.03,7.02,20651.43,196936.0
5807,Uttarakhand,Nainital,2022,Rabi,Cotton,1028.52,24.2,37.0,Sandy,Drip,300.12,47.59,3546.78,5.52,27558.33,185468.0
5808,Uttarakhand,Nainital,2022,Zaid,Maize,427.62,19.3,47.5,Black,Rain-fed,307.18,22.97,738.12,4.65,33912.93,36450.0
5809,Uttarakhand,Nainital,2022,Rabi,Sugarcane,673.62,26.4,41.7,Laterite,Tube Well,307.76,47.98,4101.32,6.23,36896.74,236171.99999999997
5810,Uttarakhand,Nainital,2022,Zaid,Cotton,959.57,30.8,85.3,Red,Tube Well,219.48,11.44,3530.35,6.5,39272.93,339445.0
5811,Uttarakhand,Nainital,2022,Zaid,Rice,1167.42,33.1,66.5,Laterite,Sprinkler,139.37,58.0,579.55,6.14,31906.12,63567.99999999999
5812,Uttarakhand,Nainital,2022,Kharif,Rice,1981.86,23.2,41.4,Red,Canal,196.41,41.23,4599.1,5.83,29770.93,336568.0
5813,Uttarakhand,Nainital,2022,Kharif,Rice,1273.27,21.8,47.5,Alluvial,Sprinkler,183.64,57.04,605.72,2.44,45164.68,22161.0
5814,Uttarakhand,Nainital,2022,Zaid,Sugarcane,1499.39,24.6,37.0,Red,Drip,217.98,10.35,523.24,5.65,51469.41,45039.0
5815,Uttarakhand,Almora,2022,Zaid,Pulses,1648.0,24.5,42.5,Sandy,Sprinkler,194.46,29.74,3104.42,2.33,56115.24,85939.0
5816,Uttarakhand,Almora,2022,Zaid,Pulses,1572.47,23.6,50.1,Black,Canal,269.69,5.66,2968.88,3.51,44139.02,151578.0
5817,Uttarakhand,Almora,2022,Zaid,Pulses,1834.8,35.1,66.9,Laterite,Tube Well,444.68,42.9,2187.66,8.43,38747.28,259733.0
5818,Uttarakhand,Almora,2022,Zaid,Maize,1582.83,24.8,90.0,Alluvial,Canal,414.34,17.58,2847.31,5.81,29782.59,182281.0
5819,Uttarakhand,Almora,2022,Rabi,Maize,1842.53,22.5,65.0,Red,Rain-fed,217.02,37.57,1903.96,3.08,44810.06,75378.0
5820,Uttarakhand,Almora,2022,Zaid,Cotton,1050.52,28.7,82.4,Sandy,Rain-fed,112.32,40.61,1430.39,5.33,35632.97,120059.99999999999
5821,Uttarakhand,Almora,2022,Zaid,Millets,2179.04,24.1,46.7,Laterite,Tube Well,260.47,28.54,2691.18,5.28,35364.2,196169.0
5822,Uttarakhand,Almora,2022,Zaid,Wheat,1238.38,29.1,38.8,Black,Drip,385.0,11.71,1232.08,3.44,42867.09,40601.0
5823,Uttarakhand,Almora,2022,Zaid,Barley,1736.78,22.3,54.7,Sandy,Rain-fed,244.17,17.33,3956.36,5.97,19951.02,267161.0
5824,Uttarakhand,Almora,2022,Zaid,Rice,590.39,30.8,81.4,Alluvial,Rain-fed,244.82,34.05,2349.73,7.74,58860.03,316279.0
5825,Uttarakhand,Almora,2022,Kharif,Wheat,1646.8,24.0,40.3,Alluvial,Canal,183.34,21.13,4097.04,8.29,51257.31,525678.0
5826,Uttarakhand,Almora,2022,Kharif,Sugarcane,402.07,19.0,53.8,Black,Rain-fed,103.46,41.25,1690.45,1.92,45667.17,43165.0
5827,Uttarakhand,Almora,2022,Zaid,Cotton,1836.08,29.0,83.3,Alluvial,Drip,328.91,59.44,4489.4,4.3,52158.42,161653.0
5828,Uttarakhand,Almora,2022,Zaid,Cotton,1695.79,32.0,70.5,Black,Tube Well,343.18,15.1,2570.03,3.36,33398.63,77769.0
5829,Uttarakhand,Almora,2022,Rabi,Wheat,550.27,29.4,46.5,Alluvial,Tube Well,273.06,47.92,713.31,4.74,18947.84,45351.0
5830,Uttarakhand,Almora,2022,Kharif,Barley,1160.23,28.8,62.8,Black,Drip,356.69,47.95,2773.01,5.48,44319.31,134791.0
5831,Uttarakhand,Almora,2022,Zaid,Maize,452.39,35.0,50.3,Red,Tube Well,332.96,6.69,4891.09,7.59,27066.89,421675.0
5832,Uttarakhand,Almora,2022,Kharif,Sugarcane,1941.4,33.6,62.6,Alluvial,Rain-fed,245.69,55.45,1401.46,6.33,59263.19,138921.0
5833,Uttarakhand,Pauri,2022,Kharif,Wheat,693.12,19.1,67.1,Black,Tube Well,52.07,7.26,3190.11,6.39,62435.89,221204.0
5834,Uttarakhand,Pauri,2022,Zaid,Sugarcane,1071.47,30.2,83.6,Black,Tube Well,310.84,55.09,2884.6,3.7,60526.42,162534.0
5835,Uttarakhand,Pauri,2022,Rabi,Rice,1249.09,19.7,81.7,Alluvial,Canal,84.75,56.01,3289.23,7.66,21421.4,374718.0
5836,Uttarakhand,Pauri,2022,Zaid,Maize,522.07,22.4,76.3,Sandy,Tube Well,85.17,38.15,2883.47,2.44,20213.59,71505.0
5837,Uttarakhand,Pauri,2022,Rabi,Cotton,2164.46,31.6,50.9,Sandy,Tube Well,87.95,52.25,886.61,4.61,46508.06,59651.0
5838,Uttarakhand,Pauri,2022,Kharif,Barley,413.5,26.9,73.4,Black,Rain-fed,166.26,40.67,722.12,1.23,36054.5,11491.0
5839,Uttarakhand,Pauri,2022,Kharif,Maize,1696.18,36.2,39.8,Red,Rain-fed,268.87,37.09,1649.83,1.85,51202.04,46848.0
5840,Uttarakhand,Pauri,2022,Rabi,Maize,759.14,19.5,40.6,Laterite,Tube Well,115.89,55.2,1831.88,4.49,63206.74,145574.0
5841,Uttarakhand,Pauri,2022,Zaid,Millets,949.84,32.3,53.8,Black,Rain-fed,195.13,22.23,408.69,3.15,25489.37,14628.0
5842,Uttarakhand,Pauri,2022,Rabi,Wheat,2103.59,25.3,76.3,Alluvial,Rain-fed,75.17,24.82,3987.8,7.9,35868.12,513551.0
5843,Uttarakhand,Pauri,2022,Zaid,Barley,2050.9,35.1,46.9,Black,Drip,387.37,23.75,3306.05,8.38,52286.66,377225.0
5844,Uttarakhand,Pauri,2022,Rabi,Barley,405.15,29.4,70.6,Sandy,Tube Well,330.6,57.61,1517.97,5.29,55153.94,100863.0
5845,Uttarakhand,Pauri,2022,Zaid,Sugarcane,2070.96,33.2,44.0,Laterite,Tube Well,89.92,35.28,2325.73,7.51,16512.27,259257.00000000003
5846,Uttarakhand,Pauri,2022,Kharif,Sugarcane,2185.25,21.3,63.5,Red,Sprinkler,428.05,28.35,4926.14,7.23,58380.08,516312.0
5847,Uttarakhand,Pauri,2022,Rabi,Rice,1390.17,35.0,80.5,Sandy,Tube Well,191.69,51.58,2377.14,7.74,46864.3,176307.0
5848,Uttarakhand,Pauri,2022,Rabi,Maize,1544.72,29.1,78.5,Laterite,Tube Well,187.94,41.82,598.7,6.87,58481.83,42985.0
5849,Uttarakhand,Pauri,2022,Kharif,Millets,824.89,28.1,64.7,Laterite,Rain-fed,52.61,34.86,119.24,1.87,50733.01,3504.0
5850,Uttarakhand,Pauri,2022,Kharif,Barley,425.36,19.6,41.7,Alluvial,Sprinkler,196.26,55.75,4224.04,2.92,45478.08,218859.0
5851,Uttar Pradesh,Lucknow,2022,Zaid,Cotton,1380.39,24.8,73.6,Alluvial,Drip,308.71,15.58,3053.39,6.94,58424.67,346136.0
5852,Uttar Pradesh,Lucknow,2022,Kharif,Cotton,434.73,33.9,62.0,Alluvial,Canal,204.46,58.93,1454.12,3.13,16614.28,51510.0
5853,Uttar Pradesh,Lucknow,2022,Kharif,Cotton,976.1,36.4,86.1,Alluvial,Drip,312.46,10.63,3351.36,6.6,26500.36,325939.0
5854,Uttar Pradesh,Lucknow,2022,Rabi,Millets,1979.92,18.1,66.0,Red,Sprinkler,79.11,5.15,2112.58,7.65,17560.06,207166.0
5855,Uttar Pradesh,Lucknow,2022,Kharif,Millets,620.96,27.6,59.3,Red,Sprinkler,395.24,28.58,4889.18,1.63,54033.6,128086.99999999999
5856,Uttar Pradesh,Lucknow,2022,Kharif,Pulses,752.58,23.1,49.8,Laterite,Drip,294.78,31.02,2717.09,6.65,13644.78,295890.0
5857,Uttar Pradesh,Lucknow,2022,Kharif,Pulses,1435.86,37.6,58.6,Alluvial,Rain-fed,206.69,34.42,4726.4,5.3,57085.5,368205.0
5858,Uttar Pradesh,Lucknow,2022,Zaid,Rice,1756.86,18.9,89.5,Laterite,Tube Well,248.88,46.25,1270.86,7.58,49919.7,111018.0
5859,Uttar Pradesh,Lucknow,2022,Kharif,Rice,1734.86,33.7,54.8,Red,Rain-fed,106.01,32.43,1028.77,7.73,55230.68,88312.0
5860,Uttar Pradesh,Lucknow,2022,Zaid,Millets,1267.93,37.1,38.1,Black,Rain-fed,177.68,28.71,3318.73,4.78,40272.7,216708.0
5861,Uttar Pradesh,Lucknow,2022,Zaid,Sugarcane,1426.81,32.4,76.6,Alluvial,Rain-fed,229.01,11.17,4711.88,6.19,59689.14,512522.0
5862,Uttar Pradesh,Lucknow,2022,Zaid,Cotton,865.97,18.3,78.3,Alluvial,Rain-fed,121.53,15.78,830.59,5.83,64952.42,81845.0
5863,Uttar Pradesh,Lucknow,2022,Zaid,Maize,1279.39,20.6,72.4,Black,Tube Well,252.16,10.66,3948.17,3.97,27889.31,264993.0
5864,Uttar Pradesh,Lucknow,2022,Rabi,Sugarcane,1225.81,21.7,49.2,Alluvial,Rain-fed,224.44,49.32,1081.54,6.27,20894.59,62329.0
5865,Uttar Pradesh,Lucknow,2022,Kharif,Wheat,420.57,18.4,62.1,Sandy,Drip,392.57,43.91,4937.15,8.35,26206.59,539354.0
5866,Uttar Pradesh,Lucknow,2022,Rabi,Sugarcane,1538.87,19.0,72.1,Laterite,Canal,123.08,17.02,2650.52,2.32,59325.24,100866.0
5867,Uttar Pradesh,Lucknow,2022,Kharif,Maize,1683.73,26.0,62.3,Alluvial,Tube Well,76.76,14.23,2498.44,7.35,54417.62,230002.0
5868,Uttar Pradesh,Lucknow,2022,Rabi,Pulses,833.18,26.1,68.5,Black,Sprinkler,265.61,26.04,3013.14,2.81,18172.17,140218.0
5869,Uttar Pradesh,Kanpur,2022,Zaid,Barley,1364.28,21.2,67.2,Black,Canal,311.97,58.26,2117.44,1.74,29805.76,33452.0
5870,Uttar Pradesh,Kanpur,2022,Rabi,Wheat,1645.96,18.6,55.2,Sandy,Drip,173.44,9.48,2810.89,4.15,42720.08,173413.0
5871,Uttar Pradesh,Kanpur,2022,Kharif,Millets,971.16,30.9,75.5,Sandy,Canal,416.15,42.58,4984.3,1.91,40946.64,155186.0
5872,Uttar Pradesh,Kanpur,2022,Rabi,Maize,2031.7,19.7,73.8,Alluvial,Tube Well,145.84,40.04,857.23,8.5,40322.3,73524.0
5873,Uttar Pradesh,Kanpur,2022,Rabi,Maize,655.67,27.4,50.9,Sandy,Canal,143.2,9.78,414.35,1.31,38773.33,5041.0
5874,Uttar Pradesh,Kanpur,2022,Kharif,Barley,571.67,21.8,58.6,Red,Sprinkler,119.03,35.21,4093.6,7.24,37360.81,427264.99999999994
5875,Uttar Pradesh,Kanpur,2022,Rabi,Barley,1250.37,29.4,54.2,Sandy,Sprinkler,307.66,40.93,4275.95,1.27,47549.1,65516.0
5876,Uttar Pradesh,Kanpur,2022,Rabi,Wheat,1824.63,20.8,72.2,Black,Sprinkler,337.97,54.18,2858.63,6.55,41954.03,225878.00000000003
5877,Uttar Pradesh,Kanpur,2022,Rabi,Wheat,1439.2,22.1,86.6,Red,Tube Well,76.9,13.74,3989.01,6.46,61001.26,224569.0
5878,Uttar Pradesh,Kanpur,2022,Zaid,Millets,784.12,37.3,37.5,Black,Canal,263.31,12.17,4339.33,7.35,26537.83,465021.0
5879,Uttar Pradesh,Kanpur,2022,Kharif,Rice,1467.06,23.3,72.0,Black,Rain-fed,389.35,20.38,2598.98,5.07,26750.69,219875.0
5880,Uttar Pradesh,Kanpur,2022,Rabi,Barley,1241.13,18.6,72.4,Black,Tube Well,322.99,49.29,2982.73,2.0,49584.49,61040.0
5881,Uttar Pradesh,Kanpur,2022,Kharif,Maize,2082.34,21.5,63.4,Laterite,Rain-fed,374.25,34.57,150.39,1.39,17581.71,3334.0000000000005
5882,Uttar Pradesh,Kanpur,2022,Kharif,Barley,638.53,18.4,57.4,Red,Drip,428.36,31.43,2109.52,3.21,45221.08,94560.0
5883,Uttar Pradesh,Kanpur,2022,Kharif,Sugarcane,1044.05,28.4,87.6,Laterite,Tube Well,442.98,58.35,402.37,2.19,57028.58,12626.0
5884,Uttar Pradesh,Kanpur,2022,Zaid,Pulses,1996.53,25.3,60.5,Laterite,Tube Well,246.81,58.18,3803.1,2.36,47553.59,90574.0
5885,Uttar Pradesh,Kanpur,2022,Kharif,Barley,908.44,30.4,71.1,Red,Tube Well,312.93,39.79,4553.89,7.03,12412.16,333053.0
5886,Uttar Pradesh,Kanpur,2022,Kharif,Wheat,1665.3,34.7,52.6,Laterite,Rain-fed,103.74,48.74,2088.95,1.48,54421.89,25772.000000000004
5887,Uttar Pradesh,Varanasi,2022,Kharif,Pulses,1135.28,31.3,89.8,Sandy,Sprinkler,381.72,46.31,3148.39,4.23,24345.07,237498.0
5888,Uttar Pradesh,Varanasi,2022,Zaid,Rice,1494.52,37.8,69.9,Laterite,Canal,326.76,54.53,1254.68,8.27,23583.25,108719.0
5889,Uttar Pradesh,Varanasi,2022,Kharif,Maize,840.46,22.4,37.0,Laterite,Canal,97.06,17.3,4090.98,6.42,47342.33,332770.0
5890,Uttar Pradesh,Varanasi,2022,Zaid,Millets,1965.7,32.6,86.5,Black,Rain-fed,306.29,35.19,4033.19,1.68,58666.83,98560.0
5891,Uttar Pradesh,Varanasi,2022,Zaid,Rice,498.61,35.0,53.7,Laterite,Sprinkler,244.98,42.24,1393.4,8.29,54960.95,107625.0
5892,Uttar Pradesh,Varanasi,2022,Zaid,Cotton,720.96,27.2,76.9,Laterite,Tube Well,422.59,8.49,2251.8,3.7,64838.72,134265.0
5893,Uttar Pradesh,Varanasi,2022,Zaid,Rice,874.57,22.4,50.2,Alluvial,Sprinkler,262.93,53.87,4234.02,1.81,36433.54,130015.00000000001
5894,Uttar Pradesh,Varanasi,2022,Rabi,Millets,1641.4,37.3,38.3,Alluvial,Drip,112.22,10.93,2686.66,7.98,41570.06,357104.0
5895,Uttar Pradesh,Varanasi,2022,Zaid,Pulses,2041.43,22.7,51.0,Black,Canal,390.28,58.59,660.69,1.21,21253.52,6983.0
5896,Uttar Pradesh,Varanasi,2022,Zaid,Barley,444.72,35.6,86.2,Sandy,Tube Well,109.51,34.02,4769.24,8.01,36305.44,588863.0
5897,Uttar Pradesh,Varanasi,2022,Kharif,Maize,2076.44,22.9,43.2,Black,Sprinkler,128.32,58.49,3358.46,1.58,56560.96,50563.0
5898,Uttar Pradesh,Varanasi,2022,Kharif,Pulses,693.43,20.8,35.5,Alluvial,Tube Well,205.68,12.59,1425.77,4.73,28077.1,89558.0
5899,Uttar Pradesh,Varanasi,2022,Zaid,Cotton,1840.18,29.8,63.2,Alluvial,Drip,345.37,18.79,3484.94,5.65,45714.74,347573.0
5900,Uttar Pradesh,Varanasi,2022,Zaid,Millets,1121.92,32.1,67.0,Black,Tube Well,380.96,50.14,4497.79,1.54,63406.87,68328.0
5901,Uttar Pradesh,Varanasi,2022,Rabi,Maize,1222.95,21.3,72.4,Red,Rain-fed,246.43,52.58,4490.67,2.76,39868.93,185683.0
5902,Uttar Pradesh,Varanasi,2022,Rabi,Sugarcane,1198.93,19.0,76.1,Red,Drip,203.84,19.67,3103.95,7.87,57428.2,326435.0
5903,Uttar Pradesh,Varanasi,2022,Zaid,Maize,1566.85,26.2,86.5,Black,Tube Well,432.6,58.04,1210.27,2.26,25974.21,28414.0
5904,Uttar Pradesh,Varanasi,2022,Kharif,Wheat,1102.69,36.8,88.4,Black,Drip,386.31,21.74,2311.07,3.12,41602.53,81397.0
5905,Uttar Pradesh,Agra,2022,Kharif,Sugarcane,1184.84,36.7,39.0,Sandy,Tube Well,123.33,25.23,1194.35,8.07,52654.34,142001.0
5906,Uttar Pradesh,Agra,2022,Kharif,Sugarcane,1633.08,21.8,73.7,Alluvial,Rain-fed,154.73,21.45,809.6,1.31,30848.46,10052.0
5907,Uttar Pradesh,Agra,2022,Kharif,Maize,1144.42,27.8,63.5,Sandy,Tube Well,358.8,38.61,160.43,4.5,32068.61,6595.999999999999
5908,Uttar Pradesh,Agra,2022,Zaid,Barley,811.3,33.8,79.7,Black,Tube Well,185.28,44.46,218.57,8.38,21072.91,17172.0
5909,Uttar Pradesh,Agra,2022,Zaid,Millets,1406.31,29.1,58.0,Black,Tube Well,193.92,13.64,3716.13,7.55,56732.95,361664.0
5910,Uttar Pradesh,Agra,2022,Kharif,Sugarcane,1539.13,33.4,89.4,Alluvial,Canal,257.77,15.09,4542.97,1.6,47522.51,73989.0
5911,Uttar Pradesh,Agra,2022,Zaid,Wheat,1406.43,19.0,87.3,Sandy,Tube Well,377.45,53.74,650.55,8.2,12194.54,88133.0
5912,Uttar Pradesh,Agra,2022,Rabi,Rice,1001.65,35.8,40.8,Black,Rain-fed,251.5,51.34,2184.74,3.28,14927.5,62954.0
5913,Uttar Pradesh,Agra,2022,Zaid,Maize,1470.31,36.4,84.3,Red,Drip,197.32,17.21,2463.36,5.36,62407.51,117414.00000000001
5914,Uttar Pradesh,Agra,2022,Zaid,Maize,2056.24,32.9,37.8,Laterite,Rain-fed,269.62,15.96,777.33,5.0,36884.06,58166.0
5915,Uttar Pradesh,Agra,2022,Kharif,Cotton,858.07,30.2,46.8,Sandy,Rain-fed,156.24,13.28,1527.2,7.82,33463.39,132810.0
5916,Uttar Pradesh,Agra,2022,Kharif,Cotton,676.82,35.9,81.1,Laterite,Canal,59.18,10.86,1530.35,6.91,17190.57,88802.0
5917,Uttar Pradesh,Agra,2022,Zaid,Millets,1709.21,32.7,60.3,Black,Rain-fed,67.99,44.55,153.97,3.19,62286.92,8377.0
5918,Uttar Pradesh,Agra,2022,Zaid,Wheat,1306.33,34.2,55.4,Alluvial,Drip,386.25,16.27,3895.21,4.85,15964.38,173988.0
5919,Uttar Pradesh,Agra,2022,Zaid,Cotton,2116.42,31.7,70.1,Alluvial,Rain-fed,94.94,9.61,1468.82,6.56,24773.09,147937.0
5920,Uttar Pradesh,Agra,2022,Zaid,Sugarcane,1235.76,36.2,74.4,Laterite,Tube Well,281.48,10.81,1793.9,7.74,55676.06,131836.0
5921,Uttar Pradesh,Agra,2022,Kharif,Cotton,1567.09,20.0,76.6,Red,Drip,219.52,44.82,1017.22,2.04,49343.12,34347.0
5922,Uttar Pradesh,Agra,2022,Rabi,Cotton,1594.31,29.5,60.5,Red,Rain-fed,438.9,39.38,3541.82,5.39,41939.49,181719.0
5923,Uttar Pradesh,Meerut,2022,Rabi,Wheat,1003.07,24.4,77.8,Black,Tube Well,204.35,42.73,525.18,2.53,13096.9,22068.0
5924,Uttar Pradesh,Meerut,2022,Zaid,Barley,570.56,18.9,86.1,Sandy,Sprinkler,360.17,21.34,2412.54,8.25,45897.04,352164.0
5925,Uttar Pradesh,Meerut,2022,Zaid,Barley,1631.79,21.1,57.7,Sandy,Rain-fed,425.9,17.0,1070.22,6.41,46062.43,92787.0
5926,Uttar Pradesh,Meerut,2022,Zaid,Maize,976.55,33.9,63.1,Alluvial,Drip,172.74,41.08,3488.17,3.8,30790.59,201993.0
5927,Uttar Pradesh,Meerut,2022,Rabi,Rice,1812.21,22.4,76.1,Sandy,Rain-fed,371.1,8.56,3669.12,1.74,30871.96,59358.00000000001
5928,Uttar Pradesh,Meerut,2022,Kharif,Millets,2158.63,19.5,49.7,Sandy,Tube Well,357.98,57.07,3071.6,2.55,60839.95,94821.0
5929,Uttar Pradesh,Meerut,2022,Kharif,Sugarcane,588.1,25.3,45.0,Sandy,Rain-fed,310.1,21.59,1685.63,4.95,34487.72,99521.0
5930,Uttar Pradesh,Meerut,2022,Zaid,Barley,2015.94,20.1,58.3,Sandy,Tube Well,265.36,49.85,2474.49,6.07,60043.7,173413.0
5931,Uttar Pradesh,Meerut,2022,Zaid,Rice,1560.98,35.0,75.6,Sandy,Canal,364.16,23.15,4641.55,3.84,17885.15,151321.0
5932,Uttar Pradesh,Meerut,2022,Zaid,Sugarcane,426.85,31.7,54.1,Laterite,Canal,241.37,8.33,1664.35,5.12,63032.2,73344.0
5933,Uttar Pradesh,Meerut,2022,Rabi,Sugarcane,1755.45,19.8,76.9,Laterite,Tube Well,173.57,12.35,4922.0,6.26,16084.04,265300.0
5934,Uttar Pradesh,Meerut,2022,Rabi,Wheat,1181.37,21.0,73.7,Laterite,Canal,238.9,33.81,419.47,3.76,26463.86,26714.999999999996
5935,Uttar Pradesh,Meerut,2022,Kharif,Barley,1429.78,35.3,87.4,Laterite,Rain-fed,309.86,44.45,2884.2,1.99,21414.31,96637.0
5936,Uttar Pradesh,Meerut,2022,Kharif,Wheat,1494.04,20.0,79.3,Alluvial,Tube Well,91.69,15.84,3166.83,7.65,32735.93,261356.0
5937,Uttar Pradesh,Meerut,2022,Kharif,Maize,798.03,37.7,81.1,Black,Rain-fed,52.56,21.94,1819.35,5.94,57946.72,91123.0
5938,Uttar Pradesh,Meerut,2022,Rabi,Wheat,1956.56,30.4,63.2,Sandy,Tube Well,431.97,33.17,4567.33,6.53,57359.91,258489.0
5939,Uttar Pradesh,Meerut,2022,Zaid,Sugarcane,1640.22,26.2,57.4,Alluvial,Tube Well,152.19,50.49,1444.23,6.0,61116.67,79059.0
5940,Uttar Pradesh,Meerut,2022,Kharif,Wheat,1087.75,35.4,69.4,Alluvial,Canal,249.87,58.58,1608.95,7.81,33872.43,101009.0
5941,Punjab,Ludhiana,2022,Zaid,Sugarcane,1592.4,18.4,69.3,Sandy,Canal,95.34,22.02,1823.69,3.47,20079.44,66302.0
5942,Punjab,Ludhiana,2022,Zaid,Rice,656.27,18.7,67.5,Black,Tube Well,399.53,54.52,520.11,6.19,47762.34,54567.99999999999
5943,Punjab,Ludhiana,2022,Kharif,Wheat,1658.37,24.4,61.9,Alluvial,Sprinkler,443.88,14.86,926.47,2.1,17481.39,20420.0
5944,Punjab,Ludhiana,2022,Zaid,Pulses,1889.52,35.7,35.1,Alluvial,Rain-fed,128.07,17.61,1946.77,4.93,53085.01,171991.0
5945,Punjab,Ludhiana,2022,Kharif,Wheat,786.86,25.8,57.5,Black,Sprinkler,393.86,26.81,2932.44,1.34,13435.48,56342.99999999999
5946,Punjab,Ludhiana,2022,Rabi,Millets,975.83,24.6,79.3,Red,Drip,448.85,26.15,493.28,3.14,41490.75,15969.999999999998
5947,Punjab,Ludhiana,2022,Rabi,Wheat,1649.96,27.5,51.9,Red,Canal,244.11,44.96,156.21,1.79,55454.72,3924.0
5948,Punjab,Ludhiana,2022,Rabi,Cotton,1424.69,20.2,58.4,Alluvial,Sprinkler,96.94,45.21,487.73,5.05,19801.58,42365.0
5949,Punjab,Ludhiana,2022,Kharif,Barley,1886.72,35.8,77.1,Laterite,Tube Well,304.13,45.94,2149.73,3.88,56466.58,105753.0
5950,Punjab,Ludhiana,2022,Zaid,Wheat,1039.42,25.1,35.6,Red,Drip,255.2,41.3,1110.9,1.31,57391.34,16150.0
5951,Punjab,Ludhiana,2022,Zaid,Wheat,2047.06,23.6,67.7,Laterite,Sprinkler,441.48,50.99,3473.13,1.54,57001.92,68163.0
5952,Punjab,Ludhiana,2022,Zaid,Rice,2189.03,27.4,62.6,Sandy,Rain-fed,334.29,50.96,101.78,6.68,46022.98,6438.0
5953,Punjab,Ludhiana,2022,Kharif,Rice,2100.22,30.2,81.5,Alluvial,Tube Well,217.89,38.35,1591.04,2.24,31624.13,60477.0
5954,Punjab,Ludhiana,2022,Kharif,Pulses,1985.93,35.8,40.6,Sandy,Canal,108.0,32.42,3620.9,2.8,47218.68,110371.0
5955,Punjab,Ludhiana,2022,Kharif,Rice,753.39,26.7,38.1,Alluvial,Rain-fed,415.35,49.98,1543.83,3.09,53578.59,76759.0
5956,Punjab,Ludhiana,2022,Rabi,Maize,1005.7,32.8,80.0,Sandy,Drip,264.46,29.95,2843.01,5.49,13613.32,174731.0
5957,Punjab,Ludhiana,2022,Kharif,Maize,1416.99,21.1,82.3,Laterite,Tube Well,329.91,21.34,2428.04,5.85,12984.8,211000.0
5958,Punjab,Ludhiana,2022,Kharif,Pulses,1523.93,25.0,37.5,Laterite,Drip,157.2,17.22,4203.61,5.89,44336.02,272430.0
5959,Punjab,Amritsar,2022,Rabi,Pulses,1517.65,19.0,90.0,Black,Rain-fed,401.21,39.34,4669.44,1.65,58615.63,80091.0
5960,Punjab,Amritsar,2022,Kharif,Rice,1799.02,33.6,35.4,Sandy,Sprinkler,386.88,16.01,1131.0,1.85,34120.46,27483.999999999996
5961,Punjab,Amritsar,2022,Zaid,Pulses,1435.78,35.3,73.0,Sandy,Sprinkler,297.57,52.59,1944.12,6.46,32622.33,173751.0
5962,Punjab,Amritsar,2022,Rabi,Wheat,475.88,20.4,73.5,Alluvial,Rain-fed,405.31,17.89,885.63,1.89,43334.63,26327.999999999996
5963,Punjab,Amritsar,2022,Rabi,Rice,1504.67,31.8,50.3,Red,Rain-fed,386.4,26.59,2314.16,7.64,36099.38,271280.0
5964,Punjab,Amritsar,2022,Zaid,Wheat,1272.19,32.6,55.0,Sandy,Canal,334.32,32.68,2193.49,1.39,53245.15,39523.0
5965,Punjab,Amritsar,2022,Kharif,Wheat,555.94,37.3,45.5,Black,Sprinkler,366.33,34.32,2924.2,6.11,36422.91,155724.0
5966,Punjab,Amritsar,2022,Zaid,Maize,515.66,37.4,38.0,Laterite,Sprinkler,180.17,51.39,2007.24,5.5,17649.62,178076.0
5967,Punjab,Amritsar,2022,Kharif,Millets,1604.6,22.0,63.0,Sandy,Rain-fed,105.47,37.78,2671.1,2.85,25109.57,89365.0
5968,Punjab,Amritsar,2022,Zaid,Cotton,1536.51,30.6,36.6,Black,Canal,348.48,23.16,235.79,2.18,17770.06,7815.000000000001
5969,Punjab,Amritsar,2022,Zaid,Barley,1746.07,25.0,65.7,Red,Canal,287.45,37.24,4605.13,5.75,13295.84,317116.0
5970,Punjab,Amritsar,2022,Kharif,Maize,1441.41,34.6,58.8,Alluvial,Drip,244.98,50.68,2836.44,2.79,21889.28,75812.0
5971,Punjab,Amritsar,2022,Kharif,Pulses,1314.84,23.3,42.1,Laterite,Drip,97.94,23.25,592.75,6.05,17566.1,47665.0
5972,Punjab,Amritsar,2022,Rabi,Sugarcane,2043.87,18.6,39.4,Black,Canal,303.33,12.77,2050.84,8.05,37506.81,146723.0
5973,Punjab,Amritsar,2022,Zaid,Cotton,864.72,24.7,64.8,Sandy,Sprinkler,104.53,45.01,4132.56,7.03,20186.02,429785.99999999994
5974,Punjab,Amritsar,2022,Kharif,Cotton,1428.8,30.3,82.2,Laterite,Tube Well,301.79,48.82,3796.0,6.41,44761.62,321531.0
5975,Punjab,Amritsar,2022,Zaid,Maize,2005.27,33.3,83.5,Laterite,Rain-fed,374.86,17.56,3803.05,8.33,32205.3,333234.0
5976,Punjab,Amritsar,2022,Rabi,Barley,2187.96,18.8,78.7,Sandy,Drip,397.11,14.84,1775.64,6.34,61965.35,92861.0
5977,Punjab,Patiala,2022,Kharif,Pulses,1744.76,22.2,41.5,Laterite,Sprinkler,205.53,31.42,4452.22,5.01,32847.22,311219.0
5978,Punjab,Patiala,2022,Rabi,Rice,2067.88,25.2,37.4,Alluvial,Rain-fed,389.02,21.95,3523.08,2.99,27077.34,131132.0
5979,Punjab,Patiala,2022,Zaid,Cotton,1759.46,26.6,45.8,Alluvial,Drip,374.7,21.64,1557.6,6.45,44455.29,89197.0
5980,Punjab,Patiala,2022,Zaid,Rice,946.58,34.6,49.2,Laterite,Drip,448.05,47.22,4488.04,3.09,15006.29,157482.0
5981,Punjab,Patiala,2022,Kharif,Wheat,1024.82,24.3,44.4,Alluvial,Sprinkler,402.52,38.26,3769.14,5.8,12978.17,256221.0
5982,Punjab,Patiala,2022,Kharif,Barley,1223.36,28.3,84.1,Black,Sprinkler,406.14,34.01,3572.9,5.05,34725.83,288423.0
5983,Punjab,Patiala,2022,Rabi,Maize,2183.48,27.7,72.8,Black,Sprinkler,305.09,39.15,491.21,8.27,35443.39,40510.0
5984,Punjab,Patiala,2022,Kharif,Rice,1040.33,35.1,45.5,Sandy,Tube Well,288.41,38.31,2578.67,1.92,49352.44,40772.0
5985,Punjab,Patiala,2022,Zaid,Millets,1902.25,23.4,38.7,Black,Drip,166.71,48.16,3505.39,1.66,22913.14,76395.0
5986,Punjab,Patiala,2022,Kharif,Millets,1621.88,32.5,37.2,Sandy,Sprinkler,235.41,19.6,3109.78,7.12,18130.79,344620.0
5987,Punjab,Patiala,2022,Kharif,Rice,1137.08,34.4,83.1,Alluvial,Drip,339.64,35.01,2797.83,7.59,63115.24,297926.0
5988,Punjab,Patiala,2022,Rabi,Rice,939.23,27.7,49.6,Alluvial,Drip,270.71,21.3,258.18,6.92,16781.36,28867.0
5989,Punjab,Patiala,2022,Rabi,Sugarcane,2081.27,30.3,58.4,Black,Tube Well,283.4,8.34,4380.16,1.49,28637.07,53305.99999999999
5990,Punjab,Patiala,2022,Zaid,Millets,2175.91,29.1,67.2,Red,Sprinkler,214.13,53.34,391.58,4.44,34378.03,20962.0
5991,Punjab,Patiala,2022,Kharif,Maize,2002.88,36.2,72.3,Laterite,Canal,198.27,30.84,1919.87,5.91,44755.52,138052.0
5992,Punjab,Patiala,2022,Kharif,Barley,1486.77,29.2,77.4,Black,Drip,172.76,29.73,3182.17,5.26,47658.31,286737.0
5993,Punjab,Patiala,2022,Rabi,Pulses,491.97,37.1,59.4,Laterite,Canal,207.37,6.86,4150.09,7.54,29367.44,315608.0
5994,Punjab,Patiala,2022,Kharif,Wheat,2157.04,28.3,80.5,Black,Canal,298.32,32.15,3909.73,8.07,25123.22,393732.0
5995,Punjab,Jalandhar,2022,Kharif,Wheat,2073.72,20.4,36.7,Black,Canal,165.74,24.43,4709.27,4.59,47112.62,226841.0
5996,Punjab,Jalandhar,2022,Rabi,Millets,802.49,34.8,39.3,Black,Rain-fed,130.1,20.89,660.47,1.35,29970.78,8332.0
5997,Punjab,Jalandhar,2022,Kharif,Millets,1832.93,27.1,77.9,Black,Tube Well,223.41,52.1,1659.35,6.39,53302.78,180691.0
5998,Punjab,Jalandhar,2022,Kharif,Sugarcane,2024.46,29.2,79.0,Sandy,Rain-fed,312.81,20.96,1560.71,7.55,19561.81,202562.0
5999,Punjab,Jalandhar,2022,Zaid,Millets,1085.26,36.7,71.4,Red,Canal,134.47,14.4,2922.72,4.19,17589.12,128583.99999999999
6000,Punjab,Jalandhar,2022,Rabi,Maize,958.84,35.2,75.0,Sandy,Tube Well,416.1,23.89,4345.14,3.52,52061.54,173848.0
6001,Punjab,Jalandhar,2022,Zaid,Wheat,1345.66,18.8,73.3,Sandy,Sprinkler,132.62,51.94,4737.26,6.93,54204.88,427949.0
6002,Punjab,Jalandhar,2022,Rabi,Maize,477.96,24.9,40.1,Alluvial,Tube Well,237.15,52.26,4243.15,8.45,21431.11,321439.0
6003,Punjab,Jalandhar,2022,Zaid,Cotton,817.48,30.6,69.1,Alluvial,Tube Well,420.21,40.37,4643.02,1.64,33758.78,81096.0
6004,Punjab,Jalandhar,2022,Rabi,Wheat,1971.44,30.6,82.4,Laterite,Drip,347.65,8.47,809.51,1.98,19246.29,21469.0
6005,Punjab,Jalandhar,2022,Zaid,Sugarcane,1342.49,34.2,63.3,Alluvial,Drip,405.16,32.85,4510.61,7.67,52378.39,418205.0
6006,Punjab,Jalandhar,2022,Zaid,Maize,1004.85,18.9,40.8,Red,Drip,199.43,55.63,2388.89,6.02,53323.06,146007.0
6007,Punjab,Jalandhar,2022,Kharif,Rice,947.92,19.6,76.3,Red,Sprinkler,59.09,38.25,748.68,2.09,52085.12,18832.0
6008,Punjab,Jalandhar,2022,Kharif,Maize,1127.82,20.2,72.0,Red,Sprinkler,382.0,45.09,2480.67,6.1,47455.44,243810.0
6009,Punjab,Jalandhar,2022,Zaid,Cotton,759.27,18.3,38.4,Red,Tube Well,142.39,47.44,4576.95,8.0,17349.62,513771.0
6010,Punjab,Jalandhar,2022,Kharif,Pulses,1857.16,32.1,54.9,Red,Rain-fed,138.02,25.36,2611.84,4.61,42878.25,134345.0
6011,Punjab,Jalandhar,2022,Zaid,Maize,904.6,20.0,63.6,Black,Rain-fed,307.07,9.81,1596.79,6.95,44427.75,107597.0
6012,Punjab,Jalandhar,2022,Rabi,Barley,1117.48,29.9,43.8,Laterite,Drip,337.82,21.2,1196.68,3.2,31650.3,53796.0
6013,Punjab,Bathinda,2022,Zaid,Barley,772.73,28.4,55.6,Laterite,Drip,411.91,23.47,138.82,2.33,48253.29,2686.0
6014,Punjab,Bathinda,2022,Rabi,Barley,1631.4,33.5,83.2,Alluvial,Tube Well,266.71,25.83,2906.59,2.2,39135.21,91048.0
6015,Punjab,Bathinda,2022,Kharif,Maize,495.79,30.8,89.8,Alluvial,Drip,137.59,20.54,151.58,2.31,24382.8,6070.0
6016,Punjab,Bathinda,2022,Rabi,Wheat,1735.74,33.9,48.4,Laterite,Sprinkler,205.58,18.31,3028.82,5.23,39288.48,220503.00000000003
6017,Punjab,Bathinda,2022,Kharif,Barley,1268.68,37.3,50.2,Black,Canal,254.85,52.81,3455.1,7.79,64792.49,433943.99999999994
6018,Punjab,Bathinda,2022,Zaid,Wheat,857.37,32.0,77.4,Red,Rain-fed,411.82,6.78,1651.88,5.37,26188.99,92040.0
6019,Punjab,Bathinda,2022,Kharif,Cotton,1703.89,35.8,79.6,Sandy,Sprinkler,351.14,19.32,774.53,1.68,16031.59,15747.999999999998
6020,Punjab,Bathinda,2022,Zaid,Wheat,2112.32,22.2,82.5,Laterite,Canal,141.73,27.54,4453.19,5.77,57867.16,229686.0
6021,Punjab,Bathinda,2022,Zaid,Wheat,863.07,31.5,51.8,Sandy,Drip,421.95,19.39,3817.37,7.78,33237.94,395376.0
6022,Punjab,Bathinda,2022,Zaid,Maize,1331.23,18.8,38.6,Red,Tube Well,173.14,19.12,3185.45,7.47,37719.08,201238.0
6023,Punjab,Bathinda,2022,Rabi,Sugarcane,986.92,19.2,87.2,Red,Canal,432.99,11.03,1291.66,4.93,49945.53,108614.00000000001
6024,Punjab,Bathinda,2022,Rabi,Wheat,1144.07,31.5,81.2,Alluvial,Tube Well,433.23,13.73,1740.75,5.66,13313.84,168589.0
6025,Punjab,Bathinda,2022,Zaid,Millets,1683.5,37.9,77.2,Sandy,Canal,420.46,39.51,3842.24,6.85,55116.34,372164.0
6026,Punjab,Bathinda,2022,Kharif,Sugarcane,1617.73,22.7,36.8,Black,Canal,146.29,37.58,2464.85,6.88,47261.99,260296.0
6027,Punjab,Bathinda,2022,Rabi,Rice,1911.54,19.8,36.3,Alluvial,Canal,284.25,20.65,2984.82,7.6,15709.35,196309.0
6028,Punjab,Bathinda,2022,Rabi,Maize,1947.9,18.5,41.4,Alluvial,Canal,205.33,10.42,3578.57,6.78,58777.24,274887.0
6029,Punjab,Bathinda,2022,Kharif,Barley,1298.82,27.4,56.8,Laterite,Canal,285.52,31.46,131.17,3.57,40029.17,4322.0
6030,Punjab,Bathinda,2022,Kharif,Millets,1266.53,37.1,43.7,Red,Drip,265.58,22.99,4765.65,5.9,40321.36,468814.00000000006
6031,Maharashtra,Pune,2022,Zaid,Cotton,512.86,34.3,73.0,Red,Tube Well,370.87,48.87,460.94,4.85,64156.83,26189.999999999996
6032,Maharashtra,Pune,2022,Rabi,Millets,1081.85,27.7,59.1,Laterite,Sprinkler,314.09,5.15,4511.0,3.4,59060.55,262329.0
6033,Maharashtra,Pune,2022,Zaid,Rice,555.55,25.2,50.9,Sandy,Tube Well,435.28,58.86,1651.68,6.8,19357.65,197828.0
6034,Maharashtra,Pune,2022,Kharif,Barley,1426.3,36.0,57.6,Laterite,Canal,220.89,48.24,4097.48,1.57,36770.07,62704.0
6035,Maharashtra,Pune,2022,Rabi,Cotton,605.87,22.9,67.5,Alluvial,Drip,333.61,28.32,3385.03,3.32,41977.3,188270.0
6036,Maharashtra,Pune,2022,Kharif,Sugarcane,948.96,18.1,38.9,Alluvial,Tube Well,90.34,25.33,2475.04,5.85,37498.32,125904.0
6037,Maharashtra,Pune,2022,Kharif,Cotton,1502.39,18.4,44.9,Alluvial,Canal,150.2,24.05,167.03,7.32,44916.91,21034.0
6038,Maharashtra,Pune,2022,Rabi,Sugarcane,2164.01,21.0,80.3,Laterite,Canal,447.04,15.82,3866.58,3.02,30417.95,99423.0
6039,Maharashtra,Pune,2022,Rabi,Sugarcane,1940.11,33.3,49.3,Red,Tube Well,413.0,31.74,3169.67,5.23,18932.06,151064.0
6040,Maharashtra,Pune,2022,Rabi,Sugarcane,1881.65,36.3,52.7,Laterite,Rain-fed,425.73,58.98,1962.3,6.11,34971.45,149591.0
6041,Maharashtra,Pune,2022,Rabi,Millets,562.28,23.4,50.9,Red,Canal,345.11,40.3,4103.61,2.81,39926.41,126386.99999999999
6042,Maharashtra,Pune,2022,Rabi,Pulses,1905.81,29.9,81.0,Alluvial,Tube Well,59.94,51.33,1236.82,4.28,42971.7,76026.0
6043,Maharashtra,Pune,2022,Rabi,Sugarcane,2146.69,36.0,38.9,Sandy,Drip,384.74,38.39,3194.65,7.18,16796.74,192885.0
6044,Maharashtra,Pune,2022,Rabi,Millets,1397.12,22.9,74.4,Red,Canal,418.0,14.88,1728.51,6.47,31893.0,152187.0
6045,Maharashtra,Pune,2022,Kharif,Rice,1168.18,31.9,73.3,Black,Tube Well,442.77,26.12,548.68,5.97,23485.85,31114.999999999996
6046,Maharashtra,Pune,2022,Kharif,Maize,1506.61,21.9,77.0,Red,Drip,254.37,17.62,1444.89,7.59,61025.76,130127.0
6047,Maharashtra,Pune,2022,Zaid,Wheat,1700.17,24.1,65.0,Sandy,Rain-fed,405.17,13.0,4110.89,4.61,43872.94,291312.0
6048,Maharashtra,Pune,2022,Kharif,Rice,1038.24,26.0,50.7,Sandy,Sprinkler,65.12,21.42,2621.81,7.89,58846.65,274826.0
6049,Maharashtra,Nashik,2022,Kharif,Rice,1542.81,28.7,84.4,Laterite,Canal,248.74,26.57,584.72,3.85,30949.15,29691.000000000004
6050,Maharashtra,Nashik,2022,Zaid,Millets,494.71,37.6,88.9,Alluvial,Drip,215.34,8.76,1004.9,1.66,22717.49,20778.0
6051,Maharashtra,Nashik,2022,Zaid,Barley,957.33,26.9,81.9,Black,Drip,373.84,37.62,4125.65,3.99,26311.71,265230.0
6052,Maharashtra,Nashik,2022,Rabi,Pulses,774.5,24.4,48.8,Black,Tube Well,90.83,18.47,563.89,7.91,42529.69,43652.0
6053,Maharashtra,Nashik,2022,Kharif,Sugarcane,2012.72,24.5,79.2,Red,Rain-fed,92.67,18.1,314.89,6.38,46293.04,16534.0
6054,Maharashtra,Nashik,2022,Rabi,Sugarcane,560.96,33.4,44.4,Alluvial,Drip,293.89,21.22,1923.05,6.31,37470.55,169546.0
6055,Maharashtra,Nashik,2022,Rabi,Pulses,1416.03,19.3,87.6,Alluvial,Drip,438.04,58.81,4141.83,6.27,37084.74,339830.0
6056,Maharashtra,Nashik,2022,Kharif,Millets,600.89,37.2,43.3,Black,Drip,118.43,21.72,3063.98,5.14,37792.2,258777.0
6057,Maharashtra,Nashik,2022,Kharif,Wheat,1162.18,24.9,71.1,Alluvial,Drip,418.94,48.9,3878.13,1.71,30858.08,61740.0
6058,Maharashtra,Nashik,2022,Zaid,Maize,2056.35,26.9,58.9,Red,Rain-fed,313.51,30.13,3365.38,1.45,55092.51,65091.99999999999
6059,Maharashtra,Nashik,2022,Zaid,Rice,1215.08,31.0,49.9,Laterite,Sprinkler,268.98,37.8,1310.97,6.34,18104.37,113320.0
6060,Maharashtra,Nashik,2022,Rabi,Sugarcane,1052.47,18.7,42.6,Red,Drip,179.64,26.81,1344.96,6.61,32473.47,127335.99999999999
6061,Maharashtra,Nashik,2022,Rabi,Maize,1980.12,18.2,63.1,Alluvial,Tube Well,294.16,57.11,4036.01,1.7,38473.71,67142.0
6062,Maharashtra,Nashik,2022,Rabi,Sugarcane,2029.83,26.3,43.4,Black,Canal,264.69,14.7,3862.99,3.6,30319.95,182041.0
6063,Maharashtra,Nashik,2022,Rabi,Maize,752.41,29.2,63.5,Black,Canal,156.22,59.5,2901.26,1.88,26446.65,58697.0
6064,Maharashtra,Nashik,2022,Kharif,Cotton,1942.78,21.7,53.5,Sandy,Drip,343.59,39.94,2967.32,2.56,22185.39,67407.0
6065,Maharashtra,Nashik,2022,Zaid,Rice,593.79,28.2,63.1,Alluvial,Tube Well,396.4,57.82,4714.28,6.77,20463.67,443993.99999999994
6066,Maharashtra,Nashik,2022,Rabi,Cotton,785.92,36.3,77.1,Red,Canal,308.09,50.88,3079.78,2.9,19200.81,78955.0
6067,Maharashtra,Nagpur,2022,Rabi,Pulses,1984.49,26.5,81.8,Laterite,Sprinkler,232.16,45.71,2250.38,1.73,36091.35,36513.0
6068,Maharashtra,Nagpur,2022,Kharif,Millets,1710.76,30.6,87.9,Red,Canal,344.23,58.8,1251.7,3.32,13424.96,60811.0
6069,Maharashtra,Nagpur,2022,Zaid,Maize,1646.6,19.9,42.5,Sandy,Drip,54.2,47.83,2604.16,7.58,63716.13,201085.0
6070,Maharashtra,Nagpur,2022,Zaid,Pulses,1786.61,27.2,37.7,Black,Tube Well,109.29,55.52,4632.84,7.79,46763.12,638088.0
6071,Maharashtra,Nagpur,2022,Zaid,Millets,2044.31,26.7,72.4,Black,Tube Well,390.42,57.89,4960.77,2.58,52157.51,229467.0
6072,Maharashtra,Nagpur,2022,Zaid,Maize,1890.4,36.6,35.4,Alluvial,Canal,319.06,16.55,715.13,1.42,28054.67,11054.0
6073,Maharashtra,Nagpur,2022,Kharif,Cotton,1039.52,24.0,50.1,Sandy,Canal,375.36,15.17,929.18,8.23,59894.55,107396.0
6074,Maharashtra,Nagpur,2022,Zaid,Millets,676.35,21.5,77.5,Red,Rain-fed,128.96,30.72,920.11,1.35,57763.35,16550.0
6075,Maharashtra,Nagpur,2022,Zaid,Sugarcane,2115.69,27.8,56.1,Red,Sprinkler,371.94,40.09,4109.38,3.66,31481.56,211182.00000000003
6076,Maharashtra,Nagpur,2022,Zaid,Maize,1744.81,37.2,54.2,Sandy,Rain-fed,204.85,25.26,2801.34,4.37,58641.65,175226.0
6077,Maharashtra,Nagpur,2022,Zaid,Rice,2137.39,36.7,35.2,Alluvial,Tube Well,370.24,42.44,4102.89,1.88,34360.76,78659.0
6078,Maharashtra,Nagpur,2022,Zaid,Sugarcane,1776.53,28.1,71.9,Red,Tube Well,155.56,51.89,4529.05,7.3,58440.22,487232.0
6079,Maharashtra,Nagpur,2022,Rabi,Barley,1608.72,37.3,57.1,Alluvial,Drip,215.86,15.12,237.54,4.31,19503.27,16371.0
6080,Maharashtra,Nagpur,2022,Zaid,Wheat,1447.09,20.2,76.4,Red,Sprinkler,234.14,17.42,3562.44,7.3,55708.13,417475.0
6081,Maharashtra,Nagpur,2022,Rabi,Cotton,534.54,29.1,72.9,Laterite,Rain-fed,116.33,22.62,1458.69,5.85,23813.13,148003.0
6082,Maharashtra,Nagpur,2022,Rabi,Cotton,1513.69,19.6,63.2,Alluvial,Sprinkler,172.85,37.8,1770.94,1.29,19453.22,34967.0
6083,Maharashtra,Nagpur,2022,Zaid,Pulses,1591.96,29.2,59.1,Sandy,Canal,200.39,9.69,1962.13,3.5,12291.13,116692.0
6084,Maharashtra,Nagpur,2022,Rabi,Cotton,1471.94,34.9,59.3,Sandy,Tube Well,292.07,11.46,1918.75,3.23,52020.67,51433.00000000001
6085,Maharashtra,Aurangabad,2022,Zaid,Wheat,1345.18,18.3,74.3,Black,Rain-fed,200.75,32.38,2619.87,2.37,42377.42,95216.0
6086,Maharashtra,Aurangabad,2022,Rabi,Maize,1799.33,28.0,84.7,Alluvial,Rain-fed,229.87,32.72,2340.61,2.45,38722.51,49528.0
6087,Maharashtra,Aurangabad,2022,Zaid,Barley,734.25,30.7,68.8,Black,Canal,143.63,31.92,3001.93,3.5,60231.62,182004.0
6088,Maharashtra,Aurangabad,2022,Zaid,Cotton,771.87,19.9,38.2,Laterite,Drip,105.69,27.78,1228.9,7.49,31620.56,128845.0
6089,Maharashtra,Aurangabad,2022,Rabi,Cotton,1102.86,28.4,54.9,Laterite,Rain-fed,373.1,23.79,2112.54,1.42,12919.02,52890.0
6090,Maharashtra,Aurangabad,2022,Zaid,Millets,1048.75,21.9,69.1,Alluvial,Sprinkler,115.24,36.29,4931.22,5.09,52841.49,437970.0
6091,Maharashtra,Aurangabad,2022,Zaid,Cotton,473.48,23.6,89.4,Black,Rain-fed,150.52,44.93,4604.99,5.44,16298.56,410008.0
6092,Maharashtra,Aurangabad,2022,Rabi,Wheat,1057.54,36.0,37.8,Alluvial,Drip,204.17,34.96,3423.9,1.21,28866.72,68868.0
6093,Maharashtra,Aurangabad,2022,Kharif,Cotton,896.09,32.1,40.1,Laterite,Sprinkler,337.1,46.28,2565.53,5.69,20162.0,182566.0
6094,Maharashtra,Aurangabad,2022,Kharif,Cotton,1374.99,18.7,36.2,Red,Rain-fed,145.85,43.52,781.36,2.47,29188.65,21556.0
6095,Maharashtra,Aurangabad,2022,Kharif,Wheat,1068.66,32.4,41.1,Alluvial,Canal,71.01,50.55,4975.15,2.14,39013.55,153807.0
6096,Maharashtra,Aurangabad,2022,Rabi,Rice,2004.93,23.1,42.9,Alluvial,Drip,194.71,56.86,2579.22,4.2,14333.01,151397.0
6097,Maharashtra,Aurangabad,2022,Kharif,Maize,963.96,30.4,87.3,Sandy,Drip,62.48,10.78,2755.25,3.57,20668.98,87055.0
6098,Maharashtra,Aurangabad,2022,Rabi,Millets,472.36,32.3,86.9,Alluvial,Drip,101.7,36.02,3860.45,5.44,59090.59,363130.0
6099,Maharashtra,Aurangabad,2022,Rabi,Millets,597.48,35.3,84.7,Black,Rain-fed,361.51,48.6,154.29,4.96,62374.29,13619.0
6100,Maharashtra,Aurangabad,2022,Zaid,Cotton,470.01,18.2,75.5,Sandy,Drip,195.78,54.06,4777.31,2.02,47187.96,130666.00000000001
6101,Maharashtra,Aurangabad,2022,Zaid,Cotton,1745.01,27.9,87.3,Sandy,Canal,163.52,21.44,2577.68,5.51,36060.77,135638.0
6102,Maharashtra,Aurangabad,2022,Rabi,Rice,1129.46,33.5,75.2,Black,Canal,214.22,41.66,2007.2,4.07,45254.54,80404.0
6103,Maharashtra,Kolhapur,2022,Rabi,Maize,1473.87,26.8,80.2,Sandy,Rain-fed,394.36,30.28,2761.02,7.23,27516.47,263433.0
6104,Maharashtra,Kolhapur,2022,Kharif,Rice,1109.06,35.8,86.5,Red,Canal,220.45,23.89,3938.53,3.36,39037.32,144680.0
6105,Maharashtra,Kolhapur,2022,Rabi,Pulses,2177.86,33.7,57.7,Laterite,Drip,264.2,47.49,688.89,3.14,18056.62,32835.0
6106,Maharashtra,Kolhapur,2022,Kharif,Sugarcane,1839.16,18.6,45.5,Black,Rain-fed,230.18,55.98,1727.19,3.23,20956.03,97377.0
6107,Maharashtra,Kolhapur,2022,Zaid,Sugarcane,680.53,18.1,80.0,Red,Drip,182.78,37.59,880.36,6.45,37252.72,93121.0
6108,Maharashtra,Kolhapur,2022,Zaid,Barley,2079.82,35.0,59.0,Red,Drip,321.41,18.46,3281.92,4.24,22267.41,198321.0
6109,Maharashtra,Kolhapur,2022,Zaid,Pulses,1631.27,20.9,89.4,Black,Tube Well,397.38,5.39,3512.64,1.9,19929.7,60734.0
6110,Maharashtra,Kolhapur,2022,Zaid,Barley,1322.79,25.4,66.3,Alluvial,Canal,211.76,39.73,478.34,1.84,60949.76,14730.000000000002
6111,Maharashtra,Kolhapur,2022,Zaid,Maize,1300.95,35.3,52.6,Alluvial,Tube Well,275.37,58.41,3062.55,7.07,14890.64,240735.0
6112,Maharashtra,Kolhapur,2022,Kharif,Millets,1599.76,18.4,76.1,Red,Canal,170.6,15.23,4696.05,6.73,14902.37,400544.0
6113,Maharashtra,Kolhapur,2022,Kharif,Rice,435.4,27.2,42.3,Laterite,Canal,320.61,12.19,4064.29,5.47,61387.24,307641.0
6114,Maharashtra,Kolhapur,2022,Kharif,Cotton,754.55,30.7,80.6,Alluvial,Sprinkler,86.26,25.57,1036.84,5.52,55767.47,102038.0
6115,Maharashtra,Kolhapur,2022,Kharif,Millets,657.07,23.4,89.7,Alluvial,Canal,292.36,17.68,505.07,3.71,55176.25,18541.0
6116,Maharashtra,Kolhapur,2022,Zaid,Pulses,1465.8,25.6,68.4,Alluvial,Sprinkler,189.72,24.84,1589.67,5.54,15996.46,152359.0
6117,Maharashtra,Kolhapur,2022,Zaid,Pulses,2040.52,27.9,48.0,Black,Drip,99.55,43.85,1001.23,2.83,59760.55,30202.999999999996
6118,Maharashtra,Kolhapur,2022,Kharif,Millets,818.33,22.3,85.2,Sandy,Sprinkler,337.93,25.24,4612.4,4.58,59555.13,189494.0
6119,Maharashtra,Kolhapur,2022,Kharif,Barley,437.1,31.2,48.7,Laterite,Canal,242.08,36.11,237.69,3.65,20270.1,13731.0
6120,Maharashtra,Kolhapur,2022,Zaid,Maize,1288.08,36.1,89.1,Laterite,Drip,89.31,50.51,4287.49,6.82,36262.77,384352.0
6121,Karnataka,Bengaluru,2022,Rabi,Millets,1315.16,21.1,56.3,Sandy,Drip,53.64,52.22,1102.25,6.62,61434.71,85596.0
6122,Karnataka,Bengaluru,2022,Kharif,Barley,1158.25,24.4,69.0,Black,Canal,246.15,35.25,1131.02,2.27,23415.71,28964.999999999996
6123,Karnataka,Bengaluru,2022,Zaid,Pulses,1005.9,25.0,43.6,Alluvial,Canal,411.28,48.46,4348.7,7.34,61710.63,363366.0
6124,Karnataka,Bengaluru,2022,Kharif,Pulses,1654.69,28.9,89.0,Alluvial,Sprinkler,66.8,31.62,3936.47,4.72,18625.07,243048.99999999997
6125,Karnataka,Bengaluru,2022,Zaid,Rice,1404.4,28.1,35.5,Sandy,Canal,256.81,35.72,337.99,7.89,23696.75,35925.0
6126,Karnataka,Bengaluru,2022,Rabi,Rice,1739.67,22.4,84.1,Alluvial,Drip,142.62,6.2,2037.2,2.6,38139.82,72213.0
6127,Karnataka,Bengaluru,2022,Rabi,Barley,1447.14,18.0,42.3,Sandy,Tube Well,339.93,8.32,2404.11,3.02,27198.97,79293.0
6128,Karnataka,Bengaluru,2022,Zaid,Wheat,1549.63,20.3,43.6,Alluvial,Rain-fed,81.72,46.96,2269.06,6.54,45782.06,226992.0
6129,Karnataka,Bengaluru,2022,Zaid,Cotton,1942.91,18.0,62.2,Black,Canal,280.05,9.46,3062.27,3.04,21041.81,105227.0
6130,Karnataka,Bengaluru,2022,Kharif,Maize,1274.17,22.2,71.7,Red,Rain-fed,443.7,48.45,4281.59,5.42,42043.43,308552.0
6131,Karnataka,Bengaluru,2022,Kharif,Wheat,591.72,36.5,50.3,Black,Canal,51.46,10.74,428.47,7.61,37791.16,51804.99999999999
6132,Karnataka,Bengaluru,2022,Zaid,Wheat,1253.47,22.9,52.7,Black,Tube Well,191.74,42.34,1538.19,7.63,51453.22,143979.0
6133,Karnataka,Bengaluru,2022,Zaid,Pulses,1070.55,23.3,40.3,Red,Sprinkler,304.2,14.86,3984.95,3.46,28181.9,121558.0
6134,Karnataka,Bengaluru,2022,Zaid,Barley,606.03,30.3,80.7,Sandy,Drip,178.94,48.41,1757.72,6.55,63972.2,186668.0
6135,Karnataka,Bengaluru,2022,Kharif,Wheat,550.78,26.5,88.4,Alluvial,Rain-fed,431.75,56.31,796.4,2.52,18865.14,26397.000000000004
6136,Karnataka,Bengaluru,2022,Rabi,Wheat,1208.57,26.4,66.2,Laterite,Rain-fed,100.72,16.37,3893.72,2.06,37786.92,70939.0
6137,Karnataka,Bengaluru,2022,Zaid,Sugarcane,2143.97,19.8,52.3,Alluvial,Drip,244.71,23.16,2296.34,1.47,17455.46,35274.0
6138,Karnataka,Bengaluru,2022,Rabi,Millets,1901.05,25.8,71.0,Black,Sprinkler,313.03,36.39,3387.96,2.13,52706.28,77541.0
6139,Karnataka,Mysuru,2022,Zaid,Sugarcane,631.32,21.4,36.4,Laterite,Sprinkler,292.14,19.63,290.46,4.91,60086.94,13211.000000000002
6140,Karnataka,Mysuru,2022,Kharif,Barley,1252.9,23.9,57.6,Black,Tube Well,338.94,44.13,4856.04,2.68,30907.21,211469.99999999997
6141,Karnataka,Mysuru,2022,Rabi,Cotton,549.06,35.5,72.9,Laterite,Drip,55.43,23.29,595.12,7.92,52984.75,72895.0
6142,Karnataka,Mysuru,2022,Rabi,Rice,1128.52,31.5,86.2,Laterite,Rain-fed,218.31,17.12,4323.03,5.4,34146.78,294319.0
6143,Karnataka,Mysuru,2022,Rabi,Millets,1526.17,34.8,45.3,Red,Tube Well,239.02,41.27,4295.47,6.51,57118.31,497039.00000000006
6144,Karnataka,Mysuru,2022,Rabi,Wheat,878.52,30.6,78.9,Black,Canal,160.01,42.24,4428.01,7.86,57177.18,306410.0
6145,Karnataka,Mysuru,2022,Kharif,Sugarcane,1276.12,21.8,41.2,Alluvial,Drip,439.22,20.28,2577.29,8.34,62969.4,270499.0
6146,Karnataka,Mysuru,2022,Zaid,Rice,1724.85,21.6,43.4,Alluvial,Tube Well,275.77,28.01,1191.45,3.37,38386.44,66977.0
6147,Karnataka,Mysuru,2022,Zaid,Cotton,2196.04,34.9,88.5,Alluvial,Rain-fed,220.04,59.43,2360.29,6.54,51085.27,127081.0
6148,Karnataka,Mysuru,2022,Kharif,Millets,1712.44,25.4,89.5,Red,Drip,199.36,38.8,688.33,3.11,20047.53,37166.0
6149,Karnataka,Mysuru,2022,Kharif,Maize,507.57,26.8,62.7,Black,Canal,447.19,59.66,1318.85,3.58,24193.69,50866.0
6150,Karnataka,Mysuru,2022,Zaid,Sugarcane,2022.49,21.1,65.6,Sandy,Tube Well,419.13,32.14,2970.51,7.78,23581.49,260646.0
6151,Karnataka,Mysuru,2022,Kharif,Wheat,1498.87,33.7,90.0,Red,Rain-fed,397.51,37.88,2521.83,5.19,44846.52,230728.00000000003
6152,Karnataka,Mysuru,2022,Zaid,Sugarcane,673.95,28.3,77.3,Alluvial,Canal,393.37,37.77,3403.96,5.71,31363.16,240860.0
6153,Karnataka,Mysuru,2022,Rabi,Millets,533.86,33.2,80.0,Black,Drip,284.09,36.15,3684.38,1.59,25238.84,101326.0
6154,Karnataka,Mysuru,2022,Zaid,Barley,1607.23,26.8,57.9,Red,Sprinkler,114.94,28.8,2281.97,8.1,12993.42,240700.0
6155,Karnataka,Mysuru,2022,Zaid,Barley,850.67,25.3,42.6,Laterite,Rain-fed,448.67,23.07,2471.14,2.27,40502.18,63466.0
6156,Karnataka,Mysuru,2022,Kharif,Cotton,1159.94,22.3,84.9,Alluvial,Rain-fed,413.4,36.05,2398.57,5.57,12216.04,165840.0
6157,Karnataka,Hubli,2022,Kharif,Barley,1137.1,19.2,82.3,Black,Rain-fed,413.26,49.83,1872.54,2.4,49093.41,54402.0
6158,Karnataka,Hubli,2022,Zaid,Millets,600.43,35.6,36.2,Alluvial,Tube Well,114.37,26.72,3577.84,8.17,63878.08,522017.0
6159,Karnataka,Hubli,2022,Kharif,Wheat,1117.04,29.3,52.5,Red,Canal,448.42,38.5,3552.48,1.37,20559.84,73592.0
6160,Karnataka,Hubli,2022,Rabi,Rice,965.72,33.9,40.7,Sandy,Sprinkler,245.8,15.67,1158.29,5.59,43028.48,81304.0
6161,Karnataka,Hubli,2022,Zaid,Sugarcane,974.98,35.0,48.0,Laterite,Rain-fed,240.1,7.6,2087.84,7.03,42990.87,139381.0
6162,Karnataka,Hubli,2022,Zaid,Maize,970.54,26.5,79.1,Laterite,Sprinkler,376.18,24.12,3331.51,4.16,25237.62,239098.0
6163,Karnataka,Hubli,2022,Zaid,Millets,1721.28,20.7,51.7,Red,Sprinkler,90.05,30.32,3846.03,5.61,62544.45,198295.0
6164,Karnataka,Hubli,2022,Zaid,Pulses,1423.84,36.4,82.0,Alluvial,Rain-fed,201.21,55.61,3914.71,6.26,27576.98,436718.0
6165,Karnataka,Hubli,2022,Zaid,Sugarcane,1960.07,25.3,77.8,Alluvial,Canal,439.45,49.69,1425.85,5.64,26603.72,115164.00000000001
6166,Karnataka,Hubli,2022,Rabi,Cotton,602.77,18.2,35.4,Sandy,Rain-fed,296.18,34.38,2373.96,5.9,31924.02,207728.00000000003
6167,Karnataka,Hubli,2022,Zaid,Millets,574.86,27.9,67.6,Sandy,Sprinkler,398.01,50.38,1973.75,8.27,31820.65,287027.0
6168,Karnataka,Hubli,2022,Zaid,Rice,1569.12,22.0,61.0,Red,Rain-fed,51.71,36.88,2526.27,2.81,17766.56,127447.0
6169,Karnataka,Hubli,2022,Rabi,Millets,482.24,25.0,51.2,Red,Canal,301.04,32.19,2526.52,1.64,62266.65,55235.0
6170,Karnataka,Hubli,2022,Zaid,Barley,1827.72,36.5,48.2,Sandy,Drip,86.13,55.79,2662.68,1.53,26285.97,70406.0
6171,Karnataka,Hubli,2022,Zaid,Pulses,1052.52,31.7,40.8,Laterite,Drip,401.84,39.59,915.06,8.32,14605.62,100526.0
6172,Karnataka,Hubli,2022,Rabi,Millets,1549.52,23.8,87.9,Sandy,Canal,201.17,32.45,4095.31,5.09,35608.19,219898.0
6173,Karnataka,Hubli,2022,Kharif,Barley,1596.44,27.6,45.5,Black,Canal,56.95,13.28,3511.83,3.85,40241.52,187555.0
6174,Karnataka,Hubli,2022,Rabi,Pulses,483.56,37.3,77.8,Red,Rain-fed,287.66,41.6,3383.09,4.04,43667.87,211067.0
6175,Karnataka,Belagavi,2022,Rabi,Pulses,874.5,31.7,44.6,Laterite,Drip,134.79,29.05,2141.25,6.8,43400.33,144515.0
6176,Karnataka,Belagavi,2022,Zaid,Barley,1442.92,31.2,43.7,Laterite,Canal,91.48,23.15,2913.0,5.42,42398.43,188893.0
6177,Karnataka,Belagavi,2022,Zaid,Pulses,1866.13,28.9,74.1,Sandy,Rain-fed,273.91,12.62,1406.79,7.04,50802.79,159349.0
6178,Karnataka,Belagavi,2022,Zaid,Rice,1665.52,25.4,51.9,Red,Canal,105.56,28.39,1148.86,6.74,28032.89,103641.00000000001
6179,Karnataka,Belagavi,2022,Kharif,Cotton,744.69,28.1,86.2,Red,Rain-fed,148.76,46.15,4330.88,4.27,27700.03,307128.0
6180,Karnataka,Belagavi,2022,Rabi,Millets,575.15,37.0,66.4,Laterite,Canal,97.13,46.27,4381.57,6.11,55681.55,331070.0
6181,Karnataka,Belagavi,2022,Zaid,Millets,622.74,18.4,62.7,Red,Rain-fed,401.69,41.24,2591.42,5.08,20458.37,196672.0
6182,Karnataka,Belagavi,2022,Kharif,Wheat,1911.86,29.3,45.5,Black,Canal,198.41,44.08,2541.04,4.6,57905.26,158271.0
6183,Karnataka,Belagavi,2022,Kharif,Sugarcane,2135.7,20.4,43.0,Alluvial,Canal,200.18,8.86,715.9,7.24,52994.25,69684.0
6184,Karnataka,Belagavi,2022,Kharif,Rice,1480.07,30.2,87.8,Red,Tube Well,420.28,33.71,3486.58,4.66,44907.34,134945.0
6185,Karnataka,Belagavi,2022,Rabi,Millets,452.4,27.2,59.7,Laterite,Drip,207.22,19.67,4831.1,1.64,21283.46,94116.0
6186,Karnataka,Belagavi,2022,Kharif,Wheat,1524.25,38.0,81.0,Sandy,Sprinkler,331.93,26.58,3867.04,5.27,19873.26,267039.0
6187,Karnataka,Belagavi,2022,Kharif,Cotton,747.94,27.4,41.9,Laterite,Rain-fed,91.54,33.13,3196.72,5.91,41408.61,282151.0
6188,Karnataka,Belagavi,2022,Zaid,Sugarcane,460.01,37.3,70.3,Alluvial,Sprinkler,116.22,59.59,188.21,4.85,55738.53,14505.000000000002
6189,Karnataka,Belagavi,2022,Zaid,Maize,496.21,23.6,38.9,Sandy,Drip,437.2,37.78,4152.38,3.61,63125.33,247214.0
6190,Karnataka,Belagavi,2022,Zaid,Maize,515.1,35.6,49.1,Laterite,Drip,307.86,20.15,4934.7,5.79,57213.35,503779.0
6191,Karnataka,Belagavi,2022,Rabi,Rice,957.21,37.0,81.8,Laterite,Sprinkler,448.85,5.34,3737.56,8.26,54830.63,359169.0
6192,Karnataka,Belagavi,2022,Zaid,Pulses,964.61,30.2,77.3,Sandy,Sprinkler,264.12,51.58,629.1,2.19,27252.35,16437.0
6193,Karnataka,Mangalore,2022,Kharif,Wheat,1210.17,28.8,64.6,Sandy,Drip,299.65,32.47,3991.19,4.8,13160.4,260844.99999999997
6194,Karnataka,Mangalore,2022,Zaid,Maize,724.36,20.9,69.9,Red,Canal,436.87,12.59,4320.85,3.76,19960.43,173708.0
6195,Karnataka,Mangalore,2022,Zaid,Millets,1678.14,37.4,66.1,Red,Canal,100.07,52.46,1722.57,8.48,35275.34,204499.0
6196,Karnataka,Mangalore,2022,Rabi,Barley,951.21,29.9,60.0,Sandy,Sprinkler,249.04,12.18,1163.43,1.29,37416.52,25548.0
6197,Karnataka,Mangalore,2022,Rabi,Millets,467.92,22.1,89.5,Laterite,Tube Well,425.62,44.53,3907.72,3.93,45743.21,264089.0
6198,Karnataka,Mangalore,2022,Zaid,Sugarcane,613.47,23.6,73.7,Black,Sprinkler,319.76,44.19,4718.48,5.71,53822.46,265723.0
6199,Karnataka,Mangalore,2022,Rabi,Cotton,1747.86,33.6,64.4,Laterite,Drip,379.5,7.26,1826.89,7.88,34679.36,131732.0
6200,Karnataka,Mangalore,2022,Zaid,Barley,1358.63,24.5,63.5,Laterite,Drip,315.74,48.63,273.45,5.81,58938.15,26181.0
6201,Karnataka,Mangalore,2022,Kharif,Cotton,1361.56,21.7,37.6,Alluvial,Rain-fed,160.85,5.59,1866.65,2.74,51130.64,73332.0
6202,Karnataka,Mangalore,2022,Rabi,Barley,673.65,25.1,67.6,Black,Sprinkler,109.13,52.03,1098.93,1.38,53277.0,26547.000000000004
6203,Karnataka,Mangalore,2022,Kharif,Cotton,2153.09,34.5,84.2,Sandy,Canal,87.35,42.64,2200.49,3.31,32557.54,123480.0
6204,Karnataka,Mangalore,2022,Rabi,Sugarcane,767.5,35.7,62.2,Red,Drip,118.51,26.49,774.69,2.27,36209.53,15029.0
6205,Karnataka,Mangalore,2022,Zaid,Maize,2013.87,31.9,42.7,Red,Tube Well,381.2,54.64,1917.69,6.14,39125.81,101460.0
6206,Karnataka,Mangalore,2022,Rabi,Barley,1522.53,31.9,55.6,Laterite,Rain-fed,284.06,38.15,2435.44,3.73,52201.77,121350.0
6207,Karnataka,Mangalore,2022,Kharif,Rice,1235.65,28.9,88.3,Sandy,Rain-fed,179.06,25.32,548.45,5.1,41916.74,40654.0
6208,Karnataka,Mangalore,2022,Zaid,Pulses,765.38,24.9,46.4,Alluvial,Canal,401.78,45.73,929.28,3.34,58078.11,27223.0
6209,Karnataka,Mangalore,2022,Kharif,Pulses,1024.42,32.3,75.5,Black,Rain-fed,348.08,20.47,937.9,8.14,25057.6,82143.0
6210,Karnataka,Mangalore,2022,Zaid,Maize,1144.93,36.2,63.0,Red,Rain-fed,343.56,38.16,1140.55,3.52,44607.44,48675.0
6211,Tamil Nadu,Chennai,2022,Rabi,Barley,2143.74,22.5,57.2,Laterite,Rain-fed,98.98,32.11,2921.91,5.75,54822.53,178230.0
6212,Tamil Nadu,Chennai,2022,Zaid,Millets,2144.57,27.7,88.0,Laterite,Tube Well,287.72,37.0,942.84,1.56,18886.28,24837.0
6213,Tamil Nadu,Chennai,2022,Zaid,Sugarcane,1270.86,21.5,57.7,Laterite,Tube Well,276.15,33.51,234.99,1.68,59962.38,7061.0
6214,Tamil Nadu,Chennai,2022,Kharif,Millets,597.45,36.8,46.9,Laterite,Canal,104.46,16.28,3061.1,1.9,58232.72,47927.0
6215,Tamil Nadu,Chennai,2022,Kharif,Pulses,558.9,35.5,85.0,Laterite,Tube Well,108.31,37.22,553.3,4.77,45258.03,41758.0
6216,Tamil Nadu,Chennai,2022,Kharif,Maize,1267.19,24.0,37.6,Laterite,Rain-fed,346.27,7.64,974.57,5.75,60581.15,83078.0
6217,Tamil Nadu,Chennai,2022,Rabi,Cotton,2161.52,27.1,86.7,Red,Sprinkler,396.12,34.57,1354.1,5.58,19026.86,108271.0
6218,Tamil Nadu,Chennai,2022,Rabi,Cotton,1628.97,27.4,49.5,Sandy,Sprinkler,199.92,49.62,3916.32,1.9,27850.02,87359.0
6219,Tamil Nadu,Chennai,2022,Rabi,Wheat,1830.07,19.7,88.9,Alluvial,Sprinkler,238.39,31.91,2620.77,6.58,53551.76,245666.0
6220,Tamil Nadu,Chennai,2022,Rabi,Sugarcane,2031.26,23.6,68.7,Red,Rain-fed,191.29,53.22,2371.57,3.79,25055.4,145341.0
6221,Tamil Nadu,Chennai,2022,Zaid,Pulses,1103.54,35.0,89.3,Alluvial,Drip,351.64,15.42,2636.84,5.44,19325.88,130169.0
6222,Tamil Nadu,Chennai,2022,Kharif,Wheat,1149.2,37.6,47.4,Black,Rain-fed,337.24,39.77,3012.21,7.85,30154.15,245614.0
6223,Tamil Nadu,Chennai,2022,Zaid,Wheat,1299.52,18.9,56.5,Laterite,Drip,84.63,9.8,873.97,3.87,56472.88,51085.0
6224,Tamil Nadu,Chennai,2022,Kharif,Rice,1962.31,36.3,86.7,Alluvial,Canal,55.94,30.81,3877.7,1.69,51097.05,92538.0
6225,Tamil Nadu,Chennai,2022,Kharif,Rice,1800.1,35.6,44.8,Laterite,Drip,306.73,30.34,2767.43,3.42,31465.3,166682.0
6226,Tamil Nadu,Chennai,2022,Zaid,Cotton,1769.83,30.0,88.0,Sandy,Drip,259.34,24.51,3146.2,5.46,40293.3,263389.0
6227,Tamil Nadu,Chennai,2022,Rabi,Wheat,1385.62,28.5,44.9,Black,Canal,354.41,22.47,1728.66,6.98,60433.21,172103.0
6228,Tamil Nadu,Chennai,2022,Zaid,Millets,2105.22,34.6,46.4,Black,Rain-fed,287.59,37.3,1685.57,7.93,56695.99,116597.0
6229,Tamil Nadu,Coimbatore,2022,Kharif,Sugarcane,1289.81,30.8,83.4,Red,Drip,173.99,12.86,3598.28,2.26,25818.07,72429.0
6230,Tamil Nadu,Coimbatore,2022,Kharif,Wheat,1586.65,19.8,70.5,Laterite,Rain-fed,85.12,46.1,1797.65,2.82,42779.98,67071.0
6231,Tamil Nadu,Coimbatore,2022,Rabi,Millets,2130.95,30.9,50.8,Red,Drip,131.68,14.5,4309.46,7.05,21969.33,445235.00000000006
6232,Tamil Nadu,Coimbatore,2022,Rabi,Sugarcane,668.14,30.1,39.9,Alluvial,Tube Well,329.04,22.08,3840.44,5.3,14796.38,277729.0
6233,Tamil Nadu,Coimbatore,2022,Kharif,Sugarcane,1980.01,20.8,84.6,Sandy,Drip,134.52,28.67,3587.86,6.46,18229.7,271565.0
6234,Tamil Nadu,Coimbatore,2022,Rabi,Maize,887.98,26.7,63.7,Red,Rain-fed,196.72,25.76,2261.25,4.25,44094.1,120463.00000000001
6235,Tamil Nadu,Coimbatore,2022,Zaid,Rice,836.36,18.6,41.0,Sandy,Sprinkler,320.47,8.81,1216.18,1.48,14132.54,27770.0
6236,Tamil Nadu,Coimbatore,2022,Rabi,Rice,593.8,34.0,79.3,Alluvial,Rain-fed,365.88,21.46,3985.07,6.47,19276.64,354665.0
6237,Tamil Nadu,Coimbatore,2022,Rabi,Barley,622.14,35.9,82.4,Red,Tube Well,379.83,25.72,2856.56,4.42,55159.67,159092.0
6238,Tamil Nadu,Coimbatore,2022,Zaid,Rice,1900.78,35.3,39.0,Alluvial,Canal,87.26,14.48,3072.91,5.93,49797.87,146684.0
6239,Tamil Nadu,Coimbatore,2022,Zaid,Maize,1261.93,37.2,51.8,Laterite,Drip,94.9,57.79,4351.65,7.34,30717.12,303988.0
6240,Tamil Nadu,Coimbatore,2022,Rabi,Sugarcane,1396.59,26.9,54.2,Laterite,Sprinkler,296.66,59.61,1834.49,2.52,36821.56,57348.0
6241,Tamil Nadu,Coimbatore,2022,Rabi,Sugarcane,702.42,30.8,82.8,Sandy,Drip,347.6,29.91,1098.32,6.36,19864.61,77959.0
6242,Tamil Nadu,Coimbatore,2022,Rabi,Millets,705.58,19.1,50.9,Sandy,Drip,75.99,26.65,1908.8,7.21,44402.88,155231.0
6243,Tamil Nadu,Coimbatore,2022,Zaid,Millets,817.42,31.8,86.4,Sandy,Sprinkler,413.64,7.94,656.95,2.39,37672.69,13935.0
6244,Tamil Nadu,Coimbatore,2022,Zaid,Maize,795.6,34.7,42.5,Alluvial,Tube Well,152.41,33.1,1063.28,3.34,51136.54,33471.0
6245,Tamil Nadu,Coimbatore,2022,Kharif,Rice,713.79,20.9,75.2,Black,Drip,62.3,47.93,1148.9,1.29,12199.89,26475.0
6246,Tamil Nadu,Coimbatore,2022,Rabi,Cotton,1935.67,30.8,50.1,Sandy,Sprinkler,403.14,20.3,4557.17,1.94,47096.91,110330.0
6247,Tamil Nadu,Madurai,2022,Zaid,Millets,500.58,24.8,78.8,Red,Rain-fed,261.43,7.5,2394.29,2.51,29442.12,57298.0
6248,Tamil Nadu,Madurai,2022,Rabi,Sugarcane,494.72,29.4,66.3,Black,Drip,331.09,48.75,1064.89,8.29,50704.29,149193.0
6249,Tamil Nadu,Madurai,2022,Rabi,Maize,1795.83,22.3,43.4,Red,Rain-fed,69.49,32.79,3590.53,8.38,51962.76,353574.0
6250,Tamil Nadu,Madurai,2022,Rabi,Barley,497.74,28.3,60.2,Laterite,Canal,226.47,40.82,4742.2,2.83,54051.61,181736.0
6251,Tamil Nadu,Madurai,2022,Kharif,Cotton,497.85,34.4,44.2,Sandy,Drip,154.73,39.07,145.1,7.4,14807.35,16631.0
6252,Tamil Nadu,Madurai,2022,Kharif,Pulses,1991.53,22.5,70.8,Black,Sprinkler,81.84,57.42,4010.14,4.58,59966.31,230671.99999999997
6253,Tamil Nadu,Madurai,2022,Rabi,Pulses,1211.52,20.6,88.5,Sandy,Sprinkler,51.56,16.23,1024.49,3.95,53330.56,49488.0
6254,Tamil Nadu,Madurai,2022,Kharif,Wheat,1810.72,26.8,82.3,Red,Drip,104.65,46.21,4409.37,6.81,14381.18,398521.0
6255,Tamil Nadu,Madurai,2022,Kharif,Pulses,643.59,20.1,89.6,Sandy,Sprinkler,430.72,12.05,2924.62,3.81,64641.11,100728.0
6256,Tamil Nadu,Madurai,2022,Rabi,Barley,962.37,23.4,39.6,Sandy,Tube Well,441.14,20.27,2645.55,2.36,17247.04,99060.0
6257,Tamil Nadu,Madurai,2022,Zaid,Wheat,2193.13,21.6,81.6,Red,Sprinkler,447.8,48.82,450.23,2.71,39515.16,21176.0
6258,Tamil Nadu,Madurai,2022,Kharif,Millets,1346.18,34.6,62.5,Black,Canal,238.07,9.05,248.03,5.44,14373.1,18695.0
6259,Tamil Nadu,Madurai,2022,Zaid,Millets,1529.02,37.9,55.0,Alluvial,Tube Well,242.58,9.75,3058.55,4.34,58541.33,179707.0
6260,Tamil Nadu,Madurai,2022,Rabi,Rice,1045.27,31.1,78.4,Sandy,Canal,298.18,5.93,154.85,7.05,34698.45,13838.999999999998
6261,Tamil Nadu,Madurai,2022,Zaid,Maize,2079.31,22.6,61.9,Black,Canal,288.14,47.68,2306.58,6.2,45901.7,202651.0
6262,Tamil Nadu,Madurai,2022,Rabi,Pulses,1997.29,35.4,74.6,Black,Drip,212.36,30.99,3245.48,3.66,33431.88,135371.0
6263,Tamil Nadu,Madurai,2022,Rabi,Pulses,1257.0,35.5,47.7,Black,Sprinkler,264.99,30.73,4355.94,8.21,22056.49,556018.0
6264,Tamil Nadu,Madurai,2022,Zaid,Sugarcane,2164.62,29.5,71.8,Laterite,Drip,365.59,9.4,3600.43,6.53,58215.09,416368.0
6265,Tamil Nadu,Salem,2022,Rabi,Rice,573.63,36.1,61.9,Black,Drip,291.6,20.51,2744.45,6.67,13786.27,237311.0
6266,Tamil Nadu,Salem,2022,Kharif,Cotton,674.3,33.4,63.2,Alluvial,Drip,208.84,42.67,3269.16,6.11,42789.52,163674.0
6267,Tamil Nadu,Salem,2022,Zaid,Wheat,580.11,19.9,78.9,Laterite,Drip,103.98,19.14,4659.47,4.15,23072.15,166118.0
6268,Tamil Nadu,Salem,2022,Kharif,Pulses,1455.53,30.6,43.5,Black,Sprinkler,245.98,21.77,4563.46,2.86,44155.86,205823.99999999997
6269,Tamil Nadu,Salem,2022,Kharif,Sugarcane,1904.44,35.3,83.9,Red,Canal,356.36,27.56,3743.82,7.41,25847.4,232839.0
6270,Tamil Nadu,Salem,2022,Kharif,Pulses,1093.12,29.4,55.1,Alluvial,Drip,376.96,58.75,1243.09,5.6,55864.26,65349.0
6271,Tamil Nadu,Salem,2022,Kharif,Sugarcane,1576.79,22.1,87.0,Red,Drip,109.8,34.85,2917.52,6.32,17014.5,269515.0
6272,Tamil Nadu,Salem,2022,Rabi,Maize,1065.61,35.4,56.1,Red,Tube Well,56.06,36.59,3542.73,3.35,49097.0,129822.0
6273,Tamil Nadu,Salem,2022,Rabi,Wheat,785.32,21.9,81.8,Red,Tube Well,161.91,18.48,3222.57,4.69,25024.82,191715.0
6274,Tamil Nadu,Salem,2022,Kharif,Cotton,1544.5,21.1,46.2,Laterite,Canal,111.68,37.12,3028.58,3.97,26725.03,125097.0
6275,Tamil Nadu,Salem,2022,Zaid,Rice,676.65,37.2,60.0,Red,Drip,53.62,46.92,2421.74,4.27,30550.4,180584.0
6276,Tamil Nadu,Salem,2022,Kharif,Sugarcane,1789.33,36.7,48.8,Laterite,Tube Well,92.96,49.34,1607.04,1.52,56242.51,30322.000000000004
6277,Tamil Nadu,Salem,2022,Rabi,Rice,2080.51,31.7,41.1,Red,Canal,217.33,12.98,3307.86,6.63,37742.81,393628.0
6278,Tamil Nadu,Salem,2022,Zaid,Millets,1853.36,27.5,63.0,Sandy,Sprinkler,172.54,59.22,1891.98,1.52,41635.11,35452.0
6279,Tamil Nadu,Salem,2022,Kharif,Millets,1406.47,19.5,66.4,Alluvial,Tube Well,401.0,50.01,1373.38,4.79,63880.78,75062.0
6280,Tamil Nadu,Salem,2022,Rabi,Maize,1595.05,33.6,68.7,Red,Canal,67.09,45.96,4299.15,5.7,50375.68,282065.0
6281,Tamil Nadu,Salem,2022,Rabi,Sugarcane,1825.2,21.0,69.1,Sandy,Canal,402.98,13.24,2323.6,2.96,33536.66,83263.0
6282,Tamil Nadu,Salem,2022,Zaid,Maize,1402.03,30.4,57.5,Laterite,Rain-fed,327.23,49.64,1652.99,3.91,15902.23,58961.0
6283,Tamil Nadu,Tiruchirappalli,2022,Rabi,Pulses,1803.02,25.4,46.9,Laterite,Rain-fed,278.95,54.86,843.27,8.28,35332.58,97218.0
6284,Tamil Nadu,Tiruchirappalli,2022,Rabi,Barley,2020.62,32.1,54.5,Black,Tube Well,211.17,15.14,4973.58,4.9,29038.19,352507.0
6285,Tamil Nadu,Tiruchirappalli,2022,Zaid,Cotton,2137.13,29.7,61.2,Laterite,Sprinkler,444.0,48.39,2473.06,1.29,41511.34,53967.99999999999
6286,Tamil Nadu,Tiruchirappalli,2022,Zaid,Sugarcane,1324.31,37.2,86.8,Laterite,Drip,448.3,51.2,581.43,5.44,18400.2,36872.0
6287,Tamil Nadu,Tiruchirappalli,2022,Kharif,Cotton,1402.01,26.0,48.7,Laterite,Rain-fed,136.47,44.98,4460.49,1.85,60546.76,109358.99999999999
6288,Tamil Nadu,Tiruchirappalli,2022,Kharif,Millets,1849.64,34.3,86.7,Laterite,Tube Well,71.27,55.51,3583.31,7.52,54382.36,318552.0
6289,Tamil Nadu,Tiruchirappalli,2022,Kharif,Maize,509.33,30.7,44.2,Red,Rain-fed,326.24,52.86,3126.55,5.61,20534.26,144164.0
6290,Tamil Nadu,Tiruchirappalli,2022,Rabi,Wheat,539.85,33.2,42.4,Black,Drip,416.85,51.63,1610.65,8.4,13422.46,112527.0
6291,Tamil Nadu,Tiruchirappalli,2022,Rabi,Cotton,1225.06,24.1,79.8,Sandy,Canal,139.79,24.37,4469.73,4.25,48334.66,307124.0
6292,Tamil Nadu,Tiruchirappalli,2022,Rabi,Maize,1857.88,36.6,36.6,Red,Tube Well,236.14,38.14,3440.25,3.28,22628.29,192081.0
6293,Tamil Nadu,Tiruchirappalli,2022,Zaid,Cotton,1886.14,20.9,35.1,Alluvial,Canal,391.91,34.28,4667.87,4.47,31662.36,292343.0
6294,Tamil Nadu,Tiruchirappalli,2022,Kharif,Rice,2110.06,18.1,37.3,Red,Canal,395.19,20.41,2340.61,6.55,27847.87,240214.0
6295,Tamil Nadu,Tiruchirappalli,2022,Kharif,Pulses,1336.53,28.3,63.8,Black,Tube Well,101.99,25.51,4241.37,6.32,59087.6,420191.0
6296,Tamil Nadu,Tiruchirappalli,2022,Rabi,Maize,988.72,33.0,84.8,Laterite,Drip,307.58,20.21,2206.03,5.33,13969.14,211279.0
6297,Tamil Nadu,Tiruchirappalli,2022,Kharif,Rice,813.23,28.8,39.9,Sandy,Canal,199.92,36.03,1398.05,2.16,32739.79,38509.0
6298,Tamil Nadu,Tiruchirappalli,2022,Zaid,Maize,748.93,21.8,83.6,Sandy,Tube Well,201.5,13.19,3930.49,4.46,50808.92,151098.0
6299,Tamil Nadu,Tiruchirappalli,2022,Zaid,Wheat,1296.05,29.7,62.0,Alluvial,Sprinkler,412.7,23.87,4676.96,5.53,50837.63,326840.0
6300,Tamil Nadu,Tiruchirappalli,2022,Kharif,Barley,814.15,30.4,62.4,Black,Rain-fed,336.03,37.46,4081.51,5.31,54185.49,214159.0
6301,Rajasthan,Jaipur,2022,Rabi,Wheat,1500.74,32.3,81.0,Laterite,Sprinkler,267.14,45.88,1995.51,7.24,12309.74,151855.0
6302,Rajasthan,Jaipur,2022,Rabi,Pulses,1288.54,23.7,40.8,Black,Canal,197.17,22.95,1326.63,2.87,64628.86,45461.0
6303,Rajasthan,Jaipur,2022,Rabi,Barley,836.75,24.1,72.5,Alluvial,Tube Well,81.59,5.53,3372.13,7.31,28928.14,336810.0
6304,Rajasthan,Jaipur,2022,Kharif,Barley,2083.0,38.0,79.3,Laterite,Sprinkler,116.6,6.95,2451.78,6.79,47648.63,230650.0
6305,Rajasthan,Jaipur,2022,Zaid,Maize,1642.94,33.1,88.3,Red,Canal,157.67,18.03,3965.34,1.84,14766.41,109913.00000000001
6306,Rajasthan,Jaipur,2022,Kharif,Sugarcane,1949.79,24.6,67.3,Red,Sprinkler,190.21,17.2,104.44,4.66,33827.29,8718.0
6307,Rajasthan,Jaipur,2022,Zaid,Sugarcane,938.63,21.8,71.1,Sandy,Rain-fed,82.4,22.02,181.42,4.12,28705.08,7572.0
6308,Rajasthan,Jaipur,2022,Rabi,Barley,1458.79,21.0,50.2,Red,Tube Well,91.13,33.44,4843.39,6.24,43798.93,523512.0
6309,Rajasthan,Jaipur,2022,Rabi,Cotton,1337.64,33.7,73.6,Sandy,Tube Well,344.38,24.73,3356.31,8.0,20171.6,462408.0
6310,Rajasthan,Jaipur,2022,Rabi,Cotton,1544.83,35.8,42.8,Red,Canal,214.91,14.09,3296.45,4.9,20759.46,225514.0
6311,Rajasthan,Jaipur,2022,Zaid,Rice,2116.52,23.5,84.1,Alluvial,Tube Well,62.8,33.72,4722.76,7.58,51864.92,305194.0
6312,Rajasthan,Jaipur,2022,Kharif,Millets,1475.39,27.3,86.4,Alluvial,Tube Well,88.26,38.56,4768.0,2.3,55801.07,195551.0
6313,Rajasthan,Jaipur,2022,Kharif,Maize,1892.05,21.7,73.0,Black,Sprinkler,344.19,25.42,2017.05,2.05,43474.26,57219.00000000001
6314,Rajasthan,Jaipur,2022,Rabi,Millets,417.31,32.9,68.8,Laterite,Canal,347.97,49.48,286.0,3.38,19484.23,8645.0
6315,Rajasthan,Jaipur,2022,Zaid,Maize,580.7,31.4,66.0,Sandy,Drip,242.23,24.18,914.15,7.53,37673.43,59269.00000000001
6316,Rajasthan,Jaipur,2022,Kharif,Pulses,1519.03,36.4,79.0,Alluvial,Sprinkler,165.86,30.0,3362.51,1.92,18964.01,113383.0
6317,Rajasthan,Jaipur,2022,Zaid,Barley,1529.81,25.2,83.3,Sandy,Rain-fed,52.17,36.31,2445.38,1.96,28019.04,38525.0
6318,Rajasthan,Jaipur,2022,Zaid,Millets,551.2,22.3,50.3,Red,Canal,98.08,10.88,1227.96,4.04,17134.75,74117.0
6319,Rajasthan,Jodhpur,2022,Rabi,Sugarcane,1165.62,37.2,41.8,Alluvial,Drip,124.63,40.65,2682.98,4.54,43694.6,109944.0
6320,Rajasthan,Jodhpur,2022,Rabi,Cotton,416.67,31.8,48.0,Red,Drip,375.73,22.78,2170.73,8.34,36356.2,312728.0
6321,Rajasthan,Jodhpur,2022,Kharif,Rice,459.37,34.4,42.5,Black,Sprinkler,289.04,8.68,3040.5,4.34,59478.24,175725.0
6322,Rajasthan,Jodhpur,2022,Rabi,Millets,1396.49,20.7,54.5,Laterite,Tube Well,269.07,42.34,260.99,7.03,16500.73,23282.0
6323,Rajasthan,Jodhpur,2022,Rabi,Cotton,475.65,23.0,70.8,Black,Drip,87.13,7.67,228.13,2.23,16850.9,5022.0
6324,Rajasthan,Jodhpur,2022,Kharif,Millets,2139.59,34.9,86.4,Red,Tube Well,188.45,32.84,4023.61,4.35,38819.17,224250.0
6325,Rajasthan,Jodhpur,2022,Rabi,Wheat,1198.17,35.1,50.5,Black,Canal,123.0,23.23,3048.85,4.79,39426.12,179176.0
6326,Rajasthan,Jodhpur,2022,Kharif,Pulses,1908.64,24.7,55.8,Black,Sprinkler,106.01,12.23,2004.18,5.01,64821.36,176310.0
6327,Rajasthan,Jodhpur,2022,Rabi,Rice,1469.78,30.1,87.2,Alluvial,Drip,256.63,53.29,778.12,8.28,48218.37,82478.0
6328,Rajasthan,Jodhpur,2022,Kharif,Millets,858.37,36.3,65.2,Alluvial,Sprinkler,397.52,37.19,3522.76,5.13,21875.04,283690.0
6329,Rajasthan,Jodhpur,2022,Kharif,Millets,1976.68,30.2,78.6,Laterite,Rain-fed,105.04,8.42,3186.78,6.42,57657.2,204089.0
6330,Rajasthan,Jodhpur,2022,Kharif,Barley,1652.22,34.6,64.8,Sandy,Rain-fed,301.63,32.01,3734.87,3.28,58759.98,135226.0
6331,Rajasthan,Jodhpur,2022,Kharif,Rice,1587.12,35.8,41.4,Black,Canal,421.4,14.27,3879.47,3.51,42584.39,171190.0
6332,Rajasthan,Jodhpur,2022,Rabi,Sugarcane,808.4,32.3,46.1,Laterite,Canal,89.54,57.35,1519.67,3.52,59954.07,71276.0
6333,Rajasthan,Jodhpur,2022,Kharif,Rice,1012.68,29.8,74.4,Red,Tube Well,432.67,43.56,4830.17,2.72,59470.43,113589.00000000001
6334,Rajasthan,Jodhpur,2022,Zaid,Maize,1449.37,30.6,36.9,Black,Tube Well,186.38,7.09,3841.21,2.22,28752.76,122945.0
6335,Rajasthan,Jodhpur,2022,Kharif,Sugarcane,1059.84,19.1,81.1,Red,Sprinkler,249.19,6.59,3658.75,7.46,53336.97,330502.0
6336,Rajasthan,Jodhpur,2022,Zaid,Sugarcane,2040.2,30.6,75.7,Sandy,Canal,330.64,53.11,2365.77,3.91,34497.4,112048.0
6337,Rajasthan,Udaipur,2022,Rabi,Cotton,1456.19,20.6,38.2,Laterite,Canal,212.7,59.69,619.51,1.76,21690.0,18252.0
6338,Rajasthan,Udaipur,2022,Kharif,Rice,1379.95,25.8,88.0,Black,Canal,55.98,35.94,344.26,6.12,58541.34,26017.0
6339,Rajasthan,Udaipur,2022,Kharif,Maize,605.93,20.6,67.0,Laterite,Canal,366.66,30.18,1347.66,5.85,56949.17,81754.0
6340,Rajasthan,Udaipur,2022,Kharif,Maize,1708.9,35.0,50.6,Alluvial,Sprinkler,406.33,44.22,482.31,2.19,22839.0,14724.0
6341,Rajasthan,Udaipur,2022,Rabi,Wheat,2164.07,36.1,54.1,Laterite,Drip,258.19,12.78,2850.99,7.47,12229.7,293164.0
6342,Rajasthan,Udaipur,2022,Zaid,Cotton,2042.45,19.6,57.9,Sandy,Sprinkler,283.14,22.46,3278.99,4.28,58207.31,237573.0
6343,Rajasthan,Udaipur,2022,Kharif,Rice,879.02,33.2,37.3,Alluvial,Sprinkler,269.65,37.89,4801.58,6.84,15339.71,539260.0
6344,Rajasthan,Udaipur,2022,Zaid,Maize,1633.48,22.4,88.4,Laterite,Rain-fed,376.84,16.01,4958.75,3.67,36982.27,213648.0
6345,Rajasthan,Udaipur,2022,Rabi,Cotton,723.94,29.8,86.0,Red,Tube Well,271.63,58.93,898.17,5.96,28838.44,91001.0
6346,Rajasthan,Udaipur,2022,Zaid,Pulses,1832.67,35.8,59.7,Sandy,Rain-fed,94.71,27.97,807.25,5.61,60561.06,74099.0
6347,Rajasthan,Udaipur,2022,Kharif,Cotton,1508.59,31.3,57.3,Laterite,Sprinkler,368.1,33.79,4859.69,3.37,15338.01,176977.0
6348,Rajasthan,Udaipur,2022,Kharif,Barley,432.7,21.6,81.3,Alluvial,Sprinkler,138.11,42.05,3064.32,6.59,62293.08,229863.0
6349,Rajasthan,Udaipur,2022,Rabi,Sugarcane,1307.1,20.8,49.8,Red,Drip,333.7,45.63,4145.08,1.63,43740.76,58475.0
6350,Rajasthan,Udaipur,2022,Zaid,Maize,547.19,29.2,51.6,Laterite,Rain-fed,327.12,50.91,882.7,6.12,62549.55,68672.0
6351,Rajasthan,Udaipur,2022,Kharif,Pulses,737.85,33.9,82.1,Black,Rain-fed,52.8,8.04,3376.49,4.59,27368.64,221544.99999999997
6352,Rajasthan,Udaipur,2022,Rabi,Millets,742.33,31.2,67.0,Sandy,Drip,300.78,34.75,390.38,7.71,33688.64,32952.0
6353,Rajasthan,Udaipur,2022,Zaid,Maize,1042.04,25.5,78.9,Sandy,Sprinkler,295.3,33.12,1358.86,4.8,61128.37,110373.0
6354,Rajasthan,Udaipur,2022,Kharif,Millets,1730.75,34.2,82.9,Laterite,Tube Well,375.71,32.51,4197.05,3.62,36166.62,257358.0
6355,Rajasthan,Kota,2022,Zaid,Barley,1042.93,20.9,63.4,Laterite,Drip,446.78,58.8,256.92,3.27,41209.65,10314.0
6356,Rajasthan,Kota,2022,Rabi,Wheat,855.8,35.8,85.6,Black,Sprinkler,53.03,39.33,1135.57,3.74,46251.25,53937.0
6357,Rajasthan,Kota,2022,Kharif,Maize,1143.85,33.4,62.1,Red,Drip,78.71,44.53,770.88,4.96,53240.61,40889.0
6358,Rajasthan,Kota,2022,Rabi,Pulses,815.3,22.6,36.0,Laterite,Sprinkler,117.85,35.35,2222.37,1.37,41468.77,39516.0
6359,Rajasthan,Kota,2022,Kharif,Millets,758.29,25.5,81.8,Red,Tube Well,363.68,21.01,4083.93,8.31,21234.04,498313.0
6360,Rajasthan,Kota,2022,Rabi,Cotton,1806.26,26.5,86.7,Red,Rain-fed,437.28,54.13,1771.69,4.78,29482.88,118334.99999999999
6361,Rajasthan,Kota,2022,Rabi,Maize,1354.03,28.2,77.1,Laterite,Tube Well,444.63,54.07,3568.14,5.45,55056.04,339616.0
6362,Rajasthan,Kota,2022,Zaid,Rice,977.38,31.4,46.0,Laterite,Tube Well,57.43,46.16,4457.81,3.87,19319.47,275550.0
6363,Rajasthan,Kota,2022,Kharif,Barley,1085.24,29.2,77.5,Black,Tube Well,368.5,46.27,4705.56,1.34,35765.08,99062.0
6364,Rajasthan,Kota,2022,Rabi,Maize,1777.45,33.1,89.3,Black,Drip,440.86,58.29,1631.84,3.69,44784.95,56550.0
6365,Rajasthan,Kota,2022,Rabi,Cotton,2113.79,19.0,80.3,Sandy,Tube Well,83.82,38.11,4649.16,1.64,27168.37,128435.99999999999
6366,Rajasthan,Kota,2022,Kharif,Millets,1733.47,23.7,81.3,Red,Canal,313.92,30.62,4087.53,2.39,53714.42,158501.0
6367,Rajasthan,Kota,2022,Kharif,Sugarcane,584.96,33.2,61.5,Laterite,Tube Well,144.4,36.83,3340.09,8.02,21262.22,377103.0
6368,Rajasthan,Kota,2022,Kharif,Millets,549.23,18.6,56.8,Black,Sprinkler,387.03,46.75,1456.92,5.59,60777.39,122982.0
6369,Rajasthan,Kota,2022,Zaid,Sugarcane,1461.01,35.9,87.8,Laterite,Sprinkler,267.43,44.19,2669.12,7.03,47628.06,238677.0
6370,Rajasthan,Kota,2022,Zaid,Wheat,1548.26,18.6,36.4,Laterite,Tube Well,188.01,14.42,4260.76,4.43,44643.9,263148.0
6371,Rajasthan,Kota,2022,Kharif,Rice,1098.99,22.9,86.5,Red,Rain-fed,65.39,32.7,4831.61,7.39,17174.3,537605.0
6372,Rajasthan,Kota,2022,Zaid,Maize,1917.41,28.3,55.2,Sandy,Sprinkler,98.02,29.37,3550.89,1.22,59249.55,65111.0
6373,Rajasthan,Ajmer,2022,Rabi,Sugarcane,955.25,30.3,64.9,Laterite,Sprinkler,436.23,30.54,3288.03,5.64,26389.89,212708.0
6374,Rajasthan,Ajmer,2022,Rabi,Millets,1627.42,31.7,36.2,Black,Drip,223.63,21.36,2095.43,3.68,50743.66,105960.99999999999
6375,Rajasthan,Ajmer,2022,Zaid,Sugarcane,950.78,25.7,70.8,Black,Canal,327.1,33.14,578.04,4.79,16482.6,45896.0
6376,Rajasthan,Ajmer,2022,Kharif,Sugarcane,1273.67,26.7,41.0,Sandy,Sprinkler,99.69,38.85,1546.27,3.17,16130.75,66836.0
6377,Rajasthan,Ajmer,2022,Rabi,Barley,1328.0,28.7,88.0,Sandy,Rain-fed,215.15,18.62,889.82,4.05,40971.78,32089.999999999996
6378,Rajasthan,Ajmer,2022,Zaid,Pulses,519.8,36.8,39.7,Alluvial,Rain-fed,243.95,42.4,1145.97,3.61,56343.51,66024.0
6379,Rajasthan,Ajmer,2022,Zaid,Wheat,901.66,21.8,57.3,Laterite,Drip,87.78,56.6,3008.74,8.3,49672.84,373334.0
6380,Rajasthan,Ajmer,2022,Zaid,Cotton,1012.65,31.6,79.0,Sandy,Canal,185.42,33.47,4984.12,2.61,12234.31,226855.00000000003
6381,Rajasthan,Ajmer,2022,Zaid,Millets,1518.26,34.6,40.5,Black,Rain-fed,97.7,55.37,1699.13,6.06,35681.16,165604.0
6382,Rajasthan,Ajmer,2022,Zaid,Sugarcane,2117.8,19.1,74.4,Sandy,Sprinkler,213.77,52.47,420.31,8.04,18111.49,34996.0
6383,Rajasthan,Ajmer,2022,Kharif,Rice,2114.38,32.1,68.2,Red,Drip,435.89,32.44,2013.65,5.08,39128.96,143824.0
6384,Rajasthan,Ajmer,2022,Rabi,Millets,625.12,31.9,87.9,Black,Tube Well,371.12,28.88,2387.15,3.66,22744.35,133303.0
6385,Rajasthan,Ajmer,2022,Kharif,Rice,428.55,30.7,86.4,Black,Canal,322.65,55.65,2271.45,2.68,30127.74,74093.0
6386,Rajasthan,Ajmer,2022,Rabi,Pulses,653.32,28.0,66.7,Black,Canal,387.06,24.28,1129.07,8.32,63091.6,147299.0
6387,Rajasthan,Ajmer,2022,Kharif,Millets,591.18,31.3,51.1,Sandy,Sprinkler,396.84,51.08,3945.27,7.17,55777.71,301409.0
6388,Rajasthan,Ajmer,2022,Zaid,Millets,922.01,22.3,47.8,Sandy,Tube Well,374.02,12.16,3436.94,3.1,45542.17,103119.0
6389,Rajasthan,Ajmer,2022,Kharif,Sugarcane,1197.16,19.0,38.9,Sandy,Drip,162.06,31.95,685.26,1.64,58249.54,10026.0
6390,Rajasthan,Ajmer,2022,Zaid,Sugarcane,797.14,19.6,67.4,Laterite,Sprinkler,229.65,38.38,3264.07,7.29,29996.19,305900.0
6391,West Bengal,Kolkata,2022,Zaid,Barley,2064.13,31.7,71.0,Black,Canal,171.5,32.96,1091.36,4.38,23605.11,62680.99999999999
6392,West Bengal,Kolkata,2022,Kharif,Sugarcane,466.75,37.8,58.2,Black,Sprinkler,91.05,39.82,3496.98,5.08,41373.1,186619.0
6393,West Bengal,Kolkata,2022,Kharif,Sugarcane,1770.14,26.6,73.9,Sandy,Rain-fed,382.81,50.92,1845.33,3.47,56389.12,60911.0
6394,West Bengal,Kolkata,2022,Zaid,Cotton,1388.98,31.4,40.4,Black,Sprinkler,209.04,20.27,2641.66,4.67,48892.49,102052.0
6395,West Bengal,Kolkata,2022,Rabi,Barley,1309.16,30.8,69.1,Red,Tube Well,174.51,57.25,3026.33,5.49,36882.7,150805.0
6396,West Bengal,Kolkata,2022,Kharif,Sugarcane,653.37,34.1,73.3,Alluvial,Drip,109.1,52.66,3594.29,4.86,31378.8,306404.0
6397,West Bengal,Kolkata,2022,Zaid,Cotton,507.03,34.7,62.6,Sandy,Tube Well,150.07,48.2,4025.73,7.79,44785.74,484696.0
6398,West Bengal,Kolkata,2022,Zaid,Sugarcane,555.19,22.0,71.5,Laterite,Drip,111.65,59.61,4985.44,4.22,63905.62,284613.0
6399,West Bengal,Kolkata,2022,Zaid,Cotton,1304.35,22.7,89.5,Laterite,Drip,280.41,21.08,3173.24,6.08,59293.0,154763.0
6400,West Bengal,Kolkata,2022,Zaid,Millets,1317.41,25.1,89.1,Laterite,Drip,279.68,53.88,2691.17,6.51,25881.55,277607.0
6401,West Bengal,Kolkata,2022,Kharif,Barley,880.11,23.0,42.6,Sandy,Canal,211.39,41.35,667.0,7.69,16276.37,45193.0
6402,West Bengal,Kolkata,2022,Kharif,Wheat,733.08,31.5,88.1,Alluvial,Rain-fed,61.12,36.24,3299.48,2.98,31962.84,138383.0
6403,West Bengal,Kolkata,2022,Rabi,Rice,424.47,37.5,78.1,Red,Drip,128.41,45.36,4017.82,1.96,49414.59,73511.0
6404,West Bengal,Kolkata,2022,Zaid,Wheat,2051.13,20.6,67.3,Black,Sprinkler,250.04,48.09,1742.77,2.17,46513.26,39556.0
6405,West Bengal,Kolkata,2022,Kharif,Pulses,973.74,32.1,89.9,Black,Rain-fed,445.13,35.89,2159.22,5.7,49689.75,188233.0
6406,West Bengal,Kolkata,2022,Kharif,Barley,402.83,19.1,36.1,Red,Canal,315.86,56.35,1091.9,8.28,49646.93,150760.0
6407,West Bengal,Kolkata,2022,Kharif,Millets,1154.17,21.2,86.2,Laterite,Rain-fed,370.31,52.1,3728.67,3.51,14451.64,119335.99999999999
6408,West Bengal,Kolkata,2022,Kharif,Wheat,1414.19,30.0,83.4,Alluvial,Drip,71.61,50.86,1805.73,8.12,30575.55,183021.0
6409,West Bengal,Howrah,2022,Rabi,Millets,896.87,32.6,43.0,Sandy,Rain-fed,287.89,47.37,3236.85,4.61,61641.08,159075.0
6410,West Bengal,Howrah,2022,Kharif,Cotton,2026.25,26.3,39.7,Black,Drip,110.45,51.03,4147.48,4.51,52768.13,177887.0
6411,West Bengal,Howrah,2022,Rabi,Pulses,1381.24,33.5,81.6,Black,Tube Well,211.85,42.44,2973.99,2.15,37327.4,78621.0
6412,West Bengal,Howrah,2022,Kharif,Barley,589.53,33.3,39.6,Red,Sprinkler,366.2,16.89,2364.12,7.81,43732.68,240527.0
6413,West Bengal,Howrah,2022,Kharif,Wheat,679.39,33.2,69.3,Black,Rain-fed,128.75,45.72,3761.1,4.59,36093.67,269100.0
6414,West Bengal,Howrah,2022,Zaid,Wheat,903.87,28.6,45.3,Alluvial,Canal,427.87,57.44,4231.32,4.96,24703.85,241164.0
6415,West Bengal,Howrah,2022,Zaid,Pulses,1376.75,33.5,61.2,Black,Drip,53.49,19.03,4402.94,6.62,31189.78,385328.0
6416,West Bengal,Howrah,2022,Kharif,Cotton,909.58,34.0,73.9,Laterite,Drip,135.48,10.01,467.06,6.76,37512.08,27389.999999999996
6417,West Bengal,Howrah,2022,Zaid,Sugarcane,2013.53,25.6,79.7,Alluvial,Tube Well,446.1,44.23,2995.49,1.32,48077.94,35807.0
6418,West Bengal,Howrah,2022,Rabi,Barley,674.91,27.8,62.8,Red,Drip,188.29,30.37,937.99,5.96,45619.03,48970.0
6419,West Bengal,Howrah,2022,Rabi,Wheat,675.9,20.1,42.0,Sandy,Sprinkler,61.45,28.98,1252.27,6.6,35951.66,85435.0
6420,West Bengal,Howrah,2022,Rabi,Cotton,1324.08,36.5,63.6,Sandy,Tube Well,200.24,42.98,2117.82,2.11,32602.55,46840.0
6421,West Bengal,Howrah,2022,Zaid,Sugarcane,1797.79,35.5,63.8,Black,Drip,143.65,8.52,2413.91,7.51,34900.04,198511.0
6422,West Bengal,Howrah,2022,Zaid,Pulses,1665.11,23.2,65.3,Laterite,Sprinkler,239.3,44.67,4144.16,7.36,37179.66,433810.99999999994
6423,West Bengal,Howrah,2022,Kharif,Wheat,1086.69,28.1,55.8,Laterite,Rain-fed,352.91,37.7,2008.39,8.12,50600.03,274842.0
6424,West Bengal,Howrah,2022,Zaid,Barley,2095.83,26.4,64.4,Alluvial,Tube Well,340.1,17.44,2717.54,3.16,52803.54,152760.0
6425,West Bengal,Howrah,2022,Kharif,Pulses,1364.58,18.1,73.2,Black,Sprinkler,292.22,57.14,2134.7,4.25,23555.78,111274.0
6426,West Bengal,Howrah,2022,Rabi,Wheat,677.17,33.5,55.4,Alluvial,Rain-fed,431.45,9.75,2998.88,7.71,22235.42,339019.0
6427,West Bengal,Darjeeling,2022,Zaid,Barley,1221.85,27.1,38.0,Alluvial,Rain-fed,110.06,16.21,1882.68,7.77,58492.63,251948.99999999997
6428,West Bengal,Darjeeling,2022,Rabi,Maize,900.46,30.7,80.4,Red,Sprinkler,100.52,59.19,1589.6,7.54,34571.56,181422.0
6429,West Bengal,Darjeeling,2022,Zaid,Millets,895.79,33.9,69.1,Alluvial,Sprinkler,362.54,35.21,2865.86,1.52,26077.04,56930.99999999999
6430,West Bengal,Darjeeling,2022,Zaid,Maize,2031.76,34.4,81.2,Laterite,Sprinkler,268.42,11.71,2640.47,3.92,63661.56,93643.0
6431,West Bengal,Darjeeling,2022,Rabi,Barley,847.44,31.2,82.8,Laterite,Sprinkler,162.31,27.43,282.3,7.43,58477.09,28541.000000000004
6432,West Bengal,Darjeeling,2022,Kharif,Maize,1575.98,21.3,83.8,Laterite,Sprinkler,262.91,16.28,201.26,6.92,49815.89,24596.0
6433,West Bengal,Darjeeling,2022,Kharif,Maize,1624.02,32.3,79.9,Sandy,Rain-fed,379.74,45.0,3786.23,6.14,40638.56,387461.0
6434,West Bengal,Darjeeling,2022,Rabi,Pulses,1937.12,21.2,62.3,Alluvial,Sprinkler,236.58,6.81,1924.62,7.1,60502.38,235442.99999999997
6435,West Bengal,Darjeeling,2022,Rabi,Rice,1794.5,30.6,67.8,Black,Rain-fed,107.13,54.3,2417.08,4.18,28750.88,140422.0
6436,West Bengal,Darjeeling,2022,Rabi,Millets,1040.03,26.8,51.0,Red,Tube Well,80.68,10.92,3407.06,5.36,25326.61,212007.00000000003
6437,West Bengal,Darjeeling,2022,Rabi,Maize,785.05,34.6,60.0,Red,Drip,89.23,43.05,3410.93,8.4,17493.03,378052.0
6438,West Bengal,Darjeeling,2022,Kharif,Pulses,1697.89,19.5,39.2,Sandy,Rain-fed,55.94,12.95,4887.69,6.82,38487.72,313166.0
6439,West Bengal,Darjeeling,2022,Zaid,Pulses,2007.66,31.6,58.9,Red,Canal,349.72,14.46,530.44,2.24,28342.78,12014.0
6440,West Bengal,Darjeeling,2022,Rabi,Millets,1054.04,27.9,46.9,Laterite,Rain-fed,272.29,26.65,3444.54,8.43,33833.21,402779.0
6441,West Bengal,Darjeeling,2022,Rabi,Pulses,566.84,32.9,61.0,Laterite,Rain-fed,149.68,12.37,1240.19,4.9,22719.18,85794.0
6442,West Bengal,Darjeeling,2022,Zaid,Cotton,1177.21,34.4,74.5,Black,Rain-fed,393.47,31.51,2094.88,4.85,20162.73,129276.0
6443,West Bengal,Darjeeling,2022,Kharif,Cotton,757.31,36.2,76.0,Sandy,Rain-fed,277.25,11.44,4322.11,1.67,64537.19,94317.0
6444,West Bengal,Darjeeling,2022,Zaid,Cotton,1283.76,30.6,69.5,Black,Drip,243.33,34.9,740.79,5.22,33541.5,43298.0
6445,West Bengal,Siliguri,2022,Rabi,Rice,1905.09,26.2,84.4,Alluvial,Rain-fed,445.02,17.49,2517.74,6.05,45845.41,252129.0
6446,West Bengal,Siliguri,2022,Rabi,Sugarcane,709.07,25.8,68.1,Alluvial,Sprinkler,294.49,16.98,4293.27,4.94,58274.02,314929.0
6447,West Bengal,Siliguri,2022,Kharif,Rice,1485.93,37.2,69.5,Red,Sprinkler,96.76,14.34,898.48,3.55,27200.72,39983.0
6448,West Bengal,Siliguri,2022,Zaid,Sugarcane,2199.35,35.3,67.3,Sandy,Drip,124.09,43.16,3121.46,5.59,50026.39,236114.0
6449,West Bengal,Siliguri,2022,Zaid,Rice,1218.46,33.6,69.1,Alluvial,Canal,193.22,40.39,4838.27,4.09,23429.48,271653.0
6450,West Bengal,Siliguri,2022,Rabi,Maize,597.41,25.8,63.6,Alluvial,Sprinkler,124.94,53.15,4162.5,1.64,12716.22,95525.0
6451,West Bengal,Siliguri,2022,Kharif,Maize,639.93,31.8,87.8,Red,Tube Well,282.08,21.75,1966.64,4.79,13144.84,121264.00000000001
6452,West Bengal,Siliguri,2022,Zaid,Rice,1677.35,36.6,41.9,Laterite,Rain-fed,247.02,20.41,482.4,4.81,54575.16,32775.0
6453,West Bengal,Siliguri,2022,Rabi,Pulses,478.83,28.0,58.8,Sandy,Tube Well,431.83,59.86,3847.56,2.0,17190.46,121436.99999999999
6454,West Bengal,Siliguri,2022,Rabi,Sugarcane,1521.12,20.2,68.6,Black,Sprinkler,359.21,43.63,3489.43,8.45,22401.15,420864.00000000006
6455,West Bengal,Siliguri,2022,Rabi,Pulses,677.32,22.4,57.5,Red,Drip,170.04,15.47,3598.74,6.81,12048.31,260167.99999999997
6456,West Bengal,Siliguri,2022,Zaid,Cotton,741.96,22.6,59.3,Black,Tube Well,378.01,37.12,4035.18,6.43,60938.86,239392.99999999997
6457,West Bengal,Siliguri,2022,Rabi,Pulses,1792.42,31.6,41.3,Sandy,Tube Well,412.22,55.24,4817.92,1.97,22817.83,150231.0
6458,West Bengal,Siliguri,2022,Zaid,Cotton,903.51,36.7,35.2,Red,Rain-fed,390.56,38.18,3329.69,2.34,24815.69,121740.00000000001
6459,West Bengal,Siliguri,2022,Zaid,Rice,492.27,21.3,74.1,Sandy,Drip,311.88,25.44,4248.76,2.42,47947.73,144246.0
6460,West Bengal,Siliguri,2022,Kharif,Rice,954.19,25.6,43.7,Alluvial,Canal,298.48,33.63,4895.2,2.57,26884.25,170754.0
6461,West Bengal,Siliguri,2022,Zaid,Cotton,1829.22,36.9,59.4,Laterite,Sprinkler,278.89,14.78,4844.11,3.49,43141.22,222090.0
6462,West Bengal,Siliguri,2022,Rabi,Pulses,1408.29,35.8,73.2,Alluvial,Sprinkler,104.95,11.53,2826.7,4.07,36073.11,182947.0
6463,West Bengal,Malda,2022,Kharif,Pulses,1859.01,31.3,85.0,Red,Tube Well,331.9,22.1,1321.29,3.74,52039.12,42266.0
6464,West Bengal,Malda,2022,Kharif,Rice,1183.86,22.8,67.5,Red,Drip,122.01,39.93,2777.99,5.67,16874.51,209073.99999999997
6465,West Bengal,Malda,2022,Kharif,Wheat,1656.06,33.4,40.1,Alluvial,Tube Well,252.26,44.14,3634.76,6.47,47134.21,266974.0
6466,West Bengal,Malda,2022,Zaid,Barley,1128.09,24.7,53.8,Alluvial,Rain-fed,248.53,10.37,4661.31,6.35,19023.53,392406.0
6467,West Bengal,Malda,2022,Kharif,Wheat,425.11,26.1,57.7,Black,Drip,436.95,44.12,737.92,5.17,57775.24,30702.0
6468,West Bengal,Malda,2022,Rabi,Millets,1679.42,29.6,67.0,Black,Drip,191.22,8.19,1878.59,3.07,48746.42,97894.0
6469,West Bengal,Malda,2022,Kharif,Maize,855.56,36.3,78.5,Red,Sprinkler,270.39,41.86,4828.0,7.91,46460.31,366605.0
6470,West Bengal,Malda,2022,Zaid,Pulses,2191.63,36.0,78.2,Black,Tube Well,237.88,48.93,4434.07,7.2,24301.49,460838.0
6471,West Bengal,Malda,2022,Kharif,Sugarcane,673.55,34.4,61.0,Laterite,Sprinkler,428.31,36.11,534.31,7.83,15300.8,41083.0
6472,West Bengal,Malda,2022,Rabi,Wheat,1371.19,23.8,56.9,Laterite,Rain-fed,340.68,18.59,4645.9,3.61,12914.23,200604.0
6473,West Bengal,Malda,2022,Kharif,Cotton,483.77,34.1,67.4,Black,Drip,146.76,41.13,2361.48,8.03,29742.51,270771.0
6474,West Bengal,Malda,2022,Zaid,Millets,1571.82,31.5,83.1,Alluvial,Tube Well,177.45,28.31,2116.81,5.81,36421.76,124484.99999999999
6475,West Bengal,Malda,2022,Zaid,Cotton,907.09,34.0,56.6,Black,Tube Well,179.98,7.87,579.66,2.65,12109.06,19810.0
6476,West Bengal,Malda,2022,Rabi,Rice,2067.57,34.4,80.6,Alluvial,Sprinkler,66.17,46.15,4388.52,2.02,37471.09,147688.0
6477,West Bengal,Malda,2022,Zaid,Rice,503.77,26.6,70.8,Sandy,Drip,67.0,12.8,4879.37,6.0,19366.96,476426.0
6478,West Bengal,Malda,2022,Kharif,Millets,651.27,25.8,71.3,Laterite,Tube Well,234.32,48.32,4225.21,2.46,25240.69,161006.0
6479,West Bengal,Malda,2022,Kharif,Millets,828.26,38.0,37.2,Alluvial,Canal,434.12,36.23,4112.34,5.22,61726.15,344151.0
6480,West Bengal,Malda,2022,Kharif,Barley,452.2,28.3,63.5,Black,Tube Well,308.33,12.09,4322.55,4.37,44311.44,295938.0
6481,Uttarakhand,Dehradun,2023,Kharif,Rice,1318.49,22.4,52.9,Laterite,Sprinkler,174.9,34.49,4411.86,3.73,22785.03,148498.0
6482,Uttarakhand,Dehradun,2023,Kharif,Maize,2117.96,33.7,54.3,Alluvial,Canal,326.43,52.49,1730.08,4.76,46713.1,113644.0
6483,Uttarakhand,Dehradun,2023,Kharif,Maize,868.59,34.9,81.9,Sandy,Tube Well,95.57,8.52,3292.42,3.29,60324.26,168794.0
6484,Uttarakhand,Dehradun,2023,Zaid,Rice,1362.67,18.5,73.6,Laterite,Drip,126.14,22.25,1267.97,5.32,55999.36,107482.0
6485,Uttarakhand,Dehradun,2023,Zaid,Barley,1461.36,25.4,90.0,Red,Drip,280.89,51.08,693.85,2.61,61846.28,14747.999999999998
6486,Uttarakhand,Dehradun,2023,Kharif,Millets,871.7,37.8,64.2,Black,Tube Well,256.11,19.43,977.04,5.79,33047.76,61478.0
6487,Uttarakhand,Dehradun,2023,Rabi,Sugarcane,1412.87,34.7,41.2,Black,Tube Well,339.43,14.84,152.31,7.36,44817.52,10502.0
6488,Uttarakhand,Dehradun,2023,Rabi,Maize,614.47,24.6,60.3,Black,Rain-fed,435.82,43.16,1133.92,4.95,59574.39,68466.0
6489,Uttarakhand,Dehradun,2023,Rabi,Barley,1731.23,18.4,76.1,Laterite,Canal,198.97,16.17,1050.75,2.98,33119.47,26932.0
6490,Uttarakhand,Dehradun,2023,Kharif,Pulses,836.11,23.5,52.3,Laterite,Canal,242.27,54.35,3678.66,1.25,59641.32,63366.99999999999
6491,Uttarakhand,Dehradun,2023,Rabi,Rice,480.45,28.3,45.8,Alluvial,Sprinkler,276.41,34.16,4924.75,6.18,60180.16,413662.0
6492,Uttarakhand,Dehradun,2023,Zaid,Barley,1056.09,27.2,65.1,Alluvial,Canal,195.52,28.67,3739.63,8.34,62996.76,420128.0
6493,Uttarakhand,Dehradun,2023,Zaid,Maize,984.95,22.8,85.1,Sandy,Tube Well,63.98,53.26,1167.92,7.64,61316.34,150012.0
6494,Uttarakhand,Dehradun,2023,Rabi,Sugarcane,1886.71,18.6,51.1,Alluvial,Sprinkler,327.15,12.13,1499.79,3.74,55622.36,100795.0
6495,Uttarakhand,Dehradun,2023,Rabi,Cotton,1425.2,37.0,52.5,Alluvial,Canal,250.81,17.98,4559.91,3.6,58866.66,213771.99999999997
6496,Uttarakhand,Dehradun,2023,Rabi,Wheat,1074.64,29.0,45.3,Red,Tube Well,316.09,16.04,4032.48,6.25,29227.39,332188.0
6497,Uttarakhand,Dehradun,2023,Zaid,Millets,1960.7,32.3,82.1,Alluvial,Drip,173.39,16.95,4821.03,2.35,62819.5,181981.0
6498,Uttarakhand,Dehradun,2023,Kharif,Maize,1643.23,23.8,56.8,Black,Tube Well,241.08,54.9,708.69,5.79,51155.89,42050.0
6499,Uttarakhand,Haridwar,2023,Zaid,Pulses,1257.83,37.4,51.3,Red,Drip,256.24,16.45,1548.69,7.4,38220.11,143880.0
6500,Uttarakhand,Haridwar,2023,Zaid,Barley,966.22,27.2,63.6,Alluvial,Canal,363.49,17.49,3896.16,1.45,37310.53,92745.0
6501,Uttarakhand,Haridwar,2023,Rabi,Cotton,735.35,19.1,76.4,Alluvial,Drip,77.75,17.59,3839.39,5.93,19707.22,384213.0
6502,Uttarakhand,Haridwar,2023,Kharif,Cotton,1119.35,21.9,78.0,Sandy,Tube Well,396.59,11.81,2623.23,1.22,25133.39,52564.0
6503,Uttarakhand,Haridwar,2023,Rabi,Sugarcane,1183.94,29.6,68.4,Black,Sprinkler,339.33,35.32,3736.82,1.33,59002.8,76097.0
6504,Uttarakhand,Haridwar,2023,Kharif,Sugarcane,637.39,36.3,69.2,Alluvial,Drip,393.18,5.01,2594.28,2.26,16066.93,102122.0
6505,Uttarakhand,Haridwar,2023,Kharif,Pulses,2111.38,29.5,39.3,Red,Drip,78.62,9.04,177.08,8.1,45384.18,16487.0
6506,Uttarakhand,Haridwar,2023,Rabi,Rice,697.19,31.9,81.4,Sandy,Drip,164.28,39.41,2243.98,8.08,30789.17,294866.0
6507,Uttarakhand,Haridwar,2023,Kharif,Barley,1653.33,25.9,49.3,Sandy,Rain-fed,191.36,54.22,918.55,1.69,40083.8,24420.0
6508,Uttarakhand,Haridwar,2023,Rabi,Pulses,931.77,23.3,58.9,Alluvial,Sprinkler,169.19,31.6,2611.77,2.52,29615.94,105506.0
6509,Uttarakhand,Haridwar,2023,Rabi,Rice,1991.4,37.6,88.6,Laterite,Canal,283.75,22.12,4584.5,3.58,59386.81,272180.0
6510,Uttarakhand,Haridwar,2023,Kharif,Wheat,712.58,35.4,43.5,Red,Canal,243.04,16.76,484.19,5.04,26056.6,41260.0
6511,Uttarakhand,Haridwar,2023,Zaid,Cotton,1321.54,35.6,78.0,Black,Canal,375.25,47.64,1529.2,3.76,43777.75,68820.0
6512,Uttarakhand,Haridwar,2023,Rabi,Pulses,1464.74,37.5,69.0,Black,Canal,146.22,30.6,4574.94,4.76,28930.85,379789.0
6513,Uttarakhand,Haridwar,2023,Kharif,Barley,818.75,25.5,70.0,Red,Sprinkler,202.59,41.95,4322.35,5.14,32496.83,318165.0
6514,Uttarakhand,Haridwar,2023,Zaid,Millets,1929.34,27.4,43.9,Black,Rain-fed,121.82,40.32,2500.6,2.33,42073.63,100478.0
6515,Uttarakhand,Haridwar,2023,Kharif,Rice,1390.29,35.9,52.8,Alluvial,Canal,430.1,24.93,3602.99,7.5,35529.93,292122.0
6516,Uttarakhand,Haridwar,2023,Rabi,Maize,2124.68,32.3,67.9,Laterite,Canal,215.35,40.44,3074.82,2.34,12312.62,125974.0
6517,Uttarakhand,Nainital,2023,Rabi,Rice,1013.25,24.3,74.0,Red,Sprinkler,334.05,13.13,2353.23,6.3,31167.62,139823.0
6518,Uttarakhand,Nainital,2023,Zaid,Rice,1158.31,37.6,45.5,Sandy,Drip,295.13,54.06,2365.92,1.62,55964.19,49471.0
6519,Uttarakhand,Nainital,2023,Kharif,Rice,1603.24,33.3,81.9,Sandy,Canal,110.16,33.14,608.75,2.0,53779.1,19626.0
6520,Uttarakhand,Nainital,2023,Zaid,Pulses,1556.05,18.3,45.7,Sandy,Canal,248.15,41.3,1434.39,3.34,13666.42,79322.0
6521,Uttarakhand,Nainital,2023,Kharif,Maize,2008.3,27.0,78.0,Laterite,Tube Well,120.5,30.15,4308.71,4.72,57374.16,312857.0
6522,Uttarakhand,Nainital,2023,Zaid,Cotton,846.09,19.3,61.0,Black,Sprinkler,116.52,17.74,3771.04,4.46,18341.9,293999.0
6523,Uttarakhand,Nainital,2023,Rabi,Millets,414.19,35.8,64.1,Alluvial,Sprinkler,289.08,38.4,2681.94,4.84,64864.56,123466.00000000001
6524,Uttarakhand,Nainital,2023,Zaid,Barley,2031.35,36.5,75.8,Alluvial,Canal,79.4,26.97,4519.26,6.33,58476.5,304654.0
6525,Uttarakhand,Nainital,2023,Zaid,Cotton,1746.15,28.0,44.2,Alluvial,Tube Well,227.05,19.26,4203.26,5.76,51433.03,216177.0
6526,Uttarakhand,Nainital,2023,Kharif,Rice,1788.69,18.0,73.5,Alluvial,Rain-fed,225.31,58.26,4709.58,2.99,52319.21,195747.0
6527,Uttarakhand,Nainital,2023,Rabi,Millets,806.24,18.2,54.7,Red,Tube Well,125.11,9.53,590.01,3.07,23129.09,23311.0
6528,Uttarakhand,Nainital,2023,Kharif,Millets,1893.92,25.6,86.3,Laterite,Canal,170.06,8.37,3059.01,4.12,32760.39,136751.0
6529,Uttarakhand,Nainital,2023,Kharif,Millets,753.77,37.6,89.0,Alluvial,Tube Well,172.65,44.65,898.11,1.39,47634.56,17336.0
6530,Uttarakhand,Nainital,2023,Kharif,Millets,917.72,35.2,46.5,Laterite,Sprinkler,329.65,39.01,1693.04,5.01,39168.22,78657.0
6531,Uttarakhand,Nainital,2023,Rabi,Pulses,1398.97,29.2,70.8,Laterite,Drip,326.85,58.27,3682.87,6.18,29710.77,358534.0
6532,Uttarakhand,Nainital,2023,Zaid,Cotton,1191.05,36.0,45.2,Black,Tube Well,320.46,50.08,2298.18,2.14,59167.18,49295.0
6533,Uttarakhand,Nainital,2023,Kharif,Millets,1793.59,29.9,81.6,Sandy,Sprinkler,56.79,38.17,985.14,8.25,61999.83,134178.0
6534,Uttarakhand,Nainital,2023,Zaid,Barley,1430.12,28.2,75.0,Black,Rain-fed,396.81,25.0,2411.66,3.26,17549.01,91965.0
6535,Uttarakhand,Almora,2023,Rabi,Sugarcane,1727.42,26.3,53.3,Alluvial,Drip,340.05,54.95,584.82,7.62,28656.57,45538.0
6536,Uttarakhand,Almora,2023,Zaid,Millets,1759.14,24.3,51.4,Laterite,Sprinkler,152.97,50.86,3861.72,2.28,30923.82,151798.0
6537,Uttarakhand,Almora,2023,Kharif,Pulses,1384.99,36.3,72.7,Sandy,Drip,373.58,15.9,660.59,3.15,31788.62,32432.0
6538,Uttarakhand,Almora,2023,Rabi,Wheat,1780.65,30.6,62.2,Alluvial,Tube Well,74.77,48.81,3042.74,7.34,26630.25,275082.0
6539,Uttarakhand,Almora,2023,Kharif,Wheat,1520.59,36.3,76.1,Sandy,Tube Well,304.65,18.85,1889.63,3.05,41567.76,49124.0
6540,Uttarakhand,Almora,2023,Rabi,Wheat,1722.55,24.5,55.6,Laterite,Drip,106.85,11.45,439.2,8.42,26411.31,47578.0
6541,Uttarakhand,Almora,2023,Kharif,Wheat,925.86,36.3,59.6,Laterite,Drip,406.86,14.73,1175.11,4.13,55495.15,83120.0
6542,Uttarakhand,Almora,2023,Kharif,Wheat,2177.95,21.5,65.4,Red,Canal,145.23,26.34,3763.71,8.05,53896.49,524652.0
6543,Uttarakhand,Almora,2023,Zaid,Barley,2097.38,35.6,75.6,Red,Drip,302.18,50.51,3658.01,8.24,15511.9,388617.0
6544,Uttarakhand,Almora,2023,Rabi,Millets,1126.96,29.4,87.6,Red,Tube Well,426.93,29.8,2110.97,3.27,24229.0,103752.0
6545,Uttarakhand,Almora,2023,Kharif,Pulses,1085.04,29.0,36.1,Sandy,Sprinkler,296.99,42.42,2040.04,2.52,18511.28,88041.0
6546,Uttarakhand,Almora,2023,Zaid,Rice,1716.63,33.5,43.1,Black,Rain-fed,56.8,48.03,3947.66,2.57,23386.6,181007.0
6547,Uttarakhand,Almora,2023,Rabi,Wheat,2120.73,35.9,77.2,Sandy,Canal,222.69,44.76,3433.67,7.29,47516.01,395837.0
6548,Uttarakhand,Almora,2023,Rabi,Cotton,1148.74,25.8,61.9,Sandy,Sprinkler,237.75,21.42,2679.46,5.23,28286.37,189343.0
6549,Uttarakhand,Almora,2023,Zaid,Millets,1671.29,33.5,45.8,Alluvial,Drip,75.86,13.58,1406.6,3.88,59583.17,90496.0
6550,Uttarakhand,Almora,2023,Rabi,Cotton,1463.31,37.1,84.3,Laterite,Rain-fed,213.4,58.04,901.58,5.59,32211.33,67272.0
6551,Uttarakhand,Almora,2023,Rabi,Wheat,545.31,23.3,67.3,Sandy,Drip,417.51,43.49,664.89,2.8,48182.1,32318.0
6552,Uttarakhand,Almora,2023,Zaid,Sugarcane,689.69,19.2,58.4,Laterite,Canal,384.75,58.05,2250.56,7.88,28297.35,296519.0
6553,Uttarakhand,Pauri,2023,Rabi,Sugarcane,1775.61,20.7,57.6,Black,Rain-fed,288.71,9.66,1318.54,2.24,26830.04,38249.0
6554,Uttarakhand,Pauri,2023,Kharif,Maize,1649.24,24.1,47.4,Laterite,Canal,264.92,15.74,4209.0,7.47,19562.76,304064.0
6555,Uttarakhand,Pauri,2023,Kharif,Pulses,2128.78,19.0,87.1,Black,Tube Well,234.3,35.4,1407.95,7.21,46095.01,141267.0
6556,Uttarakhand,Pauri,2023,Rabi,Cotton,629.97,35.3,59.1,Laterite,Tube Well,230.82,25.2,4671.32,2.25,53085.53,165106.0
6557,Uttarakhand,Pauri,2023,Kharif,Wheat,597.82,28.3,73.3,Alluvial,Rain-fed,326.36,34.9,3559.33,4.62,32117.46,154207.0
6558,Uttarakhand,Pauri,2023,Rabi,Millets,1611.58,20.1,84.2,Black,Sprinkler,193.19,27.5,2044.63,2.57,13373.27,84993.0
6559,Uttarakhand,Pauri,2023,Rabi,Pulses,2025.48,23.1,76.0,Laterite,Canal,192.0,28.28,3390.49,7.64,57132.82,274467.0
6560,Uttarakhand,Pauri,2023,Rabi,Pulses,1571.76,19.6,64.3,Red,Sprinkler,236.72,31.77,178.33,7.09,26481.52,13663.0
6561,Uttarakhand,Pauri,2023,Kharif,Wheat,802.71,26.1,75.6,Black,Drip,96.26,24.02,1494.41,1.61,40512.25,24342.0
6562,Uttarakhand,Pauri,2023,Kharif,Pulses,2083.43,37.9,56.5,Alluvial,Sprinkler,412.75,58.75,2697.35,8.24,52739.55,204859.0
6563,Uttarakhand,Pauri,2023,Kharif,Wheat,1711.07,19.0,57.0,Black,Tube Well,80.51,16.9,3056.01,2.15,39499.39,96905.0
6564,Uttarakhand,Pauri,2023,Kharif,Sugarcane,1410.6,32.9,73.0,Red,Canal,150.11,7.52,3499.59,1.43,19306.37,88909.0
6565,Uttarakhand,Pauri,2023,Kharif,Pulses,465.58,33.6,66.7,Black,Tube Well,89.76,48.5,332.68,7.69,62503.75,36892.0
6566,Uttarakhand,Pauri,2023,Kharif,Millets,1627.3,30.8,43.2,Laterite,Rain-fed,162.31,49.86,4000.24,1.7,35781.35,66826.0
6567,Uttarakhand,Pauri,2023,Kharif,Cotton,1407.3,24.9,81.8,Red,Canal,92.71,53.52,410.61,5.95,18032.54,24932.0
6568,Uttarakhand,Pauri,2023,Rabi,Millets,1310.25,23.3,44.9,Sandy,Tube Well,319.26,57.12,1312.37,7.94,28641.7,102908.99999999999
6569,Uttarakhand,Pauri,2023,Zaid,Pulses,1056.48,22.8,52.9,Laterite,Drip,187.22,39.0,2528.71,6.85,45486.86,265006.0
6570,Uttarakhand,Pauri,2023,Kharif,Maize,2011.79,28.4,59.1,Red,Rain-fed,393.54,14.46,4845.69,6.04,25827.64,279673.0
6571,Uttar Pradesh,Lucknow,2023,Rabi,Rice,1955.84,32.4,88.5,Laterite,Rain-fed,132.84,59.88,4773.47,6.63,48897.98,564598.0
6572,Uttar Pradesh,Lucknow,2023,Kharif,Sugarcane,1142.95,37.2,82.1,Laterite,Sprinkler,350.65,12.79,4576.5,2.86,29774.43,201029.0
6573,Uttar Pradesh,Lucknow,2023,Kharif,Wheat,668.95,27.7,55.3,Black,Canal,240.88,51.62,3942.35,7.91,36863.91,456438.0
6574,Uttar Pradesh,Lucknow,2023,Kharif,Cotton,1267.33,34.3,76.6,Black,Rain-fed,390.12,51.36,4538.15,5.94,51306.38,386711.0
6575,Uttar Pradesh,Lucknow,2023,Rabi,Millets,1775.93,29.3,41.8,Laterite,Sprinkler,157.77,23.33,3503.63,3.57,21979.87,156124.0
6576,Uttar Pradesh,Lucknow,2023,Zaid,Sugarcane,2181.33,27.7,86.3,Sandy,Drip,402.48,42.44,2902.08,5.0,63881.46,224371.99999999997
6577,Uttar Pradesh,Lucknow,2023,Rabi,Barley,835.45,19.0,44.4,Black,Canal,361.98,54.8,1185.24,5.73,56681.34,55597.0
6578,Uttar Pradesh,Lucknow,2023,Zaid,Barley,1875.54,31.0,73.0,Laterite,Tube Well,52.95,7.76,4306.21,2.24,57966.32,101541.0
6579,Uttar Pradesh,Lucknow,2023,Zaid,Barley,436.84,35.5,89.9,Laterite,Tube Well,211.96,7.47,1943.79,4.0,36690.92,105318.0
6580,Uttar Pradesh,Lucknow,2023,Rabi,Sugarcane,1328.72,18.1,45.8,Laterite,Tube Well,127.19,47.37,2410.11,5.08,36224.3,103779.0
6581,Uttar Pradesh,Lucknow,2023,Kharif,Millets,1596.55,28.8,88.7,Sandy,Tube Well,131.87,42.56,552.9,5.49,39050.75,53217.99999999999
6582,Uttar Pradesh,Lucknow,2023,Kharif,Cotton,1345.25,30.3,47.0,Black,Sprinkler,269.82,48.77,3516.03,7.57,64447.84,445785.00000000006
6583,Uttar Pradesh,Lucknow,2023,Rabi,Pulses,980.78,22.6,38.1,Sandy,Canal,157.09,41.2,485.41,7.23,46973.37,39460.0
6584,Uttar Pradesh,Lucknow,2023,Rabi,Rice,2176.51,27.9,73.5,Black,Tube Well,210.31,31.7,4551.52,2.29,41009.82,184620.0
6585,Uttar Pradesh,Lucknow,2023,Zaid,Wheat,1055.12,33.4,35.1,Red,Drip,130.22,59.03,1847.6,8.07,62143.28,210780.00000000003
6586,Uttar Pradesh,Lucknow,2023,Zaid,Pulses,1303.06,19.0,85.4,Laterite,Drip,395.13,28.81,518.58,1.5,51779.01,10678.0
6587,Uttar Pradesh,Lucknow,2023,Kharif,Sugarcane,1712.37,36.5,56.4,Black,Sprinkler,436.39,39.07,4877.31,2.79,59245.33,115722.0
6588,Uttar Pradesh,Lucknow,2023,Rabi,Wheat,420.11,19.9,67.8,Alluvial,Sprinkler,250.31,42.47,1076.21,2.11,21556.56,24966.0
6589,Uttar Pradesh,Kanpur,2023,Rabi,Maize,829.48,28.7,43.4,Black,Sprinkler,449.76,30.39,1807.73,8.47,49130.79,171295.0
6590,Uttar Pradesh,Kanpur,2023,Zaid,Pulses,911.3,33.2,89.0,Alluvial,Drip,296.84,29.21,557.81,5.74,62282.76,38727.0
6591,Uttar Pradesh,Kanpur,2023,Zaid,Rice,2165.54,28.4,64.8,Black,Sprinkler,371.91,8.84,4429.09,1.95,60764.34,151032.0
6592,Uttar Pradesh,Kanpur,2023,Rabi,Cotton,1700.84,28.0,52.6,Black,Rain-fed,346.2,57.91,590.35,5.44,62935.25,54582.00000000001
6593,Uttar Pradesh,Kanpur,2023,Kharif,Wheat,1340.9,21.5,50.7,Alluvial,Sprinkler,92.11,34.09,2177.69,3.47,24397.96,108715.00000000001
6594,Uttar Pradesh,Kanpur,2023,Kharif,Wheat,460.07,18.6,44.6,Red,Canal,289.79,44.88,506.98,6.54,44263.27,35124.0
6595,Uttar Pradesh,Kanpur,2023,Kharif,Barley,817.67,20.3,60.7,Sandy,Canal,207.78,16.14,341.9,5.67,33517.39,33675.0
6596,Uttar Pradesh,Kanpur,2023,Zaid,Pulses,1410.81,25.1,84.0,Sandy,Rain-fed,257.7,28.03,4972.02,4.6,32733.09,200718.0
6597,Uttar Pradesh,Kanpur,2023,Rabi,Pulses,1788.15,34.4,72.9,Red,Rain-fed,340.55,12.05,613.6,1.26,61936.89,6762.0
6598,Uttar Pradesh,Kanpur,2023,Zaid,Sugarcane,1314.88,23.1,87.7,Laterite,Drip,101.61,17.39,3258.3,5.92,21636.69,246592.0
6599,Uttar Pradesh,Kanpur,2023,Kharif,Cotton,988.15,29.3,80.1,Red,Drip,385.53,28.84,4480.92,7.42,49571.54,557005.0
6600,Uttar Pradesh,Kanpur,2023,Zaid,Maize,1222.67,27.2,83.0,Laterite,Rain-fed,393.54,31.66,2038.83,7.82,53450.48,134978.0
6601,Uttar Pradesh,Kanpur,2023,Kharif,Cotton,1038.92,32.6,85.6,Laterite,Tube Well,279.28,40.02,3167.02,3.15,42536.77,153448.0
6602,Uttar Pradesh,Kanpur,2023,Kharif,Cotton,699.5,23.9,67.4,Alluvial,Canal,123.08,18.19,1358.97,7.72,40886.04,133695.0
6603,Uttar Pradesh,Kanpur,2023,Zaid,Pulses,1521.32,34.7,80.8,Laterite,Canal,430.15,56.31,4659.54,6.78,43641.76,264965.0
6604,Uttar Pradesh,Kanpur,2023,Kharif,Sugarcane,561.47,30.3,43.6,Laterite,Rain-fed,437.28,23.98,4640.27,2.31,54508.33,141447.0
6605,Uttar Pradesh,Kanpur,2023,Kharif,Barley,2068.36,36.7,88.0,Alluvial,Rain-fed,260.89,33.52,3186.12,4.19,31115.64,178104.0
6606,Uttar Pradesh,Kanpur,2023,Zaid,Wheat,860.8,30.4,76.3,Laterite,Tube Well,360.99,34.32,2796.76,7.59,46582.77,278267.0
6607,Uttar Pradesh,Varanasi,2023,Rabi,Pulses,1876.27,24.0,58.2,Sandy,Canal,157.94,42.82,3575.77,4.8,21647.75,145358.0
6608,Uttar Pradesh,Varanasi,2023,Zaid,Maize,1381.19,21.1,60.3,Sandy,Sprinkler,139.87,34.29,2934.67,5.67,52517.17,299493.0
6609,Uttar Pradesh,Varanasi,2023,Kharif,Pulses,805.96,27.2,59.6,Alluvial,Rain-fed,416.3,39.32,224.89,7.7,53403.82,19731.0
6610,Uttar Pradesh,Varanasi,2023,Kharif,Sugarcane,1276.27,35.1,68.0,Sandy,Sprinkler,386.74,28.6,397.99,3.94,60415.27,14734.0
6611,Uttar Pradesh,Varanasi,2023,Rabi,Barley,1567.62,30.2,79.3,Alluvial,Sprinkler,190.03,5.97,2406.59,5.14,24041.77,169745.0
6612,Uttar Pradesh,Varanasi,2023,Rabi,Rice,1358.88,23.8,75.2,Red,Drip,358.62,34.06,3329.3,3.61,14356.58,188747.0
6613,Uttar Pradesh,Varanasi,2023,Rabi,Millets,1430.05,37.7,83.2,Sandy,Canal,442.02,29.66,123.47,6.08,48943.4,11629.0
6614,Uttar Pradesh,Varanasi,2023,Zaid,Wheat,1357.79,29.0,48.5,Sandy,Tube Well,198.58,23.73,4389.51,1.93,12493.17,76069.0
6615,Uttar Pradesh,Varanasi,2023,Zaid,Maize,538.49,32.6,74.9,Red,Drip,279.37,15.82,4504.42,4.14,16482.03,330324.0
6616,Uttar Pradesh,Varanasi,2023,Kharif,Maize,1489.33,37.2,86.8,Black,Sprinkler,304.91,13.4,3484.86,3.44,12489.29,131032.0
6617,Uttar Pradesh,Varanasi,2023,Kharif,Cotton,2181.98,21.2,51.4,Red,Tube Well,339.78,38.41,3096.65,5.87,25881.28,255048.0
6618,Uttar Pradesh,Varanasi,2023,Kharif,Rice,1365.78,34.9,85.1,Sandy,Rain-fed,413.84,25.4,1248.77,2.21,52573.01,46916.0
6619,Uttar Pradesh,Varanasi,2023,Kharif,Rice,684.15,37.5,53.1,Sandy,Tube Well,373.26,55.27,3213.61,7.91,40696.03,357651.0
6620,Uttar Pradesh,Varanasi,2023,Rabi,Cotton,1801.36,25.7,89.9,Black,Canal,73.72,39.09,3418.02,1.99,26227.77,75963.0
6621,Uttar Pradesh,Varanasi,2023,Rabi,Wheat,1367.27,22.7,70.2,Sandy,Tube Well,78.34,11.69,1736.5,4.99,21895.42,147531.0
6622,Uttar Pradesh,Varanasi,2023,Zaid,Rice,1544.01,23.9,57.5,Red,Canal,193.61,49.03,4849.41,6.98,57657.78,434682.0
6623,Uttar Pradesh,Varanasi,2023,Zaid,Cotton,1024.89,33.9,82.1,Red,Tube Well,443.25,20.75,1285.39,3.71,60343.15,63372.0
6624,Uttar Pradesh,Varanasi,2023,Kharif,Barley,1262.69,19.6,79.6,Black,Canal,373.24,17.4,4435.7,3.15,36342.28,189150.0
6625,Uttar Pradesh,Agra,2023,Rabi,Rice,1433.23,35.7,88.3,Alluvial,Tube Well,401.32,25.28,405.43,5.94,27544.55,27102.999999999996
6626,Uttar Pradesh,Agra,2023,Rabi,Cotton,2032.36,37.2,83.5,Sandy,Drip,249.01,10.4,471.82,8.38,57386.83,68474.0
6627,Uttar Pradesh,Agra,2023,Kharif,Barley,552.42,31.2,63.9,Alluvial,Tube Well,357.96,54.74,3337.04,4.6,43974.09,236553.00000000003
6628,Uttar Pradesh,Agra,2023,Kharif,Pulses,481.43,26.8,60.6,Laterite,Rain-fed,73.9,36.09,2248.89,6.19,56555.87,147933.0
6629,Uttar Pradesh,Agra,2023,Kharif,Pulses,455.65,31.5,70.6,Sandy,Rain-fed,342.75,10.41,4963.65,5.58,52316.77,457860.99999999994
6630,Uttar Pradesh,Agra,2023,Zaid,Millets,2024.89,31.9,67.8,Sandy,Rain-fed,227.47,49.88,2067.28,3.04,57733.44,83672.0
6631,Uttar Pradesh,Agra,2023,Zaid,Cotton,2077.84,30.2,76.6,Laterite,Rain-fed,201.53,52.4,3742.48,6.43,13145.33,328870.0
6632,Uttar Pradesh,Agra,2023,Zaid,Pulses,2188.9,37.3,52.1,Alluvial,Drip,437.35,7.43,3648.84,7.33,63904.24,431805.0
6633,Uttar Pradesh,Agra,2023,Zaid,Pulses,595.36,30.1,50.5,Laterite,Drip,227.96,33.11,3524.13,2.85,39651.12,155147.0
6634,Uttar Pradesh,Agra,2023,Zaid,Barley,722.35,30.3,44.9,Laterite,Canal,84.58,24.56,1282.38,3.27,14183.93,52954.99999999999
6635,Uttar Pradesh,Agra,2023,Zaid,Sugarcane,1548.04,26.7,39.2,Red,Canal,178.38,45.82,4079.21,6.71,58400.68,251311.0
6636,Uttar Pradesh,Agra,2023,Kharif,Rice,1623.25,26.0,65.4,Laterite,Sprinkler,326.76,31.04,4421.61,4.67,41750.2,243823.0
6637,Uttar Pradesh,Agra,2023,Kharif,Sugarcane,2089.73,30.9,86.0,Red,Tube Well,360.19,59.88,1877.33,6.17,55248.68,172108.0
6638,Uttar Pradesh,Agra,2023,Rabi,Pulses,1212.71,30.7,47.4,Sandy,Tube Well,390.14,40.04,4753.72,5.83,47897.88,321559.0
6639,Uttar Pradesh,Agra,2023,Kharif,Maize,1425.73,22.6,56.5,Sandy,Drip,377.15,34.64,4484.16,6.4,53355.68,405736.0
6640,Uttar Pradesh,Agra,2023,Zaid,Maize,1442.07,22.2,55.6,Sandy,Tube Well,352.63,53.47,936.17,8.42,29650.62,101248.0
6641,Uttar Pradesh,Agra,2023,Rabi,Wheat,2022.71,20.8,38.7,Alluvial,Tube Well,405.73,56.78,4009.35,7.06,56967.41,445942.0
6642,Uttar Pradesh,Agra,2023,Kharif,Rice,1584.42,25.6,71.1,Sandy,Sprinkler,157.11,36.27,2580.08,6.73,13556.76,186595.0
6643,Uttar Pradesh,Meerut,2023,Rabi,Rice,1642.66,31.7,49.3,Black,Sprinkler,354.6,13.03,2598.33,4.64,23175.26,127447.0
6644,Uttar Pradesh,Meerut,2023,Zaid,Barley,574.97,36.0,76.8,Sandy,Drip,226.06,49.69,1263.25,4.05,60358.07,50863.0
6645,Uttar Pradesh,Meerut,2023,Rabi,Rice,1183.03,32.6,74.0,Red,Tube Well,339.33,12.12,4132.57,7.91,60635.2,352382.0
6646,Uttar Pradesh,Meerut,2023,Rabi,Millets,756.44,28.2,71.5,Red,Tube Well,221.65,44.28,1700.09,1.69,62569.97,27724.0
6647,Uttar Pradesh,Meerut,2023,Rabi,Maize,1168.27,37.8,46.4,Laterite,Tube Well,360.7,17.06,3845.2,1.68,28223.03,78707.0
6648,Uttar Pradesh,Meerut,2023,Zaid,Millets,1716.79,21.9,59.1,Black,Sprinkler,395.81,35.45,2999.73,6.95,47258.47,271740.0
6649,Uttar Pradesh,Meerut,2023,Kharif,Cotton,1410.61,20.4,72.9,Black,Rain-fed,201.06,50.08,2801.25,1.95,57018.87,52810.0
6650,Uttar Pradesh,Meerut,2023,Zaid,Pulses,893.05,36.6,44.1,Alluvial,Rain-fed,277.04,15.32,1736.6,4.27,28521.08,75818.0
6651,Uttar Pradesh,Meerut,2023,Rabi,Rice,2028.0,37.1,67.6,Alluvial,Rain-fed,357.88,45.46,2296.96,4.97,53747.83,116491.00000000001
6652,Uttar Pradesh,Meerut,2023,Kharif,Barley,2102.77,25.0,50.7,Black,Drip,223.75,57.06,3714.07,8.09,39248.02,451378.0
6653,Uttar Pradesh,Meerut,2023,Rabi,Barley,1148.41,18.8,55.8,Red,Tube Well,130.5,9.51,877.16,4.75,55602.46,51745.00000000001
6654,Uttar Pradesh,Meerut,2023,Zaid,Barley,703.96,31.9,85.7,Laterite,Sprinkler,400.37,23.5,3480.3,1.65,25989.54,96400.0
6655,Uttar Pradesh,Meerut,2023,Zaid,Pulses,1840.79,19.0,49.1,Laterite,Tube Well,391.01,31.18,2123.92,2.31,19071.89,61263.0
6656,Uttar Pradesh,Meerut,2023,Kharif,Rice,1551.73,30.9,43.0,Sandy,Canal,212.3,38.69,4450.64,6.64,54170.1,518710.99999999994
6657,Uttar Pradesh,Meerut,2023,Zaid,Wheat,1311.09,35.2,61.8,Sandy,Tube Well,208.74,34.91,4440.42,8.22,32973.5,599547.0
6658,Uttar Pradesh,Meerut,2023,Rabi,Wheat,682.26,36.3,47.6,Black,Canal,239.21,10.83,4883.07,6.01,50251.45,428141.0
6659,Uttar Pradesh,Meerut,2023,Kharif,Millets,1200.53,21.6,80.2,Laterite,Canal,51.97,55.69,1228.53,6.99,63105.62,116860.99999999999
6660,Uttar Pradesh,Meerut,2023,Rabi,Millets,511.62,23.2,35.5,Red,Rain-fed,213.77,53.87,2834.14,1.24,32925.38,47983.0
6661,Punjab,Ludhiana,2023,Zaid,Pulses,2047.77,25.6,59.0,Sandy,Canal,208.47,43.29,1706.38,8.05,31044.92,111934.99999999999
6662,Punjab,Ludhiana,2023,Zaid,Wheat,1902.87,27.2,68.4,Sandy,Canal,351.56,24.07,479.19,3.14,47445.02,15186.000000000002
6663,Punjab,Ludhiana,2023,Zaid,Wheat,854.82,18.9,35.7,Red,Drip,182.08,47.94,3396.5,7.48,41839.25,408087.0
6664,Punjab,Ludhiana,2023,Kharif,Maize,1575.2,34.2,88.3,Laterite,Rain-fed,384.9,33.78,4271.09,3.69,46516.2,189560.0
6665,Punjab,Ludhiana,2023,Kharif,Barley,2029.22,36.9,39.7,Sandy,Tube Well,132.31,45.56,1083.74,6.0,59428.97,98830.0
6666,Punjab,Ludhiana,2023,Kharif,Barley,872.98,21.9,88.2,Red,Drip,389.66,53.94,817.17,6.25,35391.36,73305.0
6667,Punjab,Ludhiana,2023,Zaid,Rice,1923.02,24.6,59.2,Laterite,Drip,75.6,58.13,3002.41,4.13,30863.84,117458.99999999999
6668,Punjab,Ludhiana,2023,Zaid,Wheat,1207.77,26.7,78.5,Sandy,Rain-fed,103.74,8.99,246.65,6.1,16978.94,20223.0
6669,Punjab,Ludhiana,2023,Zaid,Millets,1665.65,34.2,59.8,Laterite,Drip,274.41,13.93,2579.85,7.33,13271.59,171900.0
6670,Punjab,Ludhiana,2023,Rabi,Barley,467.41,18.1,74.6,Alluvial,Sprinkler,100.07,35.19,2813.85,6.37,14651.7,189363.0
6671,Punjab,Ludhiana,2023,Rabi,Millets,1029.85,33.3,83.4,Black,Canal,74.94,11.42,4511.26,3.94,32056.91,231330.00000000003
6672,Punjab,Ludhiana,2023,Zaid,Cotton,782.48,30.8,63.3,Sandy,Drip,366.16,48.95,4026.57,5.07,27649.21,359236.0
6673,Punjab,Ludhiana,2023,Kharif,Barley,1754.61,20.8,89.0,Sandy,Rain-fed,228.3,41.16,3630.48,5.56,35527.65,297361.0
6674,Punjab,Ludhiana,2023,Rabi,Cotton,1693.14,34.5,72.8,Alluvial,Tube Well,303.71,44.44,2700.2,2.75,12619.09,121885.99999999999
6675,Punjab,Ludhiana,2023,Zaid,Pulses,1218.89,32.6,82.0,Black,Rain-fed,400.29,27.13,1506.16,1.66,21508.93,40591.0
6676,Punjab,Ludhiana,2023,Kharif,Wheat,1555.62,20.6,83.1,Laterite,Tube Well,271.73,23.21,3895.75,8.12,58112.87,306146.0
6677,Punjab,Ludhiana,2023,Kharif,Maize,1734.35,26.9,86.9,Sandy,Drip,364.79,47.84,1449.26,7.19,56293.48,88542.0
6678,Punjab,Ludhiana,2023,Kharif,Cotton,888.79,30.4,44.1,Sandy,Sprinkler,314.28,39.59,4270.24,8.13,38979.72,518785.99999999994
6679,Punjab,Amritsar,2023,Kharif,Wheat,1009.52,22.2,62.1,Sandy,Rain-fed,432.65,43.69,1667.46,1.67,58102.31,49825.0
6680,Punjab,Amritsar,2023,Zaid,Cotton,996.18,36.4,56.0,Sandy,Canal,329.3,51.68,2494.2,4.62,40678.52,146342.0
6681,Punjab,Amritsar,2023,Zaid,Sugarcane,665.55,22.4,73.6,Sandy,Tube Well,169.49,11.32,1692.6,1.31,12505.64,34824.0
6682,Punjab,Amritsar,2023,Rabi,Sugarcane,1618.17,23.4,67.3,Red,Sprinkler,278.55,14.63,305.48,5.58,60197.27,23775.0
6683,Punjab,Amritsar,2023,Rabi,Pulses,968.45,22.7,58.2,Laterite,Sprinkler,212.77,19.27,1076.61,7.48,36010.69,132861.0
6684,Punjab,Amritsar,2023,Zaid,Sugarcane,1293.92,18.9,81.6,Black,Canal,240.89,52.82,755.82,2.1,38725.13,27458.999999999996
6685,Punjab,Amritsar,2023,Kharif,Cotton,955.4,36.5,83.0,Black,Rain-fed,328.02,45.89,3068.48,4.62,32694.83,206839.0
6686,Punjab,Amritsar,2023,Zaid,Millets,728.04,19.0,84.3,Alluvial,Drip,361.0,50.61,3160.47,3.77,19929.27,172686.0
6687,Punjab,Amritsar,2023,Rabi,Wheat,1421.75,29.1,89.3,Laterite,Canal,112.17,40.5,4590.21,2.25,64211.72,178588.0
6688,Punjab,Amritsar,2023,Rabi,Maize,869.32,29.6,61.6,Alluvial,Rain-fed,265.78,39.54,4577.19,4.36,30981.01,222765.0
6689,Punjab,Amritsar,2023,Kharif,Maize,1333.57,22.7,35.5,Black,Canal,407.77,18.42,4122.83,2.3,34186.94,147193.0
6690,Punjab,Amritsar,2023,Rabi,Sugarcane,1502.31,29.2,87.7,Black,Tube Well,412.67,18.69,3686.43,1.95,59260.88,95991.0
6691,Punjab,Amritsar,2023,Zaid,Maize,1902.46,26.5,44.4,Red,Drip,365.08,36.05,3947.01,5.09,55579.97,198786.0
6692,Punjab,Amritsar,2023,Rabi,Rice,932.45,25.0,73.3,Red,Canal,351.6,23.37,4289.79,4.8,13288.64,200328.0
6693,Punjab,Amritsar,2023,Rabi,Rice,592.94,33.2,45.7,Black,Canal,353.61,22.47,4983.72,5.04,12248.55,257141.0
6694,Punjab,Amritsar,2023,Kharif,Millets,1840.07,28.4,59.1,Sandy,Tube Well,174.43,9.24,1819.66,6.46,31402.73,159604.0
6695,Punjab,Amritsar,2023,Zaid,Wheat,2184.6,27.5,64.4,Sandy,Drip,373.06,36.17,1940.55,6.81,29683.67,124356.0
6696,Punjab,Amritsar,2023,Zaid,Maize,956.91,33.0,86.8,Red,Drip,305.11,42.77,3478.2,1.87,20397.19,107241.00000000001
6697,Punjab,Patiala,2023,Zaid,Pulses,1311.04,22.5,88.3,Alluvial,Canal,119.01,36.39,995.98,2.87,35690.25,25807.0
6698,Punjab,Patiala,2023,Rabi,Maize,2110.57,22.9,52.5,Laterite,Drip,421.69,10.99,2422.04,4.43,60283.68,173857.0
6699,Punjab,Patiala,2023,Zaid,Maize,480.45,19.9,49.8,Laterite,Rain-fed,415.65,12.1,2703.4,5.64,64742.87,162690.0
6700,Punjab,Patiala,2023,Zaid,Cotton,1886.27,27.3,35.2,Alluvial,Sprinkler,306.49,41.0,2767.3,7.53,32124.27,193092.0
6701,Punjab,Patiala,2023,Rabi,Maize,695.6,24.7,54.9,Red,Canal,299.3,45.1,3273.18,3.82,57673.22,127347.0
6702,Punjab,Patiala,2023,Kharif,Cotton,690.43,26.1,59.0,Red,Sprinkler,241.85,7.05,4090.04,7.8,33231.44,510352.00000000006
6703,Punjab,Patiala,2023,Rabi,Pulses,1099.45,28.8,72.7,Black,Tube Well,79.57,53.98,702.6,6.89,42749.86,67338.0
6704,Punjab,Patiala,2023,Kharif,Cotton,607.32,19.4,89.2,Sandy,Canal,230.82,12.5,4078.26,5.98,32723.8,251983.0
6705,Punjab,Patiala,2023,Zaid,Rice,822.43,20.0,40.8,Red,Tube Well,440.15,9.94,373.04,4.24,23059.46,13829.0
6706,Punjab,Patiala,2023,Kharif,Maize,591.34,35.0,37.4,Sandy,Rain-fed,332.16,46.1,3427.82,6.89,17995.49,389372.0
6707,Punjab,Patiala,2023,Zaid,Barley,459.91,36.7,60.9,Black,Drip,159.8,53.04,4330.75,5.75,39786.58,290053.0
6708,Punjab,Patiala,2023,Kharif,Wheat,1661.21,18.6,60.8,Laterite,Drip,141.75,50.57,1877.0,3.8,22352.09,111119.0
6709,Punjab,Patiala,2023,Rabi,Rice,689.63,34.3,67.8,Red,Canal,94.99,46.55,1566.45,3.04,63601.24,49539.0
6710,Punjab,Patiala,2023,Rabi,Maize,1517.0,22.1,88.6,Laterite,Rain-fed,270.39,5.5,4035.42,1.65,46530.04,80181.0
6711,Punjab,Patiala,2023,Kharif,Wheat,1915.96,25.3,83.4,Sandy,Canal,150.82,57.65,1749.53,4.98,54588.13,77321.0
6712,Punjab,Patiala,2023,Rabi,Cotton,676.07,37.4,54.9,Black,Tube Well,176.22,24.81,4476.35,7.66,63777.33,570042.0
6713,Punjab,Patiala,2023,Rabi,Pulses,1907.2,34.1,63.8,Red,Sprinkler,82.13,17.64,4614.59,2.26,52632.37,181726.0
6714,Punjab,Patiala,2023,Rabi,Maize,1273.37,33.4,57.1,Red,Tube Well,391.42,28.24,3372.47,4.19,48853.15,188473.0
6715,Punjab,Jalandhar,2023,Kharif,Barley,410.39,28.1,65.4,Sandy,Drip,295.91,29.91,1145.4,5.62,20098.92,76639.0
6716,Punjab,Jalandhar,2023,Rabi,Rice,1317.15,37.8,55.3,Sandy,Sprinkler,366.67,47.17,3311.8,4.15,56532.81,240533.0
6717,Punjab,Jalandhar,2023,Zaid,Barley,817.19,37.1,88.5,Black,Drip,245.73,11.3,2701.28,4.65,62937.17,164730.0
6718,Punjab,Jalandhar,2023,Rabi,Pulses,603.26,26.7,74.6,Sandy,Canal,365.86,25.41,2003.12,1.64,58127.26,26827.999999999996
6719,Punjab,Jalandhar,2023,Kharif,Cotton,1592.23,29.6,72.4,Red,Sprinkler,112.2,25.32,1739.32,3.69,39121.27,109218.0
6720,Punjab,Jalandhar,2023,Kharif,Cotton,1423.5,33.5,64.0,Sandy,Tube Well,412.97,46.14,1358.55,6.5,17788.08,138399.0
6721,Punjab,Jalandhar,2023,Zaid,Maize,1457.65,31.6,86.4,Black,Drip,177.88,21.46,4073.37,1.43,27486.96,90274.0
6722,Punjab,Jalandhar,2023,Kharif,Millets,769.42,35.0,44.6,Sandy,Sprinkler,63.43,50.19,150.53,2.49,35416.96,3677.0000000000005
6723,Punjab,Jalandhar,2023,Zaid,Pulses,1124.27,31.6,85.9,Laterite,Drip,211.5,25.24,3410.21,4.3,19323.6,136274.0
6724,Punjab,Jalandhar,2023,Rabi,Barley,1754.57,24.7,37.2,Sandy,Rain-fed,54.8,52.7,2797.57,5.57,16858.4,211594.0
6725,Punjab,Jalandhar,2023,Zaid,Rice,2091.69,24.9,83.9,Black,Canal,412.67,9.53,4646.81,8.35,47085.56,551397.0
6726,Punjab,Jalandhar,2023,Zaid,Millets,841.66,32.9,37.6,Alluvial,Rain-fed,313.4,41.45,2070.27,5.71,45048.61,152864.0
6727,Punjab,Jalandhar,2023,Rabi,Maize,1029.8,35.6,71.0,Laterite,Sprinkler,277.26,23.82,2962.2,2.94,34112.28,122544.0
6728,Punjab,Jalandhar,2023,Kharif,Cotton,1655.97,30.0,51.8,Red,Sprinkler,306.57,11.23,1685.88,1.97,38047.31,39696.0
6729,Punjab,Jalandhar,2023,Kharif,Pulses,1840.54,36.2,51.0,Alluvial,Drip,283.56,5.73,4520.3,7.53,25017.26,570798.0
6730,Punjab,Jalandhar,2023,Zaid,Cotton,1157.73,22.0,83.6,Red,Canal,122.31,8.2,2806.65,4.61,23257.07,133537.0
6731,Punjab,Jalandhar,2023,Zaid,Rice,1196.28,33.2,80.9,Red,Tube Well,234.5,21.79,2653.5,7.45,41171.63,286617.0
6732,Punjab,Jalandhar,2023,Kharif,Cotton,750.89,19.9,41.1,Laterite,Rain-fed,161.89,34.45,2057.12,1.69,29721.37,52890.0
6733,Punjab,Bathinda,2023,Kharif,Sugarcane,2038.46,29.6,67.1,Black,Canal,276.16,34.37,283.71,1.24,30295.67,3867.0
6734,Punjab,Bathinda,2023,Zaid,Pulses,1738.28,37.0,66.6,Alluvial,Rain-fed,270.29,52.99,2552.38,4.67,26099.62,110563.00000000001
6735,Punjab,Bathinda,2023,Zaid,Sugarcane,2124.28,33.3,55.8,Laterite,Canal,251.44,45.74,1173.08,2.04,63799.35,42823.0
6736,Punjab,Bathinda,2023,Rabi,Barley,903.49,25.7,56.3,Black,Canal,367.02,41.48,1306.19,6.5,63095.28,109408.99999999999
6737,Punjab,Bathinda,2023,Zaid,Rice,1422.33,26.8,67.4,Sandy,Tube Well,337.75,56.09,2567.1,8.29,16559.54,256896.0
6738,Punjab,Bathinda,2023,Rabi,Cotton,1047.14,22.8,39.6,Laterite,Drip,443.22,29.77,4785.47,2.76,29944.2,176385.0
6739,Punjab,Bathinda,2023,Kharif,Barley,1214.11,24.9,37.4,Black,Rain-fed,178.24,23.97,2613.05,5.73,14220.16,170368.0
6740,Punjab,Bathinda,2023,Kharif,Pulses,1292.15,30.2,61.4,Red,Drip,174.68,35.05,3369.71,5.17,55245.99,244056.0
6741,Punjab,Bathinda,2023,Kharif,Maize,1851.13,21.2,50.4,Black,Rain-fed,183.79,33.74,365.7,6.43,49885.5,30361.0
6742,Punjab,Bathinda,2023,Kharif,Wheat,661.05,23.2,70.6,Sandy,Tube Well,94.97,32.94,2909.04,4.73,29232.84,237923.0
6743,Punjab,Bathinda,2023,Rabi,Barley,1288.19,31.7,49.0,Sandy,Sprinkler,279.79,53.63,2969.61,5.27,49000.29,127593.0
6744,Punjab,Bathinda,2023,Kharif,Pulses,580.84,37.3,69.9,Red,Canal,263.66,46.26,4953.06,2.29,45340.81,138835.0
6745,Punjab,Bathinda,2023,Rabi,Millets,1506.36,28.4,42.4,Black,Canal,294.11,39.71,1895.61,3.81,60686.53,78114.0
6746,Punjab,Bathinda,2023,Zaid,Millets,1906.44,37.3,76.8,Alluvial,Canal,90.84,48.39,2277.5,4.68,56262.88,130045.0
6747,Punjab,Bathinda,2023,Rabi,Millets,634.24,22.2,44.2,Black,Sprinkler,353.71,23.83,3910.98,5.13,49652.96,321428.0
6748,Punjab,Bathinda,2023,Zaid,Maize,1325.61,31.1,61.7,Alluvial,Rain-fed,106.38,23.55,2702.26,3.91,45827.71,140278.0
6749,Punjab,Bathinda,2023,Rabi,Millets,1869.98,32.1,36.3,Laterite,Tube Well,366.29,12.23,630.58,6.25,60059.04,34344.0
6750,Punjab,Bathinda,2023,Rabi,Millets,1283.22,36.4,53.1,Sandy,Sprinkler,425.28,54.86,260.27,6.14,32253.49,22949.0
6751,Maharashtra,Pune,2023,Zaid,Cotton,950.35,25.4,81.7,Sandy,Tube Well,315.23,50.83,2459.79,8.08,23638.62,199251.0
6752,Maharashtra,Pune,2023,Kharif,Sugarcane,2160.9,22.9,67.8,Black,Rain-fed,92.73,35.52,1337.29,7.49,14310.08,103248.0
6753,Maharashtra,Pune,2023,Kharif,Millets,1983.27,21.6,42.2,Red,Drip,247.22,47.13,4532.74,7.22,29339.75,360259.0
6754,Maharashtra,Pune,2023,Rabi,Cotton,434.32,18.5,85.9,Laterite,Drip,273.8,5.56,1596.32,5.07,14921.5,114234.99999999999
6755,Maharashtra,Pune,2023,Zaid,Millets,2146.77,30.6,56.5,Red,Drip,405.99,46.62,4908.59,6.73,13543.86,466076.0
6756,Maharashtra,Pune,2023,Zaid,Cotton,1710.22,37.5,51.8,Sandy,Canal,122.73,50.52,2957.16,7.55,60629.13,309903.0
6757,Maharashtra,Pune,2023,Zaid,Cotton,738.13,37.8,77.8,Sandy,Sprinkler,157.77,6.7,1020.13,5.01,40939.14,87733.0
6758,Maharashtra,Pune,2023,Rabi,Cotton,1194.4,29.5,39.8,Red,Rain-fed,207.54,49.08,1953.87,3.04,56136.25,58737.0
6759,Maharashtra,Pune,2023,Rabi,Wheat,1859.14,37.2,82.6,Red,Sprinkler,58.23,59.56,1000.06,5.27,61318.12,94705.0
6760,Maharashtra,Pune,2023,Zaid,Barley,2152.02,27.9,43.9,Laterite,Sprinkler,52.94,39.29,3687.64,7.28,31544.28,336323.0
6761,Maharashtra,Pune,2023,Kharif,Sugarcane,1531.29,19.7,81.9,Alluvial,Canal,227.85,33.61,1288.42,3.78,57022.09,39311.0
6762,Maharashtra,Pune,2023,Kharif,Maize,989.94,32.0,43.0,Red,Canal,289.37,23.87,3386.66,5.3,24368.39,320239.0
6763,Maharashtra,Pune,2023,Rabi,Millets,1742.22,31.7,75.8,Laterite,Tube Well,334.89,24.44,1348.14,8.08,32142.63,135369.0
6764,Maharashtra,Pune,2023,Rabi,Barley,659.13,26.8,46.3,Black,Drip,104.23,20.48,630.24,7.15,21688.45,51565.0
6765,Maharashtra,Pune,2023,Zaid,Millets,1361.67,19.0,86.9,Sandy,Drip,406.49,14.93,1295.83,3.91,52135.25,73758.0
6766,Maharashtra,Pune,2023,Rabi,Wheat,1323.77,27.3,53.0,Sandy,Canal,96.93,18.13,3227.43,7.69,28114.05,365510.0
6767,Maharashtra,Pune,2023,Zaid,Pulses,796.72,27.9,84.4,Black,Drip,366.88,39.78,1671.64,6.19,30605.7,90800.0
6768,Maharashtra,Pune,2023,Kharif,Millets,1804.12,23.5,62.7,Laterite,Tube Well,198.01,15.47,4167.87,8.26,58567.44,606518.0
6769,Maharashtra,Nashik,2023,Rabi,Rice,1954.88,19.5,54.8,Red,Canal,253.71,44.18,4402.64,5.17,26492.19,294386.0
6770,Maharashtra,Nashik,2023,Kharif,Maize,1533.42,27.1,54.3,Alluvial,Canal,359.79,38.86,2770.6,7.35,12391.0,351753.0
6771,Maharashtra,Nashik,2023,Kharif,Rice,1428.86,34.9,54.9,Alluvial,Tube Well,266.52,56.05,4660.45,2.87,57097.7,178539.0
6772,Maharashtra,Nashik,2023,Rabi,Rice,1632.1,28.1,61.3,Black,Rain-fed,406.83,37.32,2809.98,1.51,64779.44,46555.0
6773,Maharashtra,Nashik,2023,Kharif,Millets,1537.08,34.9,59.5,Sandy,Tube Well,345.4,35.3,397.94,5.38,51970.13,26099.0
6774,Maharashtra,Nashik,2023,Kharif,Rice,1172.51,21.1,43.1,Laterite,Tube Well,362.12,41.64,3527.21,1.84,41336.92,115644.0
6775,Maharashtra,Nashik,2023,Kharif,Rice,1914.71,33.2,73.2,Black,Canal,385.77,9.37,3355.4,6.86,20955.19,346802.0
6776,Maharashtra,Nashik,2023,Rabi,Sugarcane,1693.38,28.9,88.4,Red,Drip,253.09,17.37,4456.09,2.77,27160.9,116534.99999999999
6777,Maharashtra,Nashik,2023,Rabi,Cotton,419.24,18.7,73.3,Black,Sprinkler,378.34,20.35,929.15,5.7,26922.22,56241.99999999999
6778,Maharashtra,Nashik,2023,Zaid,Sugarcane,1779.69,35.7,46.7,Sandy,Rain-fed,240.27,7.21,2188.77,6.56,50665.72,117443.0
6779,Maharashtra,Nashik,2023,Zaid,Barley,434.25,20.7,80.0,Alluvial,Canal,435.87,22.18,2851.15,3.35,55923.6,118753.0
6780,Maharashtra,Nashik,2023,Kharif,Wheat,658.21,24.8,62.2,Laterite,Rain-fed,292.17,55.84,4619.45,4.72,38343.95,200534.0
6781,Maharashtra,Nashik,2023,Rabi,Wheat,625.9,36.5,78.8,Laterite,Tube Well,266.71,45.84,4610.43,4.38,32103.61,200384.0
6782,Maharashtra,Nashik,2023,Zaid,Sugarcane,489.38,21.3,64.8,Black,Sprinkler,101.71,46.63,1841.18,4.52,23479.57,132615.0
6783,Maharashtra,Nashik,2023,Rabi,Rice,1948.77,22.0,78.4,Black,Drip,149.83,25.86,392.47,5.35,55254.33,27043.0
6784,Maharashtra,Nashik,2023,Zaid,Maize,643.61,23.4,55.6,Black,Tube Well,371.2,50.15,3132.15,7.57,22360.19,417257.0
6785,Maharashtra,Nashik,2023,Zaid,Barley,1417.38,30.0,56.3,Sandy,Sprinkler,277.52,15.83,1061.63,2.53,27266.48,23960.0
6786,Maharashtra,Nashik,2023,Rabi,Cotton,1869.32,29.8,60.2,Laterite,Rain-fed,285.12,34.39,4094.86,3.47,17643.89,216673.0
6787,Maharashtra,Nagpur,2023,Zaid,Barley,1430.11,23.7,63.1,Sandy,Sprinkler,305.28,21.84,4898.94,3.02,63825.57,121233.99999999999
6788,Maharashtra,Nagpur,2023,Rabi,Wheat,1390.5,24.5,37.9,Black,Tube Well,201.76,21.14,4096.32,2.77,50242.7,131016.00000000001
6789,Maharashtra,Nagpur,2023,Rabi,Cotton,1621.51,19.0,54.4,Black,Drip,409.91,23.7,4958.95,1.86,51932.87,129181.0
6790,Maharashtra,Nagpur,2023,Rabi,Rice,1081.45,18.7,89.4,Laterite,Sprinkler,298.31,28.07,1689.51,4.0,16216.41,82208.0
6791,Maharashtra,Nagpur,2023,Zaid,Rice,1473.06,25.8,75.0,Red,Tube Well,322.47,17.09,1592.63,1.88,26033.31,38600.0
6792,Maharashtra,Nagpur,2023,Kharif,Wheat,983.75,35.2,73.0,Red,Canal,387.14,26.8,1748.16,3.5,59534.89,98218.0
6793,Maharashtra,Nagpur,2023,Kharif,Wheat,1031.13,25.6,58.8,Laterite,Drip,287.13,26.39,2833.02,6.54,43857.81,215381.0
6794,Maharashtra,Nagpur,2023,Kharif,Pulses,1144.12,25.9,50.5,Laterite,Sprinkler,418.18,37.28,4624.71,1.6,53719.1,67184.0
6795,Maharashtra,Nagpur,2023,Rabi,Maize,1611.87,36.8,88.4,Red,Drip,218.16,18.22,3771.35,6.27,43442.65,196877.0
6796,Maharashtra,Nagpur,2023,Zaid,Cotton,1235.91,31.9,36.1,Laterite,Canal,365.68,8.85,3123.09,6.0,20853.3,251817.0
6797,Maharashtra,Nagpur,2023,Rabi,Sugarcane,645.75,34.1,88.9,Laterite,Tube Well,255.52,24.45,4963.8,5.96,58454.67,244532.00000000003
6798,Maharashtra,Nagpur,2023,Kharif,Cotton,523.4,28.4,42.9,Laterite,Drip,275.09,41.52,291.96,1.47,26382.52,4308.0
6799,Maharashtra,Nagpur,2023,Rabi,Wheat,439.47,25.9,52.8,Red,Drip,403.99,35.04,2928.78,6.92,26803.74,315782.0
6800,Maharashtra,Nagpur,2023,Rabi,Cotton,2151.78,21.0,54.7,Black,Canal,336.43,38.39,2153.84,5.88,19739.03,124454.0
6801,Maharashtra,Nagpur,2023,Rabi,Millets,848.52,34.8,80.7,Laterite,Rain-fed,405.81,56.58,4932.58,2.74,41652.7,214279.0
6802,Maharashtra,Nagpur,2023,Rabi,Cotton,2170.41,31.0,67.7,Sandy,Drip,305.51,44.06,2997.82,3.07,43323.28,114231.0
6803,Maharashtra,Nagpur,2023,Rabi,Millets,1989.15,32.3,55.6,Red,Sprinkler,126.32,9.17,2030.92,7.39,14992.54,255521.99999999997
6804,Maharashtra,Nagpur,2023,Kharif,Cotton,1121.25,32.5,82.5,Red,Sprinkler,94.27,10.91,2280.51,4.57,33591.83,108044.0
6805,Maharashtra,Aurangabad,2023,Kharif,Maize,2028.7,29.5,62.6,Red,Tube Well,419.05,51.97,1138.27,7.54,14341.69,130133.99999999999
6806,Maharashtra,Aurangabad,2023,Zaid,Pulses,697.86,26.2,44.7,Black,Canal,176.68,34.21,679.65,7.67,63229.35,79000.0
6807,Maharashtra,Aurangabad,2023,Zaid,Rice,572.52,30.0,64.5,Alluvial,Drip,194.75,52.02,1811.34,1.64,57903.07,34381.0
6808,Maharashtra,Aurangabad,2023,Rabi,Cotton,1735.84,26.6,65.8,Alluvial,Canal,71.24,8.2,1763.84,4.12,18110.5,73532.0
6809,Maharashtra,Aurangabad,2023,Kharif,Cotton,789.01,37.7,43.7,Alluvial,Canal,55.77,21.66,1545.15,2.68,40392.98,38422.0
6810,Maharashtra,Aurangabad,2023,Kharif,Millets,1929.79,30.0,67.2,Sandy,Tube Well,117.21,30.25,288.7,7.35,37342.37,32401.0
6811,Maharashtra,Aurangabad,2023,Kharif,Pulses,744.61,22.3,70.3,Sandy,Sprinkler,217.97,29.82,4211.27,5.49,32675.05,213064.0
6812,Maharashtra,Aurangabad,2023,Kharif,Cotton,1015.45,37.1,67.5,Laterite,Sprinkler,330.4,52.41,3210.23,2.85,44519.58,118813.00000000001
6813,Maharashtra,Aurangabad,2023,Kharif,Millets,488.88,37.7,74.1,Sandy,Canal,361.35,30.22,151.54,4.74,22872.58,12549.0
6814,Maharashtra,Aurangabad,2023,Zaid,Barley,1492.79,31.6,38.3,Sandy,Canal,274.38,43.08,2680.44,7.44,30293.43,228913.0
6815,Maharashtra,Aurangabad,2023,Zaid,Sugarcane,1916.48,24.0,73.9,Black,Sprinkler,307.59,55.19,781.01,5.34,61587.04,71222.0
6816,Maharashtra,Aurangabad,2023,Zaid,Barley,1410.13,26.5,38.7,Sandy,Tube Well,438.65,54.42,1763.38,6.12,57846.82,143119.0
6817,Maharashtra,Aurangabad,2023,Zaid,Barley,1748.55,29.4,81.6,Black,Drip,359.8,20.58,2632.14,5.39,44336.89,235263.0
6818,Maharashtra,Aurangabad,2023,Rabi,Millets,1232.63,37.3,86.6,Sandy,Rain-fed,397.29,25.28,4477.8,8.44,40855.69,375601.0
6819,Maharashtra,Aurangabad,2023,Zaid,Wheat,774.2,34.0,65.5,Sandy,Tube Well,297.66,22.79,1622.58,3.1,41980.73,46541.0
6820,Maharashtra,Aurangabad,2023,Rabi,Wheat,1439.45,37.7,75.8,Sandy,Sprinkler,258.85,56.06,4723.41,2.24,16787.5,160161.0
6821,Maharashtra,Aurangabad,2023,Zaid,Pulses,793.92,22.1,69.9,Laterite,Rain-fed,326.59,57.45,899.61,5.54,35226.31,66839.0
6822,Maharashtra,Aurangabad,2023,Kharif,Wheat,1877.83,30.0,71.3,Alluvial,Drip,102.39,54.47,4488.33,1.64,40032.35,62520.00000000001
6823,Maharashtra,Kolhapur,2023,Kharif,Rice,445.65,35.8,50.0,Black,Sprinkler,93.95,28.84,3769.46,1.27,44779.51,40843.0
6824,Maharashtra,Kolhapur,2023,Rabi,Wheat,1203.1,30.5,67.7,Black,Drip,370.86,42.7,1587.41,5.96,26909.4,118409.99999999999
6825,Maharashtra,Kolhapur,2023,Kharif,Barley,2197.07,30.4,50.6,Red,Rain-fed,249.36,18.33,2770.49,2.83,16638.3,94108.0
6826,Maharashtra,Kolhapur,2023,Kharif,Pulses,965.53,24.1,60.9,Sandy,Sprinkler,216.36,6.93,2521.74,1.59,28472.77,49800.0
6827,Maharashtra,Kolhapur,2023,Rabi,Millets,1419.84,20.2,62.0,Alluvial,Drip,220.55,9.49,1743.91,4.86,36860.59,74855.0
6828,Maharashtra,Kolhapur,2023,Kharif,Sugarcane,596.68,20.7,88.8,Black,Tube Well,117.71,44.2,1063.07,2.53,13829.46,38462.0
6829,Maharashtra,Kolhapur,2023,Zaid,Cotton,1491.56,22.8,39.3,Red,Canal,290.26,57.14,3714.79,6.84,17130.16,226881.0
6830,Maharashtra,Kolhapur,2023,Zaid,Rice,1864.81,27.9,82.1,Red,Drip,154.11,43.69,2026.28,4.84,45444.02,147043.0
6831,Maharashtra,Kolhapur,2023,Zaid,Barley,1389.6,33.2,67.4,Alluvial,Rain-fed,399.54,7.37,4523.83,2.34,59008.55,172313.0
6832,Maharashtra,Kolhapur,2023,Kharif,Cotton,673.44,28.9,67.0,Sandy,Sprinkler,286.69,38.48,2591.47,1.51,26830.96,65304.99999999999
6833,Maharashtra,Kolhapur,2023,Rabi,Rice,1270.72,34.5,70.7,Red,Rain-fed,96.67,56.15,3064.96,8.0,50265.89,305951.0
6834,Maharashtra,Kolhapur,2023,Zaid,Sugarcane,2110.93,31.4,49.3,Black,Sprinkler,239.25,45.4,4586.03,2.24,55460.2,177506.0
6835,Maharashtra,Kolhapur,2023,Rabi,Rice,910.58,25.3,54.4,Laterite,Rain-fed,306.44,22.05,4662.95,6.08,20481.52,264729.0
6836,Maharashtra,Kolhapur,2023,Rabi,Maize,1341.35,36.1,66.9,Black,Canal,197.92,43.78,910.42,8.06,42581.28,128525.0
6837,Maharashtra,Kolhapur,2023,Rabi,Wheat,921.35,31.3,54.1,Sandy,Canal,441.33,50.67,1241.54,5.85,42235.32,71734.0
6838,Maharashtra,Kolhapur,2023,Zaid,Millets,1289.47,21.1,48.8,Red,Rain-fed,417.32,20.38,2054.22,2.82,21716.29,73222.0
6839,Maharashtra,Kolhapur,2023,Kharif,Sugarcane,445.23,18.2,68.6,Red,Sprinkler,285.3,31.81,2693.88,3.51,62226.56,121819.0
6840,Maharashtra,Kolhapur,2023,Rabi,Maize,1790.88,29.3,62.7,Laterite,Sprinkler,217.06,58.91,3824.48,1.52,49208.5,79818.0
6841,Karnataka,Bengaluru,2023,Rabi,Wheat,604.68,33.8,51.2,Alluvial,Rain-fed,316.09,44.56,4257.97,4.51,16206.08,326796.0
6842,Karnataka,Bengaluru,2023,Rabi,Pulses,518.57,18.9,54.1,Alluvial,Drip,429.9,59.35,2489.13,3.6,61782.8,117845.0
6843,Karnataka,Bengaluru,2023,Kharif,Sugarcane,1877.76,34.6,70.4,Alluvial,Sprinkler,250.21,51.35,1955.57,2.36,44466.9,77958.0
6844,Karnataka,Bengaluru,2023,Kharif,Barley,832.85,21.3,56.3,Black,Canal,358.16,25.55,2249.43,4.37,13952.8,123100.0
6845,Karnataka,Bengaluru,2023,Rabi,Barley,1747.28,29.1,68.4,Sandy,Rain-fed,260.89,53.87,1318.47,6.44,19106.08,76306.0
6846,Karnataka,Bengaluru,2023,Rabi,Barley,859.57,33.6,39.3,Alluvial,Rain-fed,431.1,32.14,1677.2,6.97,23401.06,201829.0
6847,Karnataka,Bengaluru,2023,Zaid,Barley,473.79,18.7,68.8,Laterite,Drip,255.62,14.23,1553.98,6.82,45306.97,165656.0
6848,Karnataka,Bengaluru,2023,Kharif,Wheat,2041.82,35.7,46.6,Red,Tube Well,410.43,49.41,1911.06,1.91,42564.94,56879.99999999999
6849,Karnataka,Bengaluru,2023,Rabi,Rice,416.97,36.4,84.7,Black,Rain-fed,155.22,49.52,4459.69,6.55,33300.97,294102.0
6850,Karnataka,Bengaluru,2023,Zaid,Sugarcane,2016.55,20.9,43.2,Red,Canal,336.84,52.49,2912.73,3.65,63380.22,124893.0
6851,Karnataka,Bengaluru,2023,Zaid,Wheat,1803.79,21.5,36.6,Red,Drip,242.41,15.1,3637.71,1.39,33041.53,89468.0
6852,Karnataka,Bengaluru,2023,Kharif,Rice,1985.33,22.5,73.8,Sandy,Rain-fed,50.81,27.55,1270.78,4.7,15311.06,87608.0
6853,Karnataka,Bengaluru,2023,Kharif,Maize,2112.52,28.2,42.2,Alluvial,Rain-fed,64.84,48.19,1244.84,1.26,12305.02,26462.0
6854,Karnataka,Bengaluru,2023,Zaid,Wheat,2044.09,36.1,64.8,Red,Tube Well,427.24,31.92,1604.5,3.72,49246.67,98714.0
6855,Karnataka,Bengaluru,2023,Kharif,Pulses,663.0,26.7,75.8,Sandy,Sprinkler,318.6,39.05,2806.61,2.97,56499.95,127018.0
6856,Karnataka,Bengaluru,2023,Rabi,Rice,1209.92,36.5,60.7,Red,Tube Well,222.36,5.77,912.17,5.56,53370.95,65502.0
6857,Karnataka,Bengaluru,2023,Rabi,Cotton,875.94,20.3,79.0,Sandy,Sprinkler,134.02,25.66,2040.66,1.44,53380.73,24806.0
6858,Karnataka,Bengaluru,2023,Rabi,Cotton,409.31,19.5,55.2,Sandy,Sprinkler,396.77,57.68,3922.57,4.31,40951.74,168138.0
6859,Karnataka,Mysuru,2023,Zaid,Cotton,969.88,19.7,68.3,Laterite,Tube Well,440.8,8.54,4204.33,3.29,50614.12,209162.0
6860,Karnataka,Mysuru,2023,Kharif,Pulses,982.77,18.6,46.5,Sandy,Rain-fed,357.28,58.72,4644.43,5.67,40057.59,354153.0
6861,Karnataka,Mysuru,2023,Kharif,Barley,744.94,30.4,61.0,Alluvial,Sprinkler,348.96,26.95,4906.21,5.07,47378.07,444110.99999999994
6862,Karnataka,Mysuru,2023,Kharif,Barley,2040.97,21.4,40.2,Red,Canal,101.91,57.9,587.1,6.03,59319.57,60501.0
6863,Karnataka,Mysuru,2023,Kharif,Cotton,1987.52,23.4,51.1,Red,Sprinkler,387.58,53.74,3811.48,7.37,57057.75,431204.0
6864,Karnataka,Mysuru,2023,Zaid,Barley,2006.21,25.9,86.2,Red,Drip,230.89,36.57,3557.52,4.2,18566.32,210748.99999999997
6865,Karnataka,Mysuru,2023,Zaid,Wheat,526.87,22.3,57.1,Sandy,Tube Well,428.55,16.78,1734.15,4.76,51822.78,105345.0
6866,Karnataka,Mysuru,2023,Rabi,Millets,1693.28,25.7,44.3,Alluvial,Canal,382.69,47.88,1865.51,8.04,25604.64,209328.00000000003
6867,Karnataka,Mysuru,2023,Kharif,Wheat,1843.53,26.2,36.9,Alluvial,Tube Well,381.95,9.67,4869.55,7.03,24769.14,413164.00000000006
6868,Karnataka,Mysuru,2023,Zaid,Barley,1890.82,19.7,81.5,Sandy,Sprinkler,352.74,9.44,3534.62,3.19,18007.1,179261.0
6869,Karnataka,Mysuru,2023,Rabi,Sugarcane,874.89,27.2,38.9,Sandy,Tube Well,92.34,45.08,2089.35,1.22,12319.77,45587.0
6870,Karnataka,Mysuru,2023,Zaid,Sugarcane,1268.62,25.8,44.7,Black,Drip,161.36,25.21,669.42,3.88,15400.45,46239.0
6871,Karnataka,Mysuru,2023,Zaid,Maize,1158.61,37.8,53.3,Red,Tube Well,290.82,34.75,693.78,5.83,50148.16,34522.0
6872,Karnataka,Mysuru,2023,Kharif,Cotton,1477.83,32.6,50.5,Black,Canal,226.93,35.08,2801.17,4.79,25685.72,135524.0
6873,Karnataka,Mysuru,2023,Zaid,Wheat,901.43,32.3,74.1,Red,Sprinkler,99.56,32.97,3739.09,3.46,55160.18,146180.0
6874,Karnataka,Mysuru,2023,Rabi,Barley,1514.9,34.4,49.1,Red,Tube Well,360.23,6.61,2310.9,5.7,17143.93,165888.0
6875,Karnataka,Mysuru,2023,Rabi,Rice,1527.46,24.6,44.1,Sandy,Drip,199.37,7.06,2589.23,6.86,30552.02,270555.0
6876,Karnataka,Mysuru,2023,Zaid,Pulses,950.94,22.5,83.5,Alluvial,Sprinkler,411.13,52.98,456.34,6.18,13864.16,36030.0
6877,Karnataka,Hubli,2023,Rabi,Cotton,765.86,30.1,47.4,Alluvial,Rain-fed,391.21,50.61,2260.08,5.2,57947.03,146009.0
6878,Karnataka,Hubli,2023,Kharif,Cotton,1299.86,27.9,79.1,Black,Tube Well,310.84,16.76,1305.59,7.04,53449.27,117638.00000000001
6879,Karnataka,Hubli,2023,Kharif,Maize,2060.29,27.9,76.2,Red,Canal,274.79,45.01,4657.8,5.82,55520.83,396336.0
6880,Karnataka,Hubli,2023,Zaid,Millets,1669.2,19.4,59.1,Alluvial,Rain-fed,242.46,40.89,1240.86,2.27,22228.95,25631.0
6881,Karnataka,Hubli,2023,Rabi,Maize,428.82,33.6,42.2,Red,Tube Well,243.13,57.33,3467.47,6.47,61688.53,271102.0
6882,Karnataka,Hubli,2023,Kharif,Maize,1442.02,21.0,75.1,Alluvial,Sprinkler,347.89,11.96,1186.77,4.33,25675.94,58094.00000000001
6883,Karnataka,Hubli,2023,Kharif,Maize,1161.42,34.2,61.6,Laterite,Canal,287.67,51.29,2619.45,1.97,52275.35,52536.0
6884,Karnataka,Hubli,2023,Zaid,Rice,1679.84,20.6,85.7,Alluvial,Rain-fed,338.76,46.83,2191.96,2.63,12422.92,54246.0
6885,Karnataka,Hubli,2023,Kharif,Millets,1685.73,32.0,50.2,Alluvial,Sprinkler,274.63,24.64,1838.81,8.49,45526.74,206400.0
6886,Karnataka,Hubli,2023,Rabi,Sugarcane,595.13,30.1,47.4,Sandy,Tube Well,280.82,17.45,1922.03,2.88,24071.68,92269.0
6887,Karnataka,Hubli,2023,Zaid,Maize,1123.73,34.5,36.0,Laterite,Canal,385.6,23.03,3851.92,7.69,64165.96,475985.99999999994
6888,Karnataka,Hubli,2023,Zaid,Rice,485.83,26.1,46.3,Sandy,Drip,299.15,5.06,1626.37,6.79,17524.66,153112.0
6889,Karnataka,Hubli,2023,Kharif,Barley,1650.74,18.8,45.7,Laterite,Drip,95.16,25.23,3508.72,4.06,62709.12,239994.99999999997
6890,Karnataka,Hubli,2023,Kharif,Rice,875.47,18.7,49.8,Alluvial,Tube Well,286.96,33.49,2771.63,3.02,63986.49,91437.0
6891,Karnataka,Hubli,2023,Kharif,Rice,1583.18,24.4,43.3,Laterite,Tube Well,99.26,34.58,4149.53,3.34,54370.93,161544.0
6892,Karnataka,Hubli,2023,Kharif,Barley,1042.24,31.5,79.5,Red,Rain-fed,375.1,57.16,1861.45,6.72,55455.46,219581.0
6893,Karnataka,Hubli,2023,Zaid,Millets,1043.12,24.5,56.4,Laterite,Rain-fed,170.07,36.84,3012.3,8.11,45021.02,356323.0
6894,Karnataka,Hubli,2023,Kharif,Maize,1334.04,31.5,78.4,Black,Rain-fed,256.75,29.49,897.19,4.32,26239.28,52054.99999999999
6895,Karnataka,Belagavi,2023,Kharif,Sugarcane,545.06,35.5,42.2,Alluvial,Sprinkler,269.6,44.75,2628.63,4.98,48538.44,231681.0
6896,Karnataka,Belagavi,2023,Zaid,Barley,707.67,21.7,79.0,Red,Drip,383.72,38.49,3037.08,1.29,51517.22,66340.0
6897,Karnataka,Belagavi,2023,Rabi,Pulses,2005.02,35.0,53.4,Alluvial,Sprinkler,313.14,36.86,4830.1,3.91,24104.78,189384.0
6898,Karnataka,Belagavi,2023,Kharif,Barley,698.51,36.3,63.1,Sandy,Sprinkler,344.73,45.63,3168.97,3.68,45387.78,178539.0
6899,Karnataka,Belagavi,2023,Kharif,Cotton,1776.28,29.5,59.8,Laterite,Tube Well,380.73,18.12,1536.83,8.42,32435.18,147626.0
6900,Karnataka,Belagavi,2023,Zaid,Barley,2096.8,20.5,73.0,Sandy,Tube Well,90.72,31.32,3823.07,2.09,29455.78,135607.0
6901,Karnataka,Belagavi,2023,Kharif,Pulses,1724.63,18.0,50.0,Sandy,Rain-fed,422.62,55.6,380.44,7.72,64244.16,36619.0
6902,Karnataka,Belagavi,2023,Rabi,Wheat,2181.34,18.2,59.0,Alluvial,Drip,341.89,26.56,4341.5,6.07,46948.93,219594.99999999997
6903,Karnataka,Belagavi,2023,Zaid,Wheat,2082.57,31.4,38.5,Alluvial,Sprinkler,226.93,13.41,2738.51,3.63,33074.47,167425.0
6904,Karnataka,Belagavi,2023,Kharif,Wheat,1030.29,34.3,48.0,Red,Canal,56.07,41.98,1418.76,3.62,62220.6,87649.0
6905,Karnataka,Belagavi,2023,Zaid,Sugarcane,446.47,37.8,73.6,Red,Sprinkler,67.36,32.53,3454.16,5.89,51544.19,200463.0
6906,Karnataka,Belagavi,2023,Rabi,Sugarcane,1766.3,36.7,77.6,Black,Tube Well,354.08,18.01,2983.0,5.82,14652.1,245079.0
6907,Karnataka,Belagavi,2023,Zaid,Pulses,925.92,27.8,48.8,Sandy,Canal,348.69,9.5,512.83,1.44,26156.77,7303.0
6908,Karnataka,Belagavi,2023,Rabi,Rice,1160.67,34.3,70.1,Black,Canal,191.94,32.36,610.81,4.08,62314.78,44836.0
6909,Karnataka,Belagavi,2023,Zaid,Wheat,1518.8,37.0,81.3,Alluvial,Sprinkler,304.03,40.35,294.33,5.92,26157.25,31037.0
6910,Karnataka,Belagavi,2023,Rabi,Pulses,1711.23,32.2,49.2,Red,Sprinkler,96.23,29.82,1536.03,5.68,13057.29,152504.0
6911,Karnataka,Belagavi,2023,Kharif,Maize,965.11,35.0,74.7,Black,Tube Well,176.73,33.59,4268.59,8.37,16956.45,401935.0
6912,Karnataka,Belagavi,2023,Rabi,Cotton,412.67,29.2,74.6,Sandy,Canal,272.34,58.82,1820.12,5.75,54035.37,149475.0
6913,Karnataka,Mangalore,2023,Zaid,Barley,1625.07,26.5,50.2,Laterite,Drip,62.05,29.73,2630.73,3.49,19880.53,150826.0
6914,Karnataka,Mangalore,2023,Zaid,Barley,694.36,34.8,65.2,Sandy,Canal,253.95,29.67,4520.86,3.08,28838.13,184857.0
6915,Karnataka,Mangalore,2023,Rabi,Rice,1154.86,20.1,48.2,Black,Canal,160.17,46.29,1528.24,2.55,15906.73,54640.0
6916,Karnataka,Mangalore,2023,Kharif,Pulses,1973.09,18.0,66.4,Black,Rain-fed,68.43,57.85,628.44,6.63,20150.05,34978.0
6917,Karnataka,Mangalore,2023,Zaid,Maize,1055.53,30.2,73.1,Sandy,Sprinkler,83.06,58.21,4167.75,2.88,39023.03,145760.0
6918,Karnataka,Mangalore,2023,Rabi,Rice,1931.6,29.2,74.8,Sandy,Drip,291.72,17.73,2767.38,3.07,14263.9,72635.0
6919,Karnataka,Mangalore,2023,Kharif,Barley,1940.78,30.8,46.4,Alluvial,Canal,79.86,16.92,3998.64,8.31,53569.34,567428.0
6920,Karnataka,Mangalore,2023,Kharif,Maize,630.75,24.9,73.0,Alluvial,Canal,216.49,16.62,3526.77,3.1,23182.91,191700.0
6921,Karnataka,Mangalore,2023,Kharif,Pulses,1064.54,31.9,88.5,Alluvial,Rain-fed,396.95,8.9,2707.37,2.09,59724.08,94819.0
6922,Karnataka,Mangalore,2023,Zaid,Maize,1806.13,18.4,48.9,Alluvial,Tube Well,342.16,34.42,1441.31,6.81,49525.4,99162.0
6923,Karnataka,Mangalore,2023,Zaid,Pulses,1046.34,23.5,75.7,Laterite,Rain-fed,64.37,46.96,3918.02,8.15,31184.31,455868.0
6924,Karnataka,Mangalore,2023,Kharif,Cotton,969.42,26.0,56.5,Sandy,Canal,59.71,14.05,3560.47,1.86,47436.29,110958.99999999999
6925,Karnataka,Mangalore,2023,Rabi,Barley,673.89,29.2,51.4,Sandy,Canal,265.22,25.42,4758.04,6.72,23661.28,276852.0
6926,Karnataka,Mangalore,2023,Zaid,Rice,491.2,21.2,57.1,Black,Canal,143.51,40.22,1118.78,5.71,33641.33,56392.99999999999
6927,Karnataka,Mangalore,2023,Zaid,Wheat,637.28,26.9,35.5,Sandy,Canal,389.14,29.51,4261.75,6.56,49811.28,233653.00000000003
6928,Karnataka,Mangalore,2023,Zaid,Millets,875.7,19.4,40.0,Sandy,Rain-fed,66.63,30.67,3627.81,7.71,64673.11,424508.0
6929,Karnataka,Mangalore,2023,Kharif,Barley,1130.08,21.1,63.2,Red,Canal,284.93,37.67,2605.85,2.58,39028.36,105496.0
6930,Karnataka,Mangalore,2023,Kharif,Millets,1179.5,24.9,48.5,Sandy,Sprinkler,56.27,38.0,3057.06,1.36,47741.46,39686.0
6931,Tamil Nadu,Chennai,2023,Kharif,Rice,507.76,29.7,87.4,Red,Sprinkler,354.39,48.23,1385.86,3.13,62444.72,48464.0
6932,Tamil Nadu,Chennai,2023,Rabi,Maize,1167.63,20.7,50.4,Laterite,Sprinkler,73.2,7.36,4386.9,2.13,50884.75,88283.0
6933,Tamil Nadu,Chennai,2023,Rabi,Rice,425.71,25.4,50.7,Sandy,Canal,421.41,51.34,1901.31,3.35,44899.92,95847.0
6934,Tamil Nadu,Chennai,2023,Kharif,Pulses,2172.38,36.0,41.3,Red,Tube Well,447.73,33.86,2621.54,8.07,17192.33,183695.0
6935,Tamil Nadu,Chennai,2023,Zaid,Wheat,1983.88,34.9,77.5,Black,Tube Well,375.55,18.82,2667.49,6.11,47931.75,174799.0
6936,Tamil Nadu,Chennai,2023,Kharif,Sugarcane,2182.23,27.5,57.4,Alluvial,Sprinkler,340.27,9.84,2431.06,1.28,28151.86,27080.0
6937,Tamil Nadu,Chennai,2023,Zaid,Cotton,1609.31,29.9,66.5,Laterite,Rain-fed,52.83,23.16,2417.14,7.79,60482.19,330193.0
6938,Tamil Nadu,Chennai,2023,Kharif,Wheat,1296.64,25.8,64.5,Red,Canal,356.33,7.88,1011.23,1.92,16886.4,29433.0
6939,Tamil Nadu,Chennai,2023,Zaid,Rice,1176.01,23.0,83.7,Red,Rain-fed,141.91,16.48,3876.04,2.62,16026.06,179952.0
6940,Tamil Nadu,Chennai,2023,Zaid,Sugarcane,1068.98,36.1,51.9,Red,Sprinkler,157.47,23.7,691.68,2.21,52509.78,19834.0
6941,Tamil Nadu,Chennai,2023,Rabi,Rice,1839.79,31.6,51.1,Alluvial,Rain-fed,354.69,47.95,4299.12,5.87,44323.3,434938.0
6942,Tamil Nadu,Chennai,2023,Rabi,Barley,1658.57,24.1,36.0,Alluvial,Sprinkler,375.14,11.33,3713.77,7.78,43253.71,288817.0
6943,Tamil Nadu,Chennai,2023,Rabi,Cotton,1238.61,35.8,44.1,Alluvial,Rain-fed,208.32,11.05,1998.96,2.92,29921.29,73654.0
6944,Tamil Nadu,Chennai,2023,Kharif,Millets,918.82,35.3,47.2,Laterite,Sprinkler,180.95,10.94,1200.58,3.08,43736.44,52785.0
6945,Tamil Nadu,Chennai,2023,Kharif,Cotton,1749.46,35.7,66.1,Alluvial,Rain-fed,391.49,28.65,3273.48,3.45,24557.21,164373.0
6946,Tamil Nadu,Chennai,2023,Kharif,Maize,1209.81,20.0,37.8,Sandy,Sprinkler,402.03,45.86,3122.31,7.55,54120.76,396041.0
6947,Tamil Nadu,Chennai,2023,Rabi,Wheat,1102.63,38.0,36.8,Sandy,Tube Well,214.69,50.77,2225.44,2.71,25656.31,92235.0
6948,Tamil Nadu,Chennai,2023,Kharif,Millets,2071.79,27.1,80.1,Alluvial,Drip,87.6,52.59,2261.42,1.53,37878.29,50513.0
6949,Tamil Nadu,Coimbatore,2023,Zaid,Wheat,439.29,24.0,38.8,Red,Drip,391.72,49.84,4706.78,1.31,38830.09,59255.99999999999
6950,Tamil Nadu,Coimbatore,2023,Zaid,Sugarcane,962.44,26.0,85.3,Black,Tube Well,395.75,45.41,2292.49,2.5,18533.42,69140.0
6951,Tamil Nadu,Coimbatore,2023,Zaid,Pulses,1902.54,32.5,58.4,Laterite,Sprinkler,329.22,36.53,2444.04,3.23,47515.49,141022.0
6952,Tamil Nadu,Coimbatore,2023,Zaid,Pulses,1208.62,33.9,88.5,Black,Drip,184.8,33.51,4852.01,5.87,28925.28,496443.99999999994
6953,Tamil Nadu,Coimbatore,2023,Rabi,Barley,1237.64,18.8,66.2,Black,Sprinkler,112.01,52.16,4412.6,3.85,40551.77,234780.00000000003
6954,Tamil Nadu,Coimbatore,2023,Zaid,Millets,671.13,26.2,82.1,Sandy,Rain-fed,398.19,49.4,3542.98,3.41,40593.59,142295.0
6955,Tamil Nadu,Coimbatore,2023,Kharif,Wheat,1053.84,22.2,44.9,Laterite,Canal,198.94,16.89,1273.35,1.74,23367.56,35634.0
6956,Tamil Nadu,Coimbatore,2023,Rabi,Millets,1598.83,30.9,60.4,Sandy,Canal,186.83,7.63,459.85,5.93,14652.69,32266.000000000004
6957,Tamil Nadu,Coimbatore,2023,Rabi,Wheat,1759.45,21.7,63.2,Alluvial,Rain-fed,301.55,32.11,1035.31,2.87,62064.9,44810.0
6958,Tamil Nadu,Coimbatore,2023,Zaid,Millets,1492.67,32.8,39.9,Black,Drip,218.79,11.1,1212.21,3.91,40600.69,47303.0
6959,Tamil Nadu,Coimbatore,2023,Kharif,Pulses,1286.36,32.9,85.1,Black,Tube Well,409.14,25.35,2743.36,3.77,46220.94,174166.0
6960,Tamil Nadu,Coimbatore,2023,Rabi,Millets,727.91,23.2,47.9,Laterite,Sprinkler,137.1,58.43,1122.5,2.84,45589.9,28747.000000000004
6961,Tamil Nadu,Coimbatore,2023,Rabi,Millets,1342.8,27.3,41.2,Black,Drip,146.25,24.26,239.93,6.15,47931.87,26514.0
6962,Tamil Nadu,Coimbatore,2023,Rabi,Barley,1107.81,36.4,63.4,Laterite,Drip,305.67,8.96,3596.04,2.45,60743.25,123731.0
6963,Tamil Nadu,Coimbatore,2023,Rabi,Rice,1164.79,24.3,58.6,Alluvial,Sprinkler,270.73,23.71,2732.3,3.08,27826.95,94980.0
6964,Tamil Nadu,Coimbatore,2023,Zaid,Wheat,1315.84,26.6,37.1,Red,Tube Well,318.67,13.33,3305.03,3.58,59522.78,111883.99999999999
6965,Tamil Nadu,Coimbatore,2023,Zaid,Rice,985.31,25.9,51.5,Sandy,Tube Well,279.86,45.68,1830.1,1.22,31357.19,37197.0
6966,Tamil Nadu,Coimbatore,2023,Zaid,Millets,841.46,35.5,77.7,Sandy,Drip,303.51,14.21,1732.8,7.86,54270.49,214069.0
6967,Tamil Nadu,Madurai,2023,Kharif,Sugarcane,1882.51,34.8,68.7,Alluvial,Rain-fed,299.31,18.54,4460.46,6.58,21450.43,506089.00000000006
6968,Tamil Nadu,Madurai,2023,Rabi,Rice,1164.32,26.2,54.5,Red,Sprinkler,376.95,56.11,4058.79,1.69,26593.33,78173.0
6969,Tamil Nadu,Madurai,2023,Kharif,Rice,1155.02,23.8,62.9,Red,Drip,380.73,50.73,4652.43,3.16,59013.59,220844.0
6970,Tamil Nadu,Madurai,2023,Rabi,Pulses,1182.89,22.8,39.1,Alluvial,Drip,410.46,28.63,1827.39,7.66,54570.01,228279.0
6971,Tamil Nadu,Madurai,2023,Zaid,Wheat,1614.52,30.1,78.8,Red,Tube Well,128.67,23.69,3789.66,2.75,63668.98,151092.0
6972,Tamil Nadu,Madurai,2023,Kharif,Millets,913.94,18.3,50.1,Red,Tube Well,85.31,22.52,4938.4,7.13,23756.66,397899.0
6973,Tamil Nadu,Madurai,2023,Zaid,Cotton,1792.47,18.3,80.4,Red,Drip,235.6,32.62,4271.52,2.59,21808.58,136557.0
6974,Tamil Nadu,Madurai,2023,Kharif,Wheat,1276.05,33.8,75.8,Black,Canal,119.88,46.42,4417.23,3.65,19746.31,179649.0
6975,Tamil Nadu,Madurai,2023,Zaid,Cotton,1404.37,29.6,59.4,Sandy,Drip,184.89,57.04,1894.13,4.23,25811.32,73532.0
6976,Tamil Nadu,Madurai,2023,Zaid,Millets,1004.08,36.0,73.8,Black,Canal,294.08,54.77,3714.41,7.86,52982.42,440509.0
6977,Tamil Nadu,Madurai,2023,Rabi,Maize,1358.3,30.8,45.7,Laterite,Drip,103.44,32.93,1947.41,6.06,53134.88,139385.0
6978,Tamil Nadu,Madurai,2023,Rabi,Rice,1065.75,34.1,75.0,Alluvial,Sprinkler,99.91,10.48,1443.9,4.59,55025.54,116615.00000000001
6979,Tamil Nadu,Madurai,2023,Rabi,Wheat,1238.5,32.2,41.6,Sandy,Tube Well,426.71,12.8,4298.15,2.75,13723.62,154565.0
6980,Tamil Nadu,Madurai,2023,Zaid,Wheat,1181.7,36.8,64.0,Sandy,Drip,174.07,46.32,1381.77,2.1,24618.65,42348.0
6981,Tamil Nadu,Madurai,2023,Rabi,Millets,1635.77,18.4,55.9,Alluvial,Tube Well,273.64,13.27,3039.14,5.63,20056.24,303566.0
6982,Tamil Nadu,Madurai,2023,Rabi,Barley,724.06,28.6,49.9,Alluvial,Tube Well,279.79,42.49,4930.69,1.97,30399.1,143717.0
6983,Tamil Nadu,Madurai,2023,Zaid,Millets,885.27,23.7,42.8,Black,Drip,295.24,49.21,4411.98,1.33,60648.66,99464.0
6984,Tamil Nadu,Madurai,2023,Rabi,Sugarcane,950.39,36.6,58.3,Laterite,Rain-fed,156.01,9.75,3901.24,7.74,17369.55,410014.00000000006
6985,Tamil Nadu,Salem,2023,Rabi,Rice,1556.26,35.2,49.0,Laterite,Sprinkler,256.15,45.98,138.49,4.6,24945.7,8668.0
6986,Tamil Nadu,Salem,2023,Zaid,Cotton,1049.86,25.6,58.7,Sandy,Sprinkler,395.42,55.81,4258.36,3.2,64633.23,217110.0
6987,Tamil Nadu,Salem,2023,Zaid,Sugarcane,1710.72,31.9,70.8,Red,Sprinkler,391.14,18.81,2868.03,5.19,55565.93,196832.0
6988,Tamil Nadu,Salem,2023,Rabi,Rice,1920.27,20.8,76.2,Alluvial,Canal,254.25,39.38,3410.59,4.52,61959.17,194543.0
6989,Tamil Nadu,Salem,2023,Rabi,Barley,1699.32,31.1,63.8,Black,Canal,166.12,37.01,276.22,2.72,51037.42,11137.0
6990,Tamil Nadu,Salem,2023,Zaid,Maize,1832.99,31.4,53.3,Laterite,Tube Well,308.33,10.68,3371.81,4.62,34521.12,207336.0
6991,Tamil Nadu,Salem,2023,Kharif,Rice,2069.21,22.8,36.0,Black,Sprinkler,271.28,24.82,3367.0,5.0,25659.91,181170.0
6992,Tamil Nadu,Salem,2023,Kharif,Maize,1267.44,19.7,51.1,Black,Rain-fed,84.99,12.21,2625.1,4.61,33490.69,204793.0
6993,Tamil Nadu,Salem,2023,Zaid,Cotton,1702.05,21.0,88.1,Red,Canal,261.05,21.23,673.71,7.67,31731.62,69091.0
6994,Tamil Nadu,Salem,2023,Rabi,Wheat,2024.22,30.4,63.5,Red,Canal,87.01,28.74,1930.0,3.52,52801.99,93209.0
6995,Tamil Nadu,Salem,2023,Rabi,Wheat,1215.72,35.2,59.6,Red,Rain-fed,109.91,34.06,2597.62,2.53,35698.18,78169.0
6996,Tamil Nadu,Salem,2023,Kharif,Wheat,1175.32,35.4,78.8,Laterite,Tube Well,385.62,45.86,2612.31,2.39,27415.85,80456.0
6997,Tamil Nadu,Salem,2023,Rabi,Maize,1770.31,26.6,41.0,Sandy,Canal,394.93,34.39,145.39,2.92,57173.19,3890.9999999999995
6998,Tamil Nadu,Salem,2023,Rabi,Millets,423.28,30.6,42.9,Red,Sprinkler,348.74,35.33,499.11,5.36,26961.5,23351.0
6999,Tamil Nadu,Salem,2023,Rabi,Barley,850.24,34.9,82.8,Sandy,Tube Well,311.48,36.83,4289.56,8.14,14187.09,424612.0
7000,Tamil Nadu,Salem,2023,Rabi,Pulses,867.24,30.4,38.0,Black,Rain-fed,58.44,41.75,2583.11,4.77,31498.22,207640.0
7001,Tamil Nadu,Salem,2023,Zaid,Cotton,651.49,33.6,88.5,Alluvial,Sprinkler,273.38,57.46,2851.54,4.82,23981.89,190724.0
7002,Tamil Nadu,Salem,2023,Kharif,Wheat,1232.79,27.0,42.0,Laterite,Sprinkler,59.99,45.06,2623.36,7.21,18078.99,305820.0
7003,Tamil Nadu,Tiruchirappalli,2023,Rabi,Wheat,1495.34,19.7,66.2,Laterite,Tube Well,93.6,21.4,2814.54,4.58,56224.37,129430.0
7004,Tamil Nadu,Tiruchirappalli,2023,Kharif,Rice,1524.58,23.9,78.9,Sandy,Sprinkler,185.77,23.56,2792.91,1.78,51523.03,60258.00000000001
7005,Tamil Nadu,Tiruchirappalli,2023,Rabi,Cotton,1993.99,18.5,64.9,Red,Tube Well,445.77,16.45,1878.09,5.36,31990.84,100210.0
7006,Tamil Nadu,Tiruchirappalli,2023,Rabi,Millets,1751.49,33.9,54.6,Alluvial,Rain-fed,137.58,34.71,2260.75,5.53,51066.19,141635.0
7007,Tamil Nadu,Tiruchirappalli,2023,Zaid,Millets,1448.39,36.3,56.2,Sandy,Canal,424.94,5.28,822.68,5.16,31482.78,39937.0
7008,Tamil Nadu,Tiruchirappalli,2023,Zaid,Wheat,628.53,33.6,49.0,Sandy,Rain-fed,207.66,20.92,817.37,7.24,62361.4,47800.0
7009,Tamil Nadu,Tiruchirappalli,2023,Rabi,Pulses,1729.77,20.3,54.9,Alluvial,Sprinkler,283.15,49.35,4824.82,7.04,49153.31,434150.0
7010,Tamil Nadu,Tiruchirappalli,2023,Rabi,Pulses,1099.88,33.7,77.4,Red,Tube Well,255.76,44.79,953.6,1.98,20893.03,26158.999999999996
7011,Tamil Nadu,Tiruchirappalli,2023,Kharif,Maize,1770.73,35.7,87.8,Red,Sprinkler,152.52,42.42,2591.59,4.43,55784.59,121805.0
7012,Tamil Nadu,Tiruchirappalli,2023,Rabi,Pulses,1868.17,35.4,88.8,Laterite,Rain-fed,319.18,38.26,4122.49,6.38,50406.2,409725.0
7013,Tamil Nadu,Tiruchirappalli,2023,Rabi,Cotton,1569.53,24.9,38.0,Black,Rain-fed,383.57,38.97,1714.15,8.3,29174.53,134380.0
7014,Tamil Nadu,Tiruchirappalli,2023,Zaid,Maize,1829.73,37.7,60.9,Sandy,Tube Well,87.11,38.16,1518.47,7.79,20777.15,169539.0
7015,Tamil Nadu,Tiruchirappalli,2023,Kharif,Barley,2191.98,24.6,63.4,Alluvial,Drip,203.48,10.59,4499.9,5.07,28587.15,202677.0
7016,Tamil Nadu,Tiruchirappalli,2023,Kharif,Wheat,822.5,22.1,76.3,Red,Tube Well,338.24,31.25,228.44,5.65,33970.04,12346.0
7017,Tamil Nadu,Tiruchirappalli,2023,Rabi,Pulses,1542.28,20.3,66.3,Laterite,Tube Well,446.85,50.71,4685.84,1.66,34396.59,124319.0
7018,Tamil Nadu,Tiruchirappalli,2023,Zaid,Barley,821.42,34.6,36.9,Black,Drip,437.8,26.43,3862.76,4.36,44600.63,157238.0
7019,Tamil Nadu,Tiruchirappalli,2023,Zaid,Maize,1571.1,24.9,64.6,Laterite,Sprinkler,197.48,11.88,1231.97,5.26,18560.69,97889.0
7020,Tamil Nadu,Tiruchirappalli,2023,Kharif,Cotton,1264.36,23.1,41.3,Black,Rain-fed,74.42,27.48,4704.02,8.07,13033.78,588222.0
7021,Rajasthan,Jaipur,2023,Rabi,Barley,1621.11,23.3,82.8,Alluvial,Canal,300.43,39.98,4711.03,6.52,58652.04,297060.0
7022,Rajasthan,Jaipur,2023,Rabi,Barley,1227.81,33.7,59.6,Alluvial,Drip,374.02,16.47,1189.91,2.77,50003.1,29458.999999999996
7023,Rajasthan,Jaipur,2023,Rabi,Millets,641.81,32.4,48.7,Alluvial,Tube Well,342.61,36.38,1288.45,6.87,38851.18,105976.0
7024,Rajasthan,Jaipur,2023,Zaid,Millets,963.83,19.1,79.5,Red,Rain-fed,157.2,15.66,2985.71,2.23,55948.88,97904.0
7025,Rajasthan,Jaipur,2023,Rabi,Maize,2081.72,28.5,59.9,Laterite,Rain-fed,365.86,52.34,4938.71,8.18,19927.46,400980.0
7026,Rajasthan,Jaipur,2023,Rabi,Pulses,546.45,24.3,77.9,Red,Sprinkler,276.12,32.26,1716.79,6.26,17018.3,86204.0
7027,Rajasthan,Jaipur,2023,Kharif,Pulses,1332.04,33.0,76.9,Alluvial,Canal,159.85,13.16,1706.06,5.09,27499.08,120151.0
7028,Rajasthan,Jaipur,2023,Kharif,Barley,1307.79,29.2,45.0,Red,Rain-fed,251.06,14.67,2966.42,3.15,31068.99,100207.0
7029,Rajasthan,Jaipur,2023,Rabi,Maize,1164.03,20.5,50.0,Sandy,Rain-fed,86.29,51.46,1514.61,5.13,61050.15,101627.0
7030,Rajasthan,Jaipur,2023,Kharif,Millets,1457.34,22.0,47.9,Laterite,Sprinkler,144.55,25.73,2170.21,1.5,29967.03,54324.0
7031,Rajasthan,Jaipur,2023,Zaid,Maize,793.15,28.6,77.1,Sandy,Rain-fed,64.66,53.25,157.36,3.77,54023.18,5110.0
7032,Rajasthan,Jaipur,2023,Kharif,Barley,1747.26,29.0,45.7,Sandy,Sprinkler,62.47,55.19,1232.5,7.23,40255.51,98906.0
7033,Rajasthan,Jaipur,2023,Rabi,Barley,1159.45,20.3,64.4,Red,Sprinkler,205.22,43.14,4024.87,8.11,53422.21,477753.0
7034,Rajasthan,Jaipur,2023,Kharif,Sugarcane,1054.89,36.6,63.7,Alluvial,Canal,242.94,10.49,898.52,5.92,64793.26,78027.0
7035,Rajasthan,Jaipur,2023,Zaid,Maize,1563.31,22.5,53.7,Alluvial,Canal,145.17,41.13,3695.62,2.74,24295.51,99920.0
7036,Rajasthan,Jaipur,2023,Kharif,Maize,683.79,31.2,40.2,Alluvial,Rain-fed,279.89,54.26,2411.13,7.53,50322.74,147660.0
7037,Rajasthan,Jaipur,2023,Kharif,Sugarcane,1698.73,20.4,64.1,Laterite,Tube Well,437.18,34.08,201.52,3.49,58110.97,7369.0
7038,Rajasthan,Jaipur,2023,Rabi,Pulses,795.07,21.1,50.2,Laterite,Rain-fed,228.74,37.69,1303.39,1.8,51705.06,22101.0
7039,Rajasthan,Jodhpur,2023,Kharif,Cotton,1719.04,34.8,75.5,Alluvial,Canal,305.25,42.05,1015.67,1.75,39389.2,23440.0
7040,Rajasthan,Jodhpur,2023,Kharif,Pulses,2036.94,25.1,79.3,Sandy,Sprinkler,248.52,56.02,2609.71,3.97,27040.37,153371.0
7041,Rajasthan,Jodhpur,2023,Zaid,Barley,1874.36,35.5,77.9,Black,Canal,81.17,51.88,3307.12,1.26,60850.2,66851.0
7042,Rajasthan,Jodhpur,2023,Zaid,Maize,1766.89,31.8,48.6,Sandy,Tube Well,381.2,51.94,1215.29,2.38,60628.68,26266.000000000004
7043,Rajasthan,Jodhpur,2023,Rabi,Cotton,2166.13,30.4,50.0,Red,Sprinkler,372.41,14.59,4139.48,4.59,42662.39,337897.0
7044,Rajasthan,Jodhpur,2023,Rabi,Cotton,609.03,30.2,75.8,Sandy,Sprinkler,256.49,30.81,4688.99,4.76,59056.63,344109.0
7045,Rajasthan,Jodhpur,2023,Rabi,Millets,1431.89,34.2,65.8,Black,Sprinkler,407.44,38.58,3138.33,2.69,26225.82,81173.0
7046,Rajasthan,Jodhpur,2023,Zaid,Sugarcane,550.05,36.4,69.9,Laterite,Tube Well,64.34,29.58,737.19,8.06,47004.27,87263.0
7047,Rajasthan,Jodhpur,2023,Kharif,Cotton,593.31,37.2,37.0,Alluvial,Rain-fed,94.91,52.05,707.11,7.38,22367.72,58035.0
7048,Rajasthan,Jodhpur,2023,Zaid,Barley,605.89,18.4,55.0,Laterite,Canal,194.54,6.48,1728.05,6.77,55785.27,117358.0
7049,Rajasthan,Jodhpur,2023,Zaid,Cotton,1605.01,18.4,65.8,Alluvial,Canal,277.8,35.6,905.19,2.24,51972.21,19164.0
7050,Rajasthan,Jodhpur,2023,Rabi,Barley,966.9,25.7,44.2,Alluvial,Drip,177.41,58.33,2695.19,5.56,20487.9,155229.0
7051,Rajasthan,Jodhpur,2023,Kharif,Cotton,700.1,33.5,70.5,Sandy,Sprinkler,119.98,10.57,2246.38,2.98,52647.8,56479.0
7052,Rajasthan,Jodhpur,2023,Kharif,Cotton,858.15,21.3,88.2,Black,Tube Well,295.62,5.93,1683.41,3.33,53055.4,48632.0
7053,Rajasthan,Jodhpur,2023,Zaid,Rice,1041.93,25.4,81.9,Black,Sprinkler,288.21,17.66,3511.75,6.53,29864.4,408616.0
7054,Rajasthan,Jodhpur,2023,Rabi,Rice,1694.13,31.9,87.1,Black,Canal,375.27,47.91,4863.13,4.65,64626.06,267188.0
7055,Rajasthan,Jodhpur,2023,Rabi,Sugarcane,752.95,25.6,42.9,Black,Sprinkler,50.54,22.53,1436.65,1.84,39285.99,30645.999999999996
7056,Rajasthan,Jodhpur,2023,Kharif,Rice,2092.09,22.1,82.8,Alluvial,Canal,112.72,39.55,2175.67,6.29,62900.15,245951.00000000003
7057,Rajasthan,Udaipur,2023,Zaid,Cotton,1628.45,24.1,65.7,Laterite,Drip,145.18,58.3,4322.4,4.57,38950.31,338089.0
7058,Rajasthan,Udaipur,2023,Zaid,Sugarcane,663.15,29.4,65.6,Laterite,Drip,419.4,57.23,2833.22,4.87,62157.19,180022.0
7059,Rajasthan,Udaipur,2023,Kharif,Pulses,1780.31,33.6,39.0,Black,Canal,372.76,29.11,1459.99,2.6,45944.78,40124.0
7060,Rajasthan,Udaipur,2023,Zaid,Cotton,500.12,29.6,74.5,Alluvial,Sprinkler,367.97,43.79,848.57,3.13,57537.56,23992.0
7061,Rajasthan,Udaipur,2023,Kharif,Rice,1820.72,33.7,50.6,Red,Sprinkler,115.8,13.39,1432.03,5.17,15232.52,77838.0
7062,Rajasthan,Udaipur,2023,Kharif,Barley,750.63,31.4,36.1,Red,Sprinkler,74.88,15.26,2613.39,5.48,58264.91,118838.00000000001
7063,Rajasthan,Udaipur,2023,Zaid,Pulses,745.29,31.1,35.5,Red,Canal,426.61,54.03,4577.98,1.83,64230.8,136392.0
7064,Rajasthan,Udaipur,2023,Rabi,Barley,958.19,34.5,55.9,Red,Tube Well,320.1,10.19,3091.43,4.24,16205.95,167814.0
7065,Rajasthan,Udaipur,2023,Zaid,Sugarcane,923.88,30.6,58.6,Sandy,Rain-fed,370.04,42.22,1375.8,4.13,26630.66,89698.0
7066,Rajasthan,Udaipur,2023,Kharif,Cotton,1182.42,35.0,80.3,Black,Canal,255.32,58.37,4623.23,4.89,33270.32,252510.0
7067,Rajasthan,Udaipur,2023,Rabi,Millets,1277.46,21.6,78.9,Laterite,Tube Well,86.33,28.74,2776.04,5.68,47969.77,143629.0
7068,Rajasthan,Udaipur,2023,Kharif,Cotton,1770.44,22.5,78.1,Alluvial,Sprinkler,267.33,21.01,4490.04,4.28,64250.4,193893.0
7069,Rajasthan,Udaipur,2023,Kharif,Cotton,960.84,34.9,88.6,Sandy,Rain-fed,322.34,5.1,889.63,6.97,41787.71,63340.0
7070,Rajasthan,Udaipur,2023,Zaid,Cotton,814.43,22.5,81.9,Black,Sprinkler,65.21,18.18,977.06,5.53,57909.01,67565.0
7071,Rajasthan,Udaipur,2023,Rabi,Wheat,417.58,35.3,89.6,Black,Drip,123.87,58.74,874.88,3.57,56546.1,49401.0
7072,Rajasthan,Udaipur,2023,Zaid,Sugarcane,1599.59,33.3,70.8,Sandy,Tube Well,133.07,29.9,2467.71,3.22,18395.14,98475.0
7073,Rajasthan,Udaipur,2023,Rabi,Millets,492.05,33.2,85.5,Sandy,Tube Well,291.16,41.85,3256.83,3.86,55883.41,118135.99999999999
7074,Rajasthan,Udaipur,2023,Zaid,Cotton,1606.14,34.9,52.2,Alluvial,Sprinkler,114.76,31.18,1175.41,3.73,17844.55,74201.0
7075,Rajasthan,Kota,2023,Zaid,Rice,1547.53,34.1,44.8,Laterite,Sprinkler,259.36,24.6,1694.34,2.5,35691.82,52050.0
7076,Rajasthan,Kota,2023,Rabi,Millets,1124.4,18.7,68.2,Laterite,Drip,337.01,40.47,2875.03,4.81,19299.34,186666.0
7077,Rajasthan,Kota,2023,Rabi,Pulses,1400.39,31.3,73.6,Laterite,Sprinkler,292.53,12.96,388.4,5.26,62643.19,24257.0
7078,Rajasthan,Kota,2023,Zaid,Wheat,608.01,28.7,86.8,Sandy,Rain-fed,289.18,59.73,2169.92,8.08,63567.42,265889.0
7079,Rajasthan,Kota,2023,Rabi,Rice,1037.6,30.6,67.3,Black,Drip,182.83,29.12,3818.1,1.76,46236.35,61247.0
7080,Rajasthan,Kota,2023,Zaid,Rice,850.0,18.5,41.8,Sandy,Drip,148.57,21.73,2644.16,2.57,14307.33,83487.0
7081,Rajasthan,Kota,2023,Kharif,Wheat,2125.2,18.3,82.6,Sandy,Canal,269.94,7.77,1286.16,3.72,27466.37,84414.0
7082,Rajasthan,Kota,2023,Rabi,Cotton,2074.76,35.5,71.5,Sandy,Canal,360.04,42.41,322.7,4.68,15428.65,16618.0
7083,Rajasthan,Kota,2023,Rabi,Cotton,1152.18,27.1,39.3,Sandy,Tube Well,270.84,49.26,826.54,6.36,40324.09,52817.99999999999
7084,Rajasthan,Kota,2023,Zaid,Wheat,748.86,25.6,41.0,Red,Canal,217.87,37.9,2555.33,1.23,54917.71,45424.0
7085,Rajasthan,Kota,2023,Zaid,Sugarcane,596.96,36.6,36.7,Red,Sprinkler,335.63,42.15,4486.93,2.98,61632.57,200568.0
7086,Rajasthan,Kota,2023,Rabi,Wheat,873.59,20.8,79.4,Laterite,Rain-fed,106.42,37.25,2000.62,2.19,27828.7,60990.0
7087,Rajasthan,Kota,2023,Rabi,Barley,1524.63,24.5,59.1,Black,Tube Well,276.57,18.76,3283.82,5.06,26539.35,167765.0
7088,Rajasthan,Kota,2023,Rabi,Maize,530.82,21.4,50.9,Black,Sprinkler,239.08,21.86,1278.62,2.02,13494.4,26627.0
7089,Rajasthan,Kota,2023,Zaid,Rice,672.35,34.8,84.6,Laterite,Sprinkler,63.4,35.15,2082.87,6.92,32822.07,125510.99999999999
7090,Rajasthan,Kota,2023,Kharif,Wheat,2197.62,35.6,39.5,Red,Sprinkler,114.15,16.65,4399.83,2.99,36095.84,178671.0
7091,Rajasthan,Kota,2023,Rabi,Sugarcane,464.56,37.0,75.8,Alluvial,Tube Well,240.96,53.33,4946.36,2.32,34802.29,175193.0
7092,Rajasthan,Kota,2023,Zaid,Cotton,512.68,33.5,84.1,Alluvial,Rain-fed,121.87,34.42,1282.32,3.45,48119.1,58950.0
7093,Rajasthan,Ajmer,2023,Rabi,Wheat,546.62,34.5,35.7,Sandy,Rain-fed,246.52,20.4,3019.07,1.27,55577.7,55109.0
7094,Rajasthan,Ajmer,2023,Kharif,Sugarcane,2166.51,33.3,66.3,Black,Canal,189.64,31.58,4358.85,1.72,23389.01,92762.0
7095,Rajasthan,Ajmer,2023,Kharif,Sugarcane,631.12,18.6,69.6,Black,Rain-fed,345.63,17.38,935.04,4.56,58789.56,63619.00000000001
7096,Rajasthan,Ajmer,2023,Kharif,Barley,1821.77,22.6,77.7,Red,Canal,356.08,34.02,516.82,3.34,38716.52,29885.000000000004
7097,Rajasthan,Ajmer,2023,Rabi,Maize,1360.29,37.2,55.2,Sandy,Tube Well,90.88,28.97,3091.94,4.4,23498.2,136497.0
7098,Rajasthan,Ajmer,2023,Rabi,Barley,1175.83,37.0,68.1,Sandy,Canal,75.44,39.53,990.26,4.66,57252.0,72495.0
7099,Rajasthan,Ajmer,2023,Kharif,Rice,436.32,31.8,77.7,Alluvial,Canal,152.68,33.91,1646.32,6.68,57530.71,133705.0
7100,Rajasthan,Ajmer,2023,Rabi,Sugarcane,1622.82,27.4,86.0,Laterite,Tube Well,197.36,46.28,3373.02,6.39,43202.58,355903.0
7101,Rajasthan,Ajmer,2023,Rabi,Sugarcane,2064.72,34.6,70.5,Sandy,Canal,318.85,15.22,950.26,5.43,34466.58,83054.0
7102,Rajasthan,Ajmer,2023,Rabi,Millets,555.8,33.1,82.5,Laterite,Drip,390.26,8.38,1473.07,4.58,14850.58,115763.00000000001
7103,Rajasthan,Ajmer,2023,Rabi,Pulses,1593.54,32.2,55.9,Sandy,Rain-fed,401.59,24.79,436.12,7.21,42674.9,39495.0
7104,Rajasthan,Ajmer,2023,Kharif,Millets,1849.62,32.5,41.5,Alluvial,Canal,116.81,41.91,2614.74,2.84,26993.37,111608.99999999999
7105,Rajasthan,Ajmer,2023,Rabi,Maize,818.56,27.4,80.0,Red,Sprinkler,240.65,28.87,1905.95,4.45,24409.09,100814.0
7106,Rajasthan,Ajmer,2023,Kharif,Maize,837.95,23.2,66.1,Red,Rain-fed,245.18,37.39,1864.88,2.12,33342.18,59823.0
7107,Rajasthan,Ajmer,2023,Rabi,Pulses,1663.37,37.7,45.2,Black,Rain-fed,369.17,8.71,4032.74,7.28,58919.19,454642.0
7108,Rajasthan,Ajmer,2023,Zaid,Barley,466.92,25.2,75.3,Sandy,Tube Well,136.7,48.34,1098.62,5.72,38595.28,66432.0
7109,Rajasthan,Ajmer,2023,Kharif,Wheat,2006.48,19.4,53.1,Black,Canal,56.95,33.81,1606.66,4.7,57430.45,104921.0
7110,Rajasthan,Ajmer,2023,Rabi,Rice,866.24,32.7,57.9,Red,Rain-fed,211.21,20.22,1596.39,3.27,15781.37,50625.0
7111,West Bengal,Kolkata,2023,Rabi,Sugarcane,2064.22,37.3,86.8,Sandy,Sprinkler,94.44,39.64,2293.64,4.85,17617.05,129652.0
7112,West Bengal,Kolkata,2023,Rabi,Barley,1732.93,27.2,84.9,Alluvial,Drip,441.75,28.88,2020.44,6.47,36374.51,113983.0
7113,West Bengal,Kolkata,2023,Rabi,Millets,1497.07,31.5,70.3,Black,Rain-fed,358.27,19.01,4987.77,6.04,32569.85,270621.0
7114,West Bengal,Kolkata,2023,Rabi,Millets,1624.04,33.7,75.1,Alluvial,Sprinkler,270.5,55.65,693.88,6.05,30574.41,64527.0
7115,West Bengal,Kolkata,2023,Zaid,Maize,850.71,18.7,35.1,Alluvial,Tube Well,339.59,7.71,2935.2,5.47,30577.24,243146.0
7116,West Bengal,Kolkata,2023,Kharif,Maize,1129.29,37.8,85.9,Alluvial,Tube Well,140.7,41.64,4391.07,2.71,14276.78,149352.0
7117,West Bengal,Kolkata,2023,Kharif,Cotton,1067.7,37.7,86.5,Alluvial,Sprinkler,371.36,12.97,2129.39,4.65,15536.27,82684.0
7118,West Bengal,Kolkata,2023,Rabi,Barley,1530.91,19.3,59.3,Black,Sprinkler,432.57,35.5,1342.13,5.59,35865.12,126256.0
7119,West Bengal,Kolkata,2023,Zaid,Barley,1141.99,36.1,70.3,Alluvial,Canal,65.56,47.81,4787.97,7.33,32681.62,469105.0
7120,West Bengal,Kolkata,2023,Zaid,Rice,1809.21,22.9,37.2,Alluvial,Sprinkler,166.02,38.76,972.91,4.71,62838.55,39376.0
7121,West Bengal,Kolkata,2023,Rabi,Sugarcane,2158.87,30.2,85.6,Black,Tube Well,70.6,11.77,1792.59,6.79,28797.7,214194.0
7122,West Bengal,Kolkata,2023,Zaid,Pulses,1463.36,20.0,61.9,Alluvial,Sprinkler,132.07,55.76,4784.22,3.75,27570.98,224255.00000000003
7123,West Bengal,Kolkata,2023,Kharif,Cotton,566.7,28.4,89.6,Laterite,Drip,91.88,25.26,2900.45,2.99,38332.54,129082.0
7124,West Bengal,Kolkata,2023,Zaid,Maize,880.92,33.2,48.1,Sandy,Tube Well,280.27,53.73,752.61,6.7,25771.76,49716.0
7125,West Bengal,Kolkata,2023,Zaid,Maize,1993.67,26.4,38.8,Laterite,Drip,328.98,11.52,1571.96,2.37,63358.05,59547.0
7126,West Bengal,Kolkata,2023,Rabi,Rice,1536.09,25.7,55.0,Alluvial,Canal,201.1,31.89,2348.47,8.34,42438.39,311824.0
7127,West Bengal,Kolkata,2023,Kharif,Cotton,1621.59,23.1,82.1,Black,Canal,63.45,26.91,743.18,4.11,25326.59,43642.0
7128,West Bengal,Kolkata,2023,Rabi,Millets,2187.77,32.9,56.2,Red,Sprinkler,347.8,42.29,1398.15,6.54,45606.99,120203.0
7129,West Bengal,Howrah,2023,Zaid,Rice,1904.45,34.0,58.9,Alluvial,Rain-fed,102.91,21.25,1071.17,6.09,44477.2,112909.99999999999
7130,West Bengal,Howrah,2023,Rabi,Rice,1604.08,25.6,48.5,Red,Canal,386.92,44.52,3885.99,4.41,15893.53,264477.0
7131,West Bengal,Howrah,2023,Kharif,Cotton,1086.6,22.9,36.0,Sandy,Sprinkler,390.72,47.57,4050.91,8.22,38128.66,569580.0
7132,West Bengal,Howrah,2023,Zaid,Sugarcane,666.49,27.3,58.4,Red,Canal,412.99,44.55,2566.38,3.01,35584.47,120370.0
7133,West Bengal,Howrah,2023,Rabi,Rice,1644.41,32.2,57.1,Laterite,Tube Well,316.23,49.57,3680.59,4.33,12641.07,171176.0
7134,West Bengal,Howrah,2023,Zaid,Cotton,1529.18,18.9,66.6,Black,Drip,233.22,45.59,2909.58,3.02,43858.6,108891.00000000001
7135,West Bengal,Howrah,2023,Rabi,Pulses,697.01,32.6,63.9,Black,Sprinkler,336.68,31.28,568.35,6.14,56024.81,35853.0
7136,West Bengal,Howrah,2023,Zaid,Rice,1354.0,19.5,63.2,Alluvial,Rain-fed,111.95,55.43,4182.14,2.29,24118.08,81674.0
7137,West Bengal,Howrah,2023,Rabi,Millets,1563.15,21.0,85.7,Black,Sprinkler,316.42,59.6,4784.11,6.2,44306.54,332542.0
7138,West Bengal,Howrah,2023,Kharif,Barley,1382.91,23.7,62.2,Sandy,Tube Well,100.99,39.15,3836.0,2.43,52638.04,76124.0
7139,West Bengal,Howrah,2023,Zaid,Wheat,1853.96,34.1,82.2,Alluvial,Sprinkler,104.14,35.36,1689.63,6.26,22423.98,98239.0
7140,West Bengal,Howrah,2023,Rabi,Millets,604.43,26.8,70.2,Black,Rain-fed,270.72,20.4,4776.7,7.94,22070.47,610032.0
7141,West Bengal,Howrah,2023,Rabi,Cotton,1490.28,31.3,44.7,Sandy,Drip,339.36,31.63,2929.99,2.75,30887.53,68489.0
7142,West Bengal,Howrah,2023,Rabi,Maize,1095.89,25.9,55.8,Sandy,Rain-fed,184.5,34.41,2447.53,6.71,57635.36,295399.0
7143,West Bengal,Howrah,2023,Zaid,Millets,1100.37,34.4,63.1,Alluvial,Sprinkler,208.19,44.86,1403.41,3.77,40171.18,82264.0
7144,West Bengal,Howrah,2023,Rabi,Millets,487.93,35.0,70.1,Laterite,Canal,368.0,16.46,844.9,2.74,52060.59,32020.0
7145,West Bengal,Howrah,2023,Zaid,Cotton,1592.87,32.9,83.2,Laterite,Rain-fed,304.52,21.84,254.34,1.55,42513.06,5859.0
7146,West Bengal,Howrah,2023,Rabi,Millets,1428.51,37.7,71.5,Black,Rain-fed,435.96,29.99,1038.99,1.34,52637.21,21579.0
7147,West Bengal,Darjeeling,2023,Rabi,Millets,1023.42,36.1,36.2,Sandy,Canal,121.54,36.06,2607.52,8.48,43837.93,249430.00000000003
7148,West Bengal,Darjeeling,2023,Kharif,Cotton,717.98,19.3,56.1,Sandy,Sprinkler,440.83,22.95,4436.7,4.37,30497.46,251469.99999999997
7149,West Bengal,Darjeeling,2023,Zaid,Millets,1967.82,20.1,84.2,Sandy,Drip,266.03,27.51,2219.45,3.94,32789.69,128640.00000000001
7150,West Bengal,Darjeeling,2023,Rabi,Rice,1110.84,20.4,82.8,Black,Tube Well,417.36,37.91,1763.41,6.41,52320.79,203290.0
7151,West Bengal,Darjeeling,2023,Kharif,Rice,1920.82,32.9,64.5,Red,Drip,72.06,46.41,2443.34,3.82,62382.49,119783.0
7152,West Bengal,Darjeeling,2023,Kharif,Maize,1249.84,29.9,37.5,Laterite,Sprinkler,146.88,14.2,4445.19,3.2,23754.68,229679.0
7153,West Bengal,Darjeeling,2023,Kharif,Pulses,1042.73,23.1,76.8,Black,Drip,101.49,25.98,3895.92,4.74,36277.45,230460.0
7154,West Bengal,Darjeeling,2023,Zaid,Barley,481.11,20.1,54.8,Black,Canal,255.51,29.75,1921.18,8.32,38342.52,259442.99999999997
7155,West Bengal,Darjeeling,2023,Rabi,Pulses,1912.02,19.4,61.7,Black,Drip,312.07,9.71,2800.2,7.86,36202.3,306929.0
7156,West Bengal,Darjeeling,2023,Zaid,Rice,2080.25,37.3,38.7,Sandy,Tube Well,72.55,54.91,2473.01,2.97,55333.03,66100.0
7157,West Bengal,Darjeeling,2023,Rabi,Pulses,1755.53,37.7,75.9,Sandy,Sprinkler,138.1,27.11,4071.22,1.32,63081.77,83012.0
7158,West Bengal,Darjeeling,2023,Kharif,Millets,1969.34,22.2,51.3,Black,Canal,410.8,26.73,1330.16,7.04,57315.04,154930.0
7159,West Bengal,Darjeeling,2023,Zaid,Sugarcane,451.35,28.4,86.6,Alluvial,Drip,139.47,54.06,2814.42,1.47,61884.25,53179.0
7160,West Bengal,Darjeeling,2023,Kharif,Wheat,763.98,26.9,72.1,Sandy,Canal,439.5,49.14,1293.21,1.85,20639.75,40242.0
7161,West Bengal,Darjeeling,2023,Zaid,Wheat,1408.35,28.1,78.3,Laterite,Tube Well,416.01,8.37,1605.88,3.47,45519.39,46778.0
7162,West Bengal,Darjeeling,2023,Rabi,Sugarcane,1768.64,36.9,47.4,Laterite,Sprinkler,166.04,15.39,1690.42,2.82,43368.94,64430.99999999999
7163,West Bengal,Darjeeling,2023,Rabi,Sugarcane,1377.9,29.5,54.1,Red,Canal,177.78,53.42,3800.83,4.21,53936.35,188991.0
7164,West Bengal,Darjeeling,2023,Zaid,Barley,412.35,37.4,83.3,Laterite,Drip,134.18,18.51,1616.26,6.82,14324.46,194667.0
7165,West Bengal,Siliguri,2023,Zaid,Maize,882.7,23.5,80.8,Laterite,Rain-fed,329.51,8.04,4774.14,2.87,25053.15,135504.0
7166,West Bengal,Siliguri,2023,Rabi,Maize,1392.63,36.0,44.4,Sandy,Sprinkler,261.3,22.84,2251.03,4.81,31243.37,122202.0
7167,West Bengal,Siliguri,2023,Zaid,Cotton,1138.18,31.8,65.0,Alluvial,Rain-fed,205.36,56.2,4118.82,7.26,35004.56,351990.0
7168,West Bengal,Siliguri,2023,Rabi,Maize,861.26,27.0,68.5,Laterite,Canal,185.48,29.12,1940.79,3.3,31208.57,100347.0
7169,West Bengal,Siliguri,2023,Rabi,Barley,1029.44,22.9,75.5,Alluvial,Sprinkler,438.25,39.81,2079.85,3.05,34561.57,100817.0
7170,West Bengal,Siliguri,2023,Rabi,Millets,1175.73,19.9,87.9,Laterite,Canal,420.15,45.88,4701.61,4.23,24683.06,221477.0
7171,West Bengal,Siliguri,2023,Kharif,Pulses,1440.61,20.1,76.2,Black,Drip,240.14,39.84,2102.09,5.77,27859.72,163451.0
7172,West Bengal,Siliguri,2023,Zaid,Sugarcane,1723.22,31.6,63.1,Black,Canal,192.71,13.9,3725.81,2.74,16969.04,139742.0
7173,West Bengal,Siliguri,2023,Kharif,Barley,404.95,25.1,79.8,Alluvial,Canal,291.57,47.79,4240.33,2.48,22849.45,159564.0
7174,West Bengal,Siliguri,2023,Kharif,Sugarcane,910.59,36.4,58.2,Red,Sprinkler,343.2,9.65,2726.96,7.94,63780.56,293056.0
7175,West Bengal,Siliguri,2023,Zaid,Rice,1555.41,36.1,61.2,Red,Drip,174.71,44.52,1247.55,4.68,44232.51,58124.0
7176,West Bengal,Siliguri,2023,Zaid,Millets,2058.22,29.9,53.2,Laterite,Tube Well,83.45,30.9,2481.55,2.75,49517.02,66152.0
7177,West Bengal,Siliguri,2023,Kharif,Rice,2152.73,37.2,48.4,Laterite,Sprinkler,259.74,34.64,1214.97,3.76,41355.54,78418.0
7178,West Bengal,Siliguri,2023,Kharif,Sugarcane,1403.87,19.6,82.4,Alluvial,Drip,171.04,17.48,2056.22,2.0,17752.01,68010.0
7179,West Bengal,Siliguri,2023,Rabi,Millets,944.67,21.7,86.5,Red,Rain-fed,249.79,10.43,4402.41,1.89,49660.48,80701.0
7180,West Bengal,Siliguri,2023,Kharif,Rice,490.0,24.4,68.9,Black,Rain-fed,175.33,32.72,4761.25,3.37,13297.16,188700.0
7181,West Bengal,Siliguri,2023,Kharif,Cotton,881.16,24.1,78.7,Sandy,Tube Well,393.87,13.09,3606.94,6.62,41144.34,349297.0
7182,West Bengal,Siliguri,2023,Kharif,Cotton,1657.5,28.2,63.9,Black,Drip,128.13,15.17,1588.25,6.02,53678.0,169619.0
7183,West Bengal,Malda,2023,Rabi,Barley,684.79,35.9,46.9,Black,Canal,378.11,58.08,2580.91,4.51,37872.67,178034.0
7184,West Bengal,Malda,2023,Zaid,Sugarcane,967.45,18.3,54.1,Black,Sprinkler,240.82,18.62,4678.73,6.31,58813.93,244096.99999999997
7185,West Bengal,Malda,2023,Zaid,Millets,1352.44,28.2,57.3,Laterite,Tube Well,50.79,19.4,233.94,3.32,43498.68,10102.0
7186,West Bengal,Malda,2023,Zaid,Sugarcane,581.73,32.4,46.2,Red,Tube Well,240.13,27.56,1087.99,6.1,48091.01,69452.0
7187,West Bengal,Malda,2023,Zaid,Millets,1786.86,18.8,42.3,Alluvial,Drip,394.68,41.21,1951.63,1.27,34014.13,20680.0
7188,West Bengal,Malda,2023,Rabi,Sugarcane,924.77,32.3,77.4,Red,Canal,55.44,39.05,4708.93,6.92,28785.23,569082.0
7189,West Bengal,Malda,2023,Zaid,Barley,1210.27,21.7,69.2,Black,Tube Well,223.53,11.55,932.54,1.95,44519.73,14897.999999999998
7190,West Bengal,Malda,2023,Zaid,Sugarcane,514.61,19.7,84.1,Laterite,Tube Well,149.66,49.25,2837.0,5.29,33637.28,210475.0
7191,West Bengal,Malda,2023,Kharif,Maize,1491.6,21.9,66.4,Laterite,Drip,305.62,14.81,2159.45,3.78,30233.86,141353.0
7192,West Bengal,Malda,2023,Zaid,Pulses,1257.96,33.2,73.8,Sandy,Drip,253.09,41.96,4996.61,2.93,58505.39,175451.0
7193,West Bengal,Malda,2023,Zaid,Rice,1393.55,35.0,84.1,Sandy,Drip,105.14,59.75,3902.1,3.06,36110.27,189431.0
7194,West Bengal,Malda,2023,Zaid,Barley,1459.47,29.1,81.2,Black,Sprinkler,64.31,18.45,4799.23,5.26,51163.45,267853.0
7195,West Bengal,Malda,2023,Zaid,Pulses,1506.9,37.7,78.0,Laterite,Sprinkler,97.15,49.37,3701.86,6.68,39244.77,291170.0
7196,West Bengal,Malda,2023,Kharif,Wheat,1874.08,23.9,81.8,Black,Sprinkler,405.73,45.96,3952.2,5.5,51324.77,346667.0
7197,West Bengal,Malda,2023,Rabi,Wheat,574.06,33.0,39.4,Sandy,Sprinkler,83.6,56.11,1346.34,4.55,62642.63,57354.99999999999
7198,West Bengal,Malda,2023,Rabi,Sugarcane,519.0,19.3,37.0,Black,Tube Well,388.55,41.93,4409.99,7.83,48301.17,619958.0
7199,West Bengal,Malda,2023,Zaid,Millets,849.06,22.0,76.7,Sandy,Rain-fed,414.09,50.53,587.07,7.52,43436.74,52739.0
7200,West Bengal,Malda,2023,Kharif,Sugarcane,1773.76,33.6,44.9,Black,Tube Well,392.77,15.91,4550.48,8.05,26994.97,491810.00000000006
7201,Uttarakhand,Dehradun,2024,Rabi,Maize,1677.04,32.2,59.0,Red,Canal,148.54,50.94,3448.42,1.66,52675.33,60029.99999999999
7202,Uttarakhand,Dehradun,2024,Zaid,Sugarcane,440.77,27.5,77.1,Alluvial,Sprinkler,374.62,17.51,1359.48,2.86,27047.17,46477.0
7203,Uttarakhand,Dehradun,2024,Zaid,Cotton,1197.41,20.2,44.1,Red,Rain-fed,63.2,42.61,4583.06,5.57,22786.69,333285.0
7204,Uttarakhand,Dehradun,2024,Kharif,Wheat,1911.83,27.7,82.8,Sandy,Rain-fed,419.68,31.47,1315.24,2.44,63134.3,27474.0
7205,Uttarakhand,Dehradun,2024,Rabi,Rice,1335.88,29.2,66.4,Sandy,Tube Well,401.2,36.86,2781.87,6.06,38149.67,169465.0
7206,Uttarakhand,Dehradun,2024,Kharif,Cotton,1865.98,21.8,65.8,Alluvial,Rain-fed,108.9,8.7,498.59,2.78,16033.4,11125.0
7207,Uttarakhand,Dehradun,2024,Kharif,Barley,728.54,36.4,75.7,Laterite,Rain-fed,78.31,11.91,4080.19,2.27,48184.26,133055.0
7208,Uttarakhand,Dehradun,2024,Kharif,Millets,1091.7,30.1,52.6,Alluvial,Sprinkler,70.45,18.49,416.37,5.04,12969.45,30162.0
7209,Uttarakhand,Dehradun,2024,Zaid,Pulses,1013.59,30.2,62.1,Alluvial,Tube Well,301.06,19.55,3180.19,8.39,46179.23,398364.0
7210,Uttarakhand,Dehradun,2024,Kharif,Rice,978.04,31.4,78.9,Sandy,Tube Well,72.69,57.55,1602.04,3.35,18829.6,57067.99999999999
7211,Uttarakhand,Dehradun,2024,Rabi,Cotton,1152.68,26.1,66.2,Black,Canal,142.27,44.27,3908.92,5.55,54208.33,322718.0
7212,Uttarakhand,Dehradun,2024,Zaid,Millets,2007.36,33.2,65.5,Sandy,Canal,439.26,15.99,3344.78,1.7,26489.98,58091.0
7213,Uttarakhand,Dehradun,2024,Zaid,Sugarcane,674.9,31.0,58.7,Alluvial,Drip,240.46,13.07,1763.23,4.32,57391.51,126704.0
7214,Uttarakhand,Dehradun,2024,Kharif,Barley,1373.43,18.0,57.3,Alluvial,Tube Well,285.93,13.84,1845.27,4.58,25007.46,73332.0
7215,Uttarakhand,Dehradun,2024,Rabi,Maize,1757.36,33.4,80.4,Red,Tube Well,110.3,57.97,1013.65,1.66,14025.8,24909.0
7216,Uttarakhand,Dehradun,2024,Zaid,Millets,2105.86,26.1,53.0,Sandy,Canal,189.56,18.17,1331.27,5.55,62202.2,108872.0
7217,Uttarakhand,Dehradun,2024,Rabi,Pulses,2055.12,19.3,63.3,Laterite,Drip,421.26,32.43,4634.29,7.31,36309.6,282895.0
7218,Uttarakhand,Dehradun,2024,Kharif,Maize,1501.56,32.5,46.5,Red,Rain-fed,126.7,48.96,1106.35,2.04,27250.18,21572.0
7219,Uttarakhand,Haridwar,2024,Zaid,Cotton,1646.06,21.7,35.6,Laterite,Sprinkler,325.51,18.4,2629.9,1.93,40990.85,48508.0
7220,Uttarakhand,Haridwar,2024,Zaid,Maize,1252.47,18.0,79.0,Black,Tube Well,213.52,41.61,3281.51,7.95,50686.44,226319.0
7221,Uttarakhand,Haridwar,2024,Rabi,Wheat,1303.02,36.9,37.5,Red,Rain-fed,402.45,49.83,482.92,6.35,26365.53,45314.0
7222,Uttarakhand,Haridwar,2024,Rabi,Rice,1086.31,32.1,73.1,Alluvial,Rain-fed,144.27,21.78,4285.67,3.34,62438.06,140554.0
7223,Uttarakhand,Haridwar,2024,Zaid,Rice,624.22,37.4,79.4,Sandy,Drip,394.92,27.03,2440.68,1.94,13217.27,80204.0
7224,Uttarakhand,Haridwar,2024,Kharif,Cotton,1171.37,19.0,35.0,Red,Drip,400.45,23.98,1329.97,8.43,32390.01,176190.0
7225,Uttarakhand,Haridwar,2024,Rabi,Pulses,2045.1,26.4,52.4,Black,Rain-fed,269.25,15.26,2618.19,1.9,14780.67,55573.0
7226,Uttarakhand,Haridwar,2024,Rabi,Wheat,1171.24,29.0,45.7,Black,Tube Well,204.61,7.84,2104.99,2.11,51463.31,52507.00000000001
7227,Uttarakhand,Haridwar,2024,Rabi,Sugarcane,1594.82,20.6,79.5,Sandy,Rain-fed,122.72,38.42,4718.18,1.22,48641.72,74437.0
7228,Uttarakhand,Haridwar,2024,Zaid,Pulses,1483.78,21.1,58.8,Alluvial,Sprinkler,60.49,46.54,2375.98,7.88,24156.18,324768.0
7229,Uttarakhand,Haridwar,2024,Kharif,Pulses,696.26,35.4,56.0,Red,Rain-fed,367.09,19.02,1425.83,4.21,61855.23,69778.0
7230,Uttarakhand,Haridwar,2024,Kharif,Pulses,583.81,29.6,56.6,Red,Drip,175.8,32.14,498.88,3.15,52461.92,26567.0
7231,Uttarakhand,Haridwar,2024,Zaid,Rice,1804.3,18.4,77.2,Laterite,Drip,412.27,52.39,705.99,7.78,21128.11,86507.0
7232,Uttarakhand,Haridwar,2024,Rabi,Barley,830.2,36.7,59.4,Sandy,Rain-fed,279.5,9.75,1412.81,5.0,59179.84,60780.99999999999
7233,Uttarakhand,Haridwar,2024,Rabi,Maize,1139.55,37.2,81.7,Sandy,Canal,196.76,8.17,4676.13,7.66,20027.04,535351.0
7234,Uttarakhand,Haridwar,2024,Zaid,Cotton,2011.88,28.2,35.6,Red,Tube Well,67.45,19.47,845.02,2.82,27206.01,27802.999999999996
7235,Uttarakhand,Haridwar,2024,Zaid,Sugarcane,1049.17,36.4,70.6,Black,Sprinkler,168.22,31.24,4097.42,2.46,32753.59,96097.0
7236,Uttarakhand,Haridwar,2024,Kharif,Barley,1575.81,27.3,47.7,Red,Tube Well,380.71,37.89,4259.89,4.18,63365.05,251348.0
7237,Uttarakhand,Nainital,2024,Rabi,Pulses,2008.36,31.8,71.2,Laterite,Tube Well,368.05,37.18,2382.38,3.55,28188.18,90645.0
7238,Uttarakhand,Nainital,2024,Rabi,Millets,1556.7,27.1,71.6,Black,Tube Well,123.36,43.91,1065.46,8.39,46541.39,76115.0
7239,Uttarakhand,Nainital,2024,Zaid,Millets,656.55,30.7,39.8,Alluvial,Drip,302.24,22.9,2059.17,6.99,56054.43,185102.0
7240,Uttarakhand,Nainital,2024,Kharif,Barley,1273.52,26.4,38.0,Alluvial,Tube Well,346.71,53.48,682.37,3.05,13471.93,21997.0
7241,Uttarakhand,Nainital,2024,Rabi,Sugarcane,1607.35,26.7,37.4,Alluvial,Drip,120.71,10.96,4657.34,2.81,42867.87,219311.0
7242,Uttarakhand,Nainital,2024,Kharif,Wheat,1306.86,24.9,46.6,Laterite,Sprinkler,203.2,52.48,2029.72,7.41,24202.97,247839.0
7243,Uttarakhand,Nainital,2024,Kharif,Pulses,1665.1,18.8,88.6,Laterite,Rain-fed,315.98,9.22,3524.32,4.35,28717.35,143927.0
7244,Uttarakhand,Nainital,2024,Zaid,Wheat,756.82,32.5,56.1,Laterite,Rain-fed,178.5,39.05,4613.94,5.57,17075.19,451260.00000000006
7245,Uttarakhand,Nainital,2024,Kharif,Pulses,971.53,24.2,71.7,Red,Tube Well,299.72,51.62,1534.76,4.0,45655.47,62548.0
7246,Uttarakhand,Nainital,2024,Rabi,Pulses,652.01,24.7,86.8,Red,Tube Well,207.24,25.39,352.99,2.67,26514.57,16959.0
7247,Uttarakhand,Nainital,2024,Kharif,Millets,1981.62,25.8,48.5,Alluvial,Sprinkler,140.06,52.12,3292.92,1.97,28868.34,80414.0
7248,Uttarakhand,Nainital,2024,Zaid,Cotton,658.82,20.9,62.2,Red,Rain-fed,289.83,8.42,2856.93,6.13,62771.33,247942.99999999997
7249,Uttarakhand,Nainital,2024,Kharif,Cotton,1595.61,28.3,43.6,Black,Rain-fed,342.19,43.27,1007.69,3.17,57584.23,26756.0
7250,Uttarakhand,Nainital,2024,Zaid,Rice,1676.76,26.1,75.9,Sandy,Rain-fed,63.28,23.32,4645.14,2.52,45868.07,167364.0
7251,Uttarakhand,Nainital,2024,Zaid,Pulses,1320.68,33.9,80.4,Red,Tube Well,78.35,11.91,1436.42,4.74,63118.22,94326.0
7252,Uttarakhand,Nainital,2024,Zaid,Wheat,1524.71,27.4,50.7,Sandy,Rain-fed,354.33,54.95,3186.04,3.82,59254.22,109085.99999999999
7253,Uttarakhand,Nainital,2024,Zaid,Pulses,2043.83,27.0,86.4,Alluvial,Canal,393.63,46.98,1973.35,2.52,28022.34,71982.0
7254,Uttarakhand,Nainital,2024,Rabi,Wheat,809.4,19.7,60.1,Laterite,Sprinkler,150.63,41.02,4555.05,1.41,16964.34,85229.0
7255,Uttarakhand,Almora,2024,Zaid,Barley,2149.7,33.8,60.1,Alluvial,Rain-fed,75.97,6.48,1783.91,8.23,36159.41,149482.0
7256,Uttarakhand,Almora,2024,Rabi,Sugarcane,970.22,37.4,90.0,Red,Drip,288.16,16.06,3513.95,2.69,60989.88,83350.0
7257,Uttarakhand,Almora,2024,Zaid,Cotton,559.0,32.6,59.5,Black,Drip,117.49,23.08,3178.78,3.51,61206.01,92086.0
7258,Uttarakhand,Almora,2024,Kharif,Barley,2092.52,25.6,87.3,Red,Rain-fed,257.26,46.2,3200.02,2.92,46857.81,154035.0
7259,Uttarakhand,Almora,2024,Zaid,Sugarcane,731.85,30.1,54.1,Red,Canal,230.16,11.26,3402.84,3.61,51651.65,156279.0
7260,Uttarakhand,Almora,2024,Rabi,Maize,675.01,32.6,55.1,Alluvial,Rain-fed,297.58,48.45,3278.61,3.18,15243.34,170147.0
7261,Uttarakhand,Almora,2024,Kharif,Rice,1830.79,33.6,76.6,Red,Tube Well,372.25,51.07,4711.02,3.98,42720.01,214334.0
7262,Uttarakhand,Almora,2024,Rabi,Cotton,1694.48,27.8,62.7,Black,Sprinkler,208.55,5.06,710.05,6.65,47908.8,65590.0
7263,Uttarakhand,Almora,2024,Zaid,Millets,620.31,34.0,79.4,Alluvial,Rain-fed,301.35,16.63,4487.5,4.4,37449.14,160247.0
7264,Uttarakhand,Almora,2024,Zaid,Wheat,1337.21,18.6,62.3,Laterite,Canal,255.44,48.56,2333.94,8.14,30019.22,167080.0
7265,Uttarakhand,Almora,2024,Rabi,Wheat,2096.22,20.6,70.1,Alluvial,Sprinkler,226.39,54.22,4239.53,7.01,24817.52,423497.99999999994
7266,Uttarakhand,Almora,2024,Zaid,Sugarcane,1633.06,28.3,77.7,Alluvial,Drip,242.19,45.22,3916.22,2.97,36069.79,141613.0
7267,Uttarakhand,Almora,2024,Kharif,Wheat,1837.13,31.3,66.6,Sandy,Rain-fed,277.66,5.9,4448.27,2.36,26335.85,141721.0
7268,Uttarakhand,Almora,2024,Kharif,Sugarcane,1807.92,30.1,72.9,Black,Drip,70.37,32.16,1490.85,8.18,24944.71,203090.0
7269,Uttarakhand,Almora,2024,Zaid,Cotton,711.39,31.1,85.8,Black,Drip,177.72,16.93,262.96,7.17,18844.81,31855.0
7270,Uttarakhand,Almora,2024,Kharif,Barley,1029.42,36.0,77.5,Black,Tube Well,260.47,10.7,2220.65,3.66,50500.96,113858.99999999999
7271,Uttarakhand,Almora,2024,Kharif,Wheat,852.9,20.2,43.4,Black,Tube Well,341.44,45.51,277.88,3.06,41625.01,13859.0
7272,Uttarakhand,Almora,2024,Zaid,Rice,2052.0,32.7,78.1,Black,Rain-fed,60.06,15.68,733.61,1.72,62124.59,19972.0
7273,Uttarakhand,Pauri,2024,Zaid,Sugarcane,2141.16,31.1,68.3,Laterite,Drip,277.07,47.51,4976.52,3.77,27438.32,310364.0
7274,Uttarakhand,Pauri,2024,Rabi,Maize,1969.85,18.2,65.7,Alluvial,Canal,406.19,56.0,2271.25,7.62,60640.42,286210.0
7275,Uttarakhand,Pauri,2024,Rabi,Millets,1729.92,23.2,74.3,Black,Sprinkler,326.6,38.65,3442.61,6.75,18309.56,269913.0
7276,Uttarakhand,Pauri,2024,Kharif,Wheat,2144.9,25.1,69.3,Laterite,Canal,395.67,15.54,4311.46,7.74,53913.36,516972.0
7277,Uttarakhand,Pauri,2024,Rabi,Rice,1531.55,30.4,76.5,Alluvial,Canal,282.57,5.15,1834.41,1.5,39506.9,47551.0
7278,Uttarakhand,Pauri,2024,Kharif,Rice,1719.44,26.6,37.1,Red,Rain-fed,302.5,49.3,1059.85,6.15,39870.67,103392.0
7279,Uttarakhand,Pauri,2024,Kharif,Maize,557.0,28.5,88.8,Black,Tube Well,433.41,8.0,4824.83,4.02,19729.77,346493.0
7280,Uttarakhand,Pauri,2024,Kharif,Pulses,1162.42,22.9,66.2,Black,Rain-fed,307.27,5.16,2290.88,8.2,19657.12,210739.0
7281,Uttarakhand,Pauri,2024,Zaid,Sugarcane,1677.29,20.7,81.8,Laterite,Drip,82.85,42.11,2568.99,8.47,14121.9,362483.0
7282,Uttarakhand,Pauri,2024,Zaid,Pulses,1179.91,18.6,47.1,Red,Canal,262.66,49.55,183.91,5.93,58939.2,18428.0
7283,Uttarakhand,Pauri,2024,Kharif,Wheat,1765.52,25.4,73.2,Red,Canal,338.09,36.4,4086.06,2.69,51841.0,119182.0
7284,Uttarakhand,Pauri,2024,Zaid,Rice,1532.69,28.1,42.0,Alluvial,Tube Well,260.81,22.22,1856.92,6.36,56713.29,114296.0
7285,Uttarakhand,Pauri,2024,Rabi,Rice,1496.24,30.8,58.2,Black,Rain-fed,187.52,59.5,2599.42,3.83,46147.1,162157.0
7286,Uttarakhand,Pauri,2024,Kharif,Pulses,1555.15,19.6,76.3,Alluvial,Sprinkler,146.93,27.92,1959.58,7.93,53037.6,269830.0
7287,Uttarakhand,Pauri,2024,Kharif,Millets,679.42,36.4,82.1,Red,Rain-fed,385.06,25.49,1691.69,1.89,19288.51,53089.0
7288,Uttarakhand,Pauri,2024,Rabi,Barley,1627.43,20.1,50.3,Laterite,Rain-fed,154.53,6.55,1685.91,4.39,54605.54,78633.0
7289,Uttarakhand,Pauri,2024,Rabi,Barley,690.8,30.4,50.8,Laterite,Tube Well,339.83,40.5,2950.94,4.53,12224.08,214117.0
7290,Uttarakhand,Pauri,2024,Zaid,Pulses,1717.53,24.7,63.5,Black,Drip,375.32,9.39,2709.1,1.97,22190.51,91850.0
7291,Uttar Pradesh,Lucknow,2024,Rabi,Sugarcane,1101.54,30.8,40.0,Alluvial,Sprinkler,429.52,34.99,2218.7,5.67,45621.18,159387.0
7292,Uttar Pradesh,Lucknow,2024,Rabi,Wheat,1252.69,23.7,80.7,Laterite,Drip,214.29,56.63,636.9,1.64,13243.17,10831.0
7293,Uttar Pradesh,Lucknow,2024,Zaid,Maize,554.5,36.1,35.7,Laterite,Tube Well,209.88,30.89,753.04,1.38,45464.25,14471.0
7294,Uttar Pradesh,Lucknow,2024,Kharif,Wheat,1619.09,32.0,85.2,Red,Canal,347.19,45.69,1260.35,2.83,51669.08,45194.0
7295,Uttar Pradesh,Lucknow,2024,Rabi,Pulses,1498.56,22.0,84.3,Red,Rain-fed,197.21,16.45,1208.2,4.36,52159.75,72475.0
7296,Uttar Pradesh,Lucknow,2024,Rabi,Barley,1383.82,32.0,62.9,Black,Drip,239.58,11.66,1907.8,2.77,58378.38,44256.0
7297,Uttar Pradesh,Lucknow,2024,Kharif,Wheat,1793.97,21.4,53.7,Alluvial,Canal,110.26,59.59,1726.22,7.28,61917.01,204882.00000000003
7298,Uttar Pradesh,Lucknow,2024,Zaid,Rice,1142.93,29.0,89.5,Black,Drip,239.74,12.2,4844.8,1.31,60418.51,51444.00000000001
7299,Uttar Pradesh,Lucknow,2024,Zaid,Sugarcane,554.32,19.3,35.3,Red,Tube Well,125.11,52.01,1534.55,2.32,55315.13,53817.99999999999
7300,Uttar Pradesh,Lucknow,2024,Kharif,Cotton,2081.82,31.1,87.7,Alluvial,Tube Well,168.52,43.54,459.84,6.3,54692.72,46282.0
7301,Uttar Pradesh,Lucknow,2024,Rabi,Rice,412.16,28.1,48.3,Sandy,Drip,278.96,40.12,3985.91,5.77,46784.84,273287.0
7302,Uttar Pradesh,Lucknow,2024,Kharif,Rice,735.05,18.6,62.9,Alluvial,Drip,119.22,22.55,2585.82,4.66,57085.13,173982.0
7303,Uttar Pradesh,Lucknow,2024,Rabi,Pulses,718.51,18.8,58.5,Black,Rain-fed,421.28,10.42,788.8,7.29,47991.51,85825.0
7304,Uttar Pradesh,Lucknow,2024,Kharif,Pulses,1390.8,23.4,51.3,Sandy,Tube Well,347.37,33.12,1209.73,2.66,48919.21,50909.0
7305,Uttar Pradesh,Lucknow,2024,Rabi,Sugarcane,813.25,18.4,59.5,Alluvial,Drip,131.33,51.94,1144.43,4.85,36681.91,88777.0
7306,Uttar Pradesh,Lucknow,2024,Kharif,Sugarcane,2101.15,25.1,88.3,Red,Sprinkler,308.93,43.18,727.58,2.34,64496.8,22479.0
7307,Uttar Pradesh,Lucknow,2024,Rabi,Cotton,1108.57,19.3,71.2,Laterite,Sprinkler,55.15,49.03,3164.35,7.73,14625.28,252237.0
7308,Uttar Pradesh,Lucknow,2024,Zaid,Rice,645.42,25.0,79.3,Red,Sprinkler,279.34,49.13,149.28,2.57,17161.84,6519.0
7309,Uttar Pradesh,Kanpur,2024,Kharif,Wheat,1110.98,18.7,88.6,Red,Drip,53.17,36.41,3705.08,4.05,54576.66,206321.0
7310,Uttar Pradesh,Kanpur,2024,Zaid,Rice,1124.17,37.0,89.2,Laterite,Rain-fed,329.18,24.87,3709.03,6.77,58907.32,405273.0
7311,Uttar Pradesh,Kanpur,2024,Zaid,Cotton,2038.83,23.5,65.9,Alluvial,Rain-fed,427.76,45.82,4833.82,6.09,16613.86,380084.0
7312,Uttar Pradesh,Kanpur,2024,Zaid,Barley,1136.09,29.8,58.5,Laterite,Rain-fed,232.22,55.17,1429.75,5.76,22560.59,90012.0
7313,Uttar Pradesh,Kanpur,2024,Kharif,Millets,537.92,20.9,75.7,Alluvial,Tube Well,157.63,16.39,3766.07,3.99,54632.29,256541.0
7314,Uttar Pradesh,Kanpur,2024,Kharif,Millets,1571.92,23.8,50.4,Alluvial,Canal,99.05,18.22,516.83,7.33,36401.71,51669.00000000001
7315,Uttar Pradesh,Kanpur,2024,Rabi,Wheat,1688.06,18.5,78.8,Laterite,Drip,347.57,56.71,4733.26,5.13,46406.62,203700.0
7316,Uttar Pradesh,Kanpur,2024,Zaid,Wheat,656.78,32.0,79.8,Red,Canal,374.76,27.24,4847.07,1.6,23598.49,101207.0
7317,Uttar Pradesh,Kanpur,2024,Kharif,Wheat,1001.19,19.4,86.9,Black,Drip,205.53,33.94,3603.27,6.91,20020.83,287273.0
7318,Uttar Pradesh,Kanpur,2024,Kharif,Sugarcane,1983.3,27.7,75.0,Black,Sprinkler,110.63,37.96,3842.69,3.46,32336.32,197793.0
7319,Uttar Pradesh,Kanpur,2024,Rabi,Barley,1890.65,19.5,38.9,Black,Tube Well,196.21,36.65,2426.63,8.36,61143.54,303660.0
7320,Uttar Pradesh,Kanpur,2024,Rabi,Millets,2015.66,20.6,89.1,Alluvial,Drip,377.64,19.91,3284.7,4.61,26907.87,189491.0
7321,Uttar Pradesh,Kanpur,2024,Rabi,Barley,620.59,31.2,63.7,Laterite,Canal,93.22,39.45,450.42,7.33,28186.08,41232.0
7322,Uttar Pradesh,Kanpur,2024,Zaid,Sugarcane,1943.87,36.0,65.1,Red,Sprinkler,266.81,44.54,4360.73,4.59,27625.86,210446.0
7323,Uttar Pradesh,Kanpur,2024,Zaid,Millets,791.7,29.1,71.3,Alluvial,Canal,212.18,42.98,691.46,2.1,44034.17,17283.0
7324,Uttar Pradesh,Kanpur,2024,Rabi,Millets,1474.72,30.8,47.0,Black,Tube Well,266.33,32.96,1442.69,6.09,46978.88,102984.99999999999
7325,Uttar Pradesh,Kanpur,2024,Rabi,Sugarcane,1356.39,28.3,55.9,Laterite,Rain-fed,115.69,18.04,726.18,1.3,51890.33,11857.0
7326,Uttar Pradesh,Kanpur,2024,Rabi,Maize,2181.81,23.9,78.0,Alluvial,Tube Well,374.56,53.35,2187.37,3.38,12119.45,96321.0
7327,Uttar Pradesh,Varanasi,2024,Kharif,Maize,1188.05,22.4,80.6,Black,Rain-fed,236.12,49.46,4451.95,3.46,41108.25,192331.0
7328,Uttar Pradesh,Varanasi,2024,Zaid,Barley,689.49,23.7,57.1,Black,Canal,158.49,34.53,3866.13,2.4,55875.35,83493.0
7329,Uttar Pradesh,Varanasi,2024,Rabi,Cotton,2036.24,18.0,70.1,Alluvial,Rain-fed,429.06,13.96,3111.37,8.19,34026.26,360650.0
7330,Uttar Pradesh,Varanasi,2024,Zaid,Pulses,752.88,31.0,37.7,Alluvial,Drip,352.43,13.76,283.46,6.11,20932.5,17317.0
7331,Uttar Pradesh,Varanasi,2024,Kharif,Barley,1903.19,26.0,66.6,Alluvial,Canal,144.03,56.64,1447.22,7.9,21860.62,153717.0
7332,Uttar Pradesh,Varanasi,2024,Rabi,Pulses,886.06,19.8,55.5,Alluvial,Canal,106.3,11.92,892.47,5.41,39073.86,39472.0
7333,Uttar Pradesh,Varanasi,2024,Rabi,Wheat,1718.76,37.5,68.0,Alluvial,Drip,341.18,56.28,2015.65,4.62,27726.29,79297.0
7334,Uttar Pradesh,Varanasi,2024,Kharif,Rice,1457.04,32.9,77.4,Black,Sprinkler,96.64,30.09,132.22,8.16,61374.13,16691.0
7335,Uttar Pradesh,Varanasi,2024,Zaid,Pulses,1000.54,34.7,62.3,Laterite,Drip,312.42,19.33,4896.43,4.71,57898.26,192081.0
7336,Uttar Pradesh,Varanasi,2024,Kharif,Cotton,855.03,18.2,50.0,Alluvial,Tube Well,165.12,14.81,1385.82,4.69,34347.07,71343.0
7337,Uttar Pradesh,Varanasi,2024,Kharif,Rice,1432.12,18.9,63.2,Sandy,Tube Well,303.9,22.16,435.88,2.21,19839.97,16244.0
7338,Uttar Pradesh,Varanasi,2024,Kharif,Barley,1212.67,31.6,75.1,Sandy,Canal,104.89,45.14,2593.53,7.53,52443.32,184050.0
7339,Uttar Pradesh,Varanasi,2024,Rabi,Maize,938.63,25.3,75.0,Black,Rain-fed,88.7,55.26,3709.65,6.61,59730.74,427851.0
7340,Uttar Pradesh,Varanasi,2024,Kharif,Wheat,697.9,35.0,56.6,Red,Drip,204.37,51.74,1166.71,4.29,40229.85,71938.0
7341,Uttar Pradesh,Varanasi,2024,Kharif,Millets,1975.53,33.2,50.7,Sandy,Canal,77.44,37.9,3492.16,3.09,23886.05,135283.0
7342,Uttar Pradesh,Varanasi,2024,Zaid,Rice,1687.63,33.1,62.2,Laterite,Canal,377.83,45.48,2606.4,3.78,46938.06,90313.0
7343,Uttar Pradesh,Varanasi,2024,Kharif,Millets,1479.55,31.2,72.0,Sandy,Sprinkler,270.86,10.8,3399.32,2.58,62815.73,115601.0
7344,Uttar Pradesh,Varanasi,2024,Zaid,Rice,1531.7,32.6,63.3,Red,Canal,66.4,19.77,4574.66,3.73,62617.11,174672.0
7345,Uttar Pradesh,Agra,2024,Rabi,Rice,1341.74,23.6,55.7,Sandy,Tube Well,276.79,59.31,3257.96,2.75,50762.99,80234.0
7346,Uttar Pradesh,Agra,2024,Rabi,Cotton,1831.86,22.6,45.5,Alluvial,Rain-fed,133.16,19.99,708.54,5.77,21429.0,58745.00000000001
7347,Uttar Pradesh,Agra,2024,Zaid,Barley,1729.26,23.0,78.6,Black,Canal,116.84,37.23,3253.24,2.95,48670.1,91165.0
7348,Uttar Pradesh,Agra,2024,Kharif,Cotton,1333.32,21.4,59.6,Alluvial,Drip,316.37,40.88,4628.01,2.59,30559.63,211433.0
7349,Uttar Pradesh,Agra,2024,Zaid,Rice,2039.05,30.8,39.4,Sandy,Sprinkler,337.32,52.03,3652.17,2.05,35588.76,101961.0
7350,Uttar Pradesh,Agra,2024,Rabi,Barley,1902.36,29.5,54.4,Alluvial,Drip,170.49,58.81,3903.52,2.5,22273.47,141193.0
7351,Uttar Pradesh,Agra,2024,Rabi,Barley,611.28,24.4,52.4,Black,Canal,180.66,30.32,3265.88,6.16,63335.03,347612.0
7352,Uttar Pradesh,Agra,2024,Zaid,Barley,2064.35,20.0,84.2,Red,Tube Well,167.36,45.69,1390.69,8.42,20710.21,183940.0
7353,Uttar Pradesh,Agra,2024,Kharif,Wheat,1371.46,23.7,76.0,Alluvial,Rain-fed,324.46,12.1,3598.6,4.76,41433.98,186538.0
7354,Uttar Pradesh,Agra,2024,Rabi,Wheat,1236.0,34.0,52.9,Laterite,Sprinkler,181.18,14.85,1613.29,3.04,19970.98,72595.0
7355,Uttar Pradesh,Agra,2024,Zaid,Millets,1385.79,30.7,86.2,Black,Rain-fed,103.4,46.81,138.11,2.77,19309.43,3701.0
7356,Uttar Pradesh,Agra,2024,Kharif,Barley,634.02,23.5,86.7,Alluvial,Drip,335.52,32.23,1679.23,4.09,50036.21,120366.00000000001
7357,Uttar Pradesh,Agra,2024,Zaid,Rice,1291.98,21.0,79.9,Sandy,Tube Well,220.17,42.82,3690.24,7.74,26775.7,247577.0
7358,Uttar Pradesh,Agra,2024,Zaid,Rice,1619.24,26.9,37.2,Black,Tube Well,437.08,5.42,1565.35,6.32,50389.09,97717.0
7359,Uttar Pradesh,Agra,2024,Zaid,Barley,1623.04,25.7,77.0,Black,Tube Well,206.65,6.73,4616.66,8.25,48760.31,513943.99999999994
7360,Uttar Pradesh,Agra,2024,Rabi,Rice,1974.19,22.1,69.6,Alluvial,Tube Well,274.13,24.68,4766.01,4.82,42149.02,403783.0
7361,Uttar Pradesh,Agra,2024,Rabi,Cotton,418.0,27.9,86.1,Sandy,Sprinkler,434.35,12.6,651.11,6.28,25120.2,66095.0
7362,Uttar Pradesh,Agra,2024,Rabi,Millets,2145.48,18.5,48.9,Sandy,Sprinkler,106.64,52.3,4484.62,1.34,26063.14,97195.0
7363,Uttar Pradesh,Meerut,2024,Kharif,Wheat,493.06,29.6,83.8,Red,Rain-fed,402.08,57.39,4148.27,3.58,37385.68,237086.0
7364,Uttar Pradesh,Meerut,2024,Zaid,Cotton,476.76,32.0,40.9,Sandy,Rain-fed,330.57,23.03,941.49,4.46,58267.95,58679.99999999999
7365,Uttar Pradesh,Meerut,2024,Kharif,Wheat,671.74,18.2,80.2,Red,Rain-fed,179.31,37.49,2050.39,8.17,20310.76,243039.0
7366,Uttar Pradesh,Meerut,2024,Kharif,Barley,610.61,23.6,55.9,Red,Drip,370.87,21.17,105.7,8.44,38543.49,11715.0
7367,Uttar Pradesh,Meerut,2024,Rabi,Cotton,618.88,31.6,50.5,Black,Drip,125.11,35.4,104.16,4.58,37418.61,4545.0
7368,Uttar Pradesh,Meerut,2024,Rabi,Wheat,1112.71,24.3,82.6,Alluvial,Drip,303.12,14.12,560.98,7.07,21223.23,67251.0
7369,Uttar Pradesh,Meerut,2024,Rabi,Sugarcane,796.16,34.2,73.7,Sandy,Drip,296.07,8.26,1127.09,2.35,26736.53,25575.0
7370,Uttar Pradesh,Meerut,2024,Rabi,Rice,1110.39,22.7,73.0,Laterite,Sprinkler,106.66,20.29,4775.18,1.34,39244.79,113328.0
7371,Uttar Pradesh,Meerut,2024,Kharif,Cotton,2029.86,36.9,38.5,Alluvial,Drip,192.49,17.91,2582.92,2.33,38574.82,91211.0
7372,Uttar Pradesh,Meerut,2024,Rabi,Cotton,1969.29,22.1,60.9,Sandy,Canal,71.97,29.53,3072.65,2.0,13656.03,77727.0
7373,Uttar Pradesh,Meerut,2024,Zaid,Maize,1466.34,22.3,44.3,Laterite,Drip,365.61,29.56,1841.63,5.54,30522.84,83315.0
7374,Uttar Pradesh,Meerut,2024,Kharif,Cotton,639.03,32.8,49.7,Red,Canal,370.14,27.66,1245.94,7.13,16728.14,77646.0
7375,Uttar Pradesh,Meerut,2024,Kharif,Cotton,876.8,32.1,70.2,Alluvial,Drip,281.13,20.31,2377.94,4.81,41800.24,142246.0
7376,Uttar Pradesh,Meerut,2024,Kharif,Millets,1769.84,29.4,64.4,Red,Canal,214.79,23.11,692.87,4.74,41184.47,38342.0
7377,Uttar Pradesh,Meerut,2024,Zaid,Wheat,1983.38,30.3,59.3,Alluvial,Tube Well,84.34,39.98,1921.14,1.41,40682.67,43287.0
7378,Uttar Pradesh,Meerut,2024,Kharif,Maize,1737.52,27.0,86.8,Red,Drip,239.6,9.01,2458.92,6.28,20042.85,152236.0
7379,Uttar Pradesh,Meerut,2024,Kharif,Sugarcane,698.74,31.9,36.9,Alluvial,Drip,425.27,30.33,3199.53,6.31,49525.25,239471.0
7380,Uttar Pradesh,Meerut,2024,Kharif,Sugarcane,881.68,34.5,59.9,Sandy,Sprinkler,427.61,17.31,4041.41,6.45,19859.83,405625.0
7381,Punjab,Ludhiana,2024,Rabi,Maize,1269.9,18.4,58.4,Sandy,Drip,295.92,15.34,2903.64,5.82,58622.57,158142.0
7382,Punjab,Ludhiana,2024,Zaid,Cotton,1711.62,21.1,69.3,Laterite,Canal,239.86,49.06,850.49,4.41,30137.24,49855.0
7383,Punjab,Ludhiana,2024,Zaid,Cotton,820.33,26.0,48.7,Alluvial,Rain-fed,281.84,19.43,3049.29,1.59,18629.3,64938.0
7384,Punjab,Ludhiana,2024,Kharif,Cotton,1173.46,25.2,53.8,Alluvial,Sprinkler,329.84,34.76,1284.73,7.57,51342.22,124349.0
7385,Punjab,Ludhiana,2024,Zaid,Cotton,2171.83,26.1,73.0,Sandy,Drip,332.73,54.88,2424.85,3.64,54807.4,76268.0
7386,Punjab,Ludhiana,2024,Zaid,Barley,1166.59,20.4,38.4,Laterite,Rain-fed,304.73,47.94,1249.91,3.74,13592.71,81600.0
7387,Punjab,Ludhiana,2024,Zaid,Maize,684.74,33.5,59.5,Sandy,Rain-fed,118.91,6.25,4781.46,2.89,56485.29,217776.00000000003
7388,Punjab,Ludhiana,2024,Rabi,Maize,2170.87,19.5,77.7,Laterite,Drip,307.54,25.92,4239.45,1.66,24118.02,81256.0
7389,Punjab,Ludhiana,2024,Kharif,Rice,1323.85,29.6,47.6,Laterite,Tube Well,98.75,21.38,4118.41,4.71,55808.37,264249.0
7390,Punjab,Ludhiana,2024,Zaid,Pulses,1623.71,22.4,46.5,Red,Rain-fed,239.35,53.69,4548.32,5.74,47242.87,398073.0
7391,Punjab,Ludhiana,2024,Rabi,Pulses,1793.44,18.5,55.3,Black,Rain-fed,302.47,27.92,3455.77,5.23,55641.18,272696.0
7392,Punjab,Ludhiana,2024,Zaid,Millets,895.73,31.8,73.3,Red,Rain-fed,264.31,55.41,2831.72,4.85,29657.58,193242.0
7393,Punjab,Ludhiana,2024,Kharif,Pulses,1829.95,24.3,86.5,Red,Sprinkler,429.96,55.88,3882.94,5.2,37765.13,282848.0
7394,Punjab,Ludhiana,2024,Zaid,Wheat,2020.82,18.8,57.0,Black,Sprinkler,376.45,57.19,4953.94,2.51,26845.04,131933.0
7395,Punjab,Ludhiana,2024,Kharif,Maize,747.75,29.1,35.4,Sandy,Sprinkler,402.71,38.06,1568.64,4.11,58612.18,70675.0
7396,Punjab,Ludhiana,2024,Zaid,Cotton,1828.2,30.4,83.5,Laterite,Sprinkler,128.99,52.63,2521.05,3.15,61497.01,131168.0
7397,Punjab,Ludhiana,2024,Kharif,Millets,1328.19,26.4,82.7,Laterite,Canal,112.26,22.8,4351.28,2.62,48270.01,95199.0
7398,Punjab,Ludhiana,2024,Zaid,Cotton,1269.38,26.8,89.3,Black,Rain-fed,358.49,39.16,2987.59,3.14,45256.18,143514.0
7399,Punjab,Amritsar,2024,Zaid,Sugarcane,813.21,20.8,69.2,Black,Drip,245.95,22.84,2238.99,6.55,59436.52,213430.00000000003
7400,Punjab,Amritsar,2024,Rabi,Pulses,1063.04,29.5,37.5,Black,Drip,431.59,44.36,3747.85,3.44,38862.75,229907.00000000003
7401,Punjab,Amritsar,2024,Rabi,Rice,754.15,25.8,59.4,Alluvial,Tube Well,147.09,42.04,3165.43,7.18,46439.99,267348.0
7402,Punjab,Amritsar,2024,Kharif,Wheat,523.01,26.7,52.8,Alluvial,Drip,439.68,45.9,1129.12,2.24,60352.86,39391.0
7403,Punjab,Amritsar,2024,Rabi,Sugarcane,927.35,32.9,74.9,Alluvial,Canal,284.6,53.82,1515.19,5.35,25630.77,69038.0
7404,Punjab,Amritsar,2024,Rabi,Millets,1213.77,31.8,57.8,Alluvial,Canal,233.48,25.56,4416.3,1.24,28292.09,76815.0
7405,Punjab,Amritsar,2024,Rabi,Pulses,629.99,29.4,57.2,Black,Rain-fed,172.66,35.63,1327.19,1.33,50129.1,20742.0
7406,Punjab,Amritsar,2024,Rabi,Wheat,1601.78,18.4,73.0,Laterite,Tube Well,310.01,28.5,4414.89,6.04,58577.22,331073.0
7407,Punjab,Amritsar,2024,Kharif,Pulses,2031.19,29.3,80.2,Black,Sprinkler,108.89,35.27,4543.23,2.59,36296.09,210428.00000000003
7408,Punjab,Amritsar,2024,Rabi,Maize,1557.19,33.1,63.6,Sandy,Tube Well,253.66,47.08,1447.23,4.17,45098.74,75860.0
7409,Punjab,Amritsar,2024,Zaid,Wheat,1309.24,22.6,66.7,Red,Drip,207.15,32.3,2821.99,5.45,18543.62,212875.0
7410,Punjab,Amritsar,2024,Kharif,Barley,676.18,33.9,88.9,Black,Sprinkler,89.16,19.14,4883.77,2.08,57362.52,131124.0
7411,Punjab,Amritsar,2024,Kharif,Sugarcane,435.13,28.3,58.1,Sandy,Canal,233.79,34.12,4410.31,4.87,23070.61,306597.0
7412,Punjab,Amritsar,2024,Zaid,Cotton,1447.49,31.9,44.7,Laterite,Tube Well,300.3,59.55,146.41,6.66,20363.57,11502.0
7413,Punjab,Amritsar,2024,Zaid,Millets,582.73,23.0,82.2,Black,Drip,413.02,13.24,4727.85,4.24,27996.91,360179.0
7414,Punjab,Amritsar,2024,Zaid,Cotton,807.44,21.2,82.3,Laterite,Sprinkler,354.81,54.73,480.18,7.76,22997.56,56879.99999999999
7415,Punjab,Amritsar,2024,Zaid,Rice,912.53,35.7,41.2,Black,Tube Well,269.34,14.89,281.57,6.28,26916.97,14365.0
7416,Punjab,Amritsar,2024,Rabi,Rice,905.29,23.2,41.3,Alluvial,Canal,271.77,27.77,2974.03,3.74,54896.96,144781.0
7417,Punjab,Patiala,2024,Zaid,Cotton,1054.59,21.6,55.6,Sandy,Sprinkler,109.64,22.22,2012.76,1.61,37951.9,31702.999999999996
7418,Punjab,Patiala,2024,Rabi,Sugarcane,848.14,32.1,64.0,Red,Rain-fed,53.68,28.81,3121.04,2.95,42432.64,142638.0
7419,Punjab,Patiala,2024,Kharif,Wheat,1580.71,26.9,86.5,Black,Drip,210.41,49.32,4350.93,6.59,37697.63,395841.0
7420,Punjab,Patiala,2024,Zaid,Wheat,413.29,24.0,43.9,Sandy,Drip,256.97,36.41,699.05,7.64,57803.71,64960.0
7421,Punjab,Patiala,2024,Rabi,Pulses,1301.39,27.5,56.2,Alluvial,Rain-fed,127.43,10.84,2238.29,6.0,41249.09,166185.0
7422,Punjab,Patiala,2024,Zaid,Sugarcane,1280.68,26.8,36.8,Red,Drip,151.87,22.6,149.06,1.85,21373.58,4339.0
7423,Punjab,Patiala,2024,Rabi,Wheat,1127.22,19.2,59.7,Sandy,Sprinkler,290.03,19.89,3561.57,8.2,61993.62,252309.0
7424,Punjab,Patiala,2024,Rabi,Pulses,557.35,24.8,61.9,Alluvial,Canal,277.66,22.88,322.29,4.27,13732.55,14334.0
7425,Punjab,Patiala,2024,Rabi,Maize,1563.47,35.6,89.9,Alluvial,Sprinkler,389.2,49.35,699.81,3.93,24483.3,25783.999999999996
7426,Punjab,Patiala,2024,Kharif,Cotton,1627.82,20.1,85.5,Red,Canal,142.78,46.42,611.49,7.91,46533.13,71974.0
7427,Punjab,Patiala,2024,Kharif,Maize,474.81,21.4,73.5,Red,Rain-fed,341.99,40.56,3635.94,3.0,25770.27,143223.0
7428,Punjab,Patiala,2024,Zaid,Millets,1890.39,37.7,86.2,Red,Rain-fed,247.18,22.28,1022.67,5.78,57999.27,57896.0
7429,Punjab,Patiala,2024,Zaid,Rice,1687.08,21.3,86.0,Laterite,Sprinkler,179.32,14.66,3750.67,8.16,18313.41,471443.99999999994
7430,Punjab,Patiala,2024,Rabi,Millets,1687.67,21.8,83.2,Black,Sprinkler,210.25,19.97,3744.85,7.96,59252.49,248419.99999999997
7431,Punjab,Patiala,2024,Zaid,Barley,1778.39,21.7,82.0,Alluvial,Canal,164.36,35.3,3711.17,8.25,64926.41,341918.0
7432,Punjab,Patiala,2024,Rabi,Wheat,2091.16,37.7,65.9,Laterite,Rain-fed,160.72,33.84,552.95,4.21,51927.44,32413.0
7433,Punjab,Patiala,2024,Kharif,Barley,1018.3,26.2,56.8,Alluvial,Tube Well,129.3,42.97,2808.38,2.4,29585.77,68389.0
7434,Punjab,Patiala,2024,Kharif,Millets,1155.35,28.0,52.3,Laterite,Drip,99.96,42.26,3910.45,3.46,33072.46,238773.99999999997
7435,Punjab,Jalandhar,2024,Rabi,Pulses,1683.96,37.7,36.7,Red,Tube Well,268.7,57.1,3821.88,1.59,47486.63,94083.0
7436,Punjab,Jalandhar,2024,Kharif,Barley,1125.76,26.5,84.9,Sandy,Sprinkler,278.61,58.64,1077.6,5.91,17551.35,64195.00000000001
7437,Punjab,Jalandhar,2024,Rabi,Pulses,1526.55,25.9,43.9,Sandy,Tube Well,278.71,37.72,4245.65,2.7,32677.2,94061.0
7438,Punjab,Jalandhar,2024,Kharif,Maize,2015.64,33.5,61.6,Red,Canal,189.06,51.85,2676.37,6.0,49365.91,146627.0
7439,Punjab,Jalandhar,2024,Rabi,Rice,2072.33,22.6,63.6,Alluvial,Tube Well,249.76,14.52,2527.02,8.34,64509.04,355168.0
7440,Punjab,Jalandhar,2024,Zaid,Cotton,511.51,26.0,38.9,Alluvial,Tube Well,195.73,42.54,4109.18,2.94,33883.99,194903.0
7441,Punjab,Jalandhar,2024,Zaid,Maize,2162.95,28.8,77.7,Black,Canal,55.52,26.67,1656.42,1.99,38732.99,26726.0
7442,Punjab,Jalandhar,2024,Zaid,Cotton,2106.29,37.6,84.6,Black,Tube Well,144.37,52.77,1902.62,5.89,19804.55,103422.0
7443,Punjab,Jalandhar,2024,Rabi,Cotton,2194.68,23.3,59.2,Alluvial,Tube Well,269.12,41.19,4667.48,5.81,22169.17,283726.0
7444,Punjab,Jalandhar,2024,Zaid,Millets,1499.79,26.4,84.1,Laterite,Canal,54.67,29.63,956.23,1.92,22396.46,29720.0
7445,Punjab,Jalandhar,2024,Zaid,Maize,1891.95,36.5,36.4,Red,Sprinkler,143.42,30.19,3628.95,6.44,29616.14,232892.99999999997
7446,Punjab,Jalandhar,2024,Zaid,Millets,572.19,22.0,86.6,Alluvial,Drip,302.66,42.9,3900.21,5.34,60240.42,303178.0
7447,Punjab,Jalandhar,2024,Rabi,Cotton,1524.93,25.5,42.8,Alluvial,Canal,350.8,54.03,1923.02,4.83,61530.31,152252.0
7448,Punjab,Jalandhar,2024,Zaid,Millets,900.17,30.2,50.7,Alluvial,Rain-fed,398.95,17.5,1469.34,8.06,58472.74,163726.0
7449,Punjab,Jalandhar,2024,Zaid,Millets,1885.09,20.4,59.5,Sandy,Tube Well,378.95,41.36,4616.18,5.93,27178.32,301355.0
7450,Punjab,Jalandhar,2024,Zaid,Cotton,1804.51,28.3,57.4,Alluvial,Rain-fed,292.95,32.99,127.22,7.97,19685.41,12245.0
7451,Punjab,Jalandhar,2024,Rabi,Millets,536.93,18.2,57.7,Red,Sprinkler,186.05,50.66,1012.45,7.32,59830.93,64973.0
7452,Punjab,Jalandhar,2024,Zaid,Maize,1625.68,35.4,69.2,Laterite,Canal,207.12,9.14,2440.84,6.28,39659.72,158295.0
7453,Punjab,Bathinda,2024,Zaid,Maize,561.8,26.2,48.1,Alluvial,Canal,150.96,16.84,4904.3,2.0,42488.75,121230.0
7454,Punjab,Bathinda,2024,Kharif,Pulses,2054.88,28.2,76.4,Alluvial,Canal,170.44,45.54,3181.7,5.93,57842.16,322589.0
7455,Punjab,Bathinda,2024,Zaid,Maize,2114.07,33.8,35.3,Sandy,Drip,210.83,32.63,1451.57,7.06,37472.93,94502.0
7456,Punjab,Bathinda,2024,Kharif,Millets,1964.3,37.9,48.5,Black,Tube Well,402.35,31.51,2764.95,5.13,15644.92,128383.99999999999
7457,Punjab,Bathinda,2024,Zaid,Pulses,1530.12,31.5,39.1,Sandy,Drip,420.59,13.78,500.43,7.48,32382.42,40516.0
7458,Punjab,Bathinda,2024,Zaid,Barley,2184.98,18.6,80.4,Laterite,Drip,382.26,27.13,3763.87,3.35,44606.13,214192.99999999997
7459,Punjab,Bathinda,2024,Rabi,Cotton,1460.35,34.5,38.1,Red,Canal,293.19,24.87,154.64,1.55,23444.78,2073.0
7460,Punjab,Bathinda,2024,Kharif,Sugarcane,1419.41,22.0,54.5,Red,Tube Well,394.85,30.25,2522.48,1.28,29056.33,53224.0
7461,Punjab,Bathinda,2024,Zaid,Pulses,602.91,23.2,87.3,Alluvial,Tube Well,388.87,18.97,3882.55,5.85,38059.23,195486.0
7462,Punjab,Bathinda,2024,Kharif,Millets,1223.35,34.6,85.4,Laterite,Canal,135.34,26.33,1890.31,3.71,60619.75,68862.0
7463,Punjab,Bathinda,2024,Rabi,Sugarcane,1239.34,25.9,36.0,Alluvial,Canal,112.36,49.6,1415.64,4.52,51294.36,63853.0
7464,Punjab,Bathinda,2024,Zaid,Wheat,1815.76,19.4,83.2,Laterite,Canal,222.03,36.79,510.98,7.76,26773.16,53958.00000000001
7465,Punjab,Bathinda,2024,Rabi,Cotton,1393.36,32.6,40.2,Red,Drip,313.33,50.39,2190.3,1.24,14626.53,33790.0
7466,Punjab,Bathinda,2024,Zaid,Rice,1836.69,30.9,88.4,Black,Sprinkler,314.14,9.35,4179.13,6.74,17764.9,335819.0
7467,Punjab,Bathinda,2024,Rabi,Pulses,1982.56,27.0,60.2,Red,Canal,107.19,15.12,2626.16,4.76,52528.3,162704.0
7468,Punjab,Bathinda,2024,Kharif,Maize,1706.2,21.3,49.7,Red,Tube Well,293.46,56.44,3471.75,4.78,50388.88,248984.0
7469,Punjab,Bathinda,2024,Kharif,Millets,930.0,32.7,81.6,Laterite,Tube Well,163.15,44.52,3015.05,5.55,46508.52,197130.0
7470,Punjab,Bathinda,2024,Kharif,Maize,511.65,27.0,73.1,Laterite,Sprinkler,376.15,14.18,2775.99,7.75,52358.7,327908.0
7471,Maharashtra,Pune,2024,Kharif,Rice,1084.21,22.0,40.7,Laterite,Sprinkler,250.91,40.22,610.87,7.49,43583.54,62404.0
7472,Maharashtra,Pune,2024,Zaid,Pulses,984.56,25.7,60.1,Alluvial,Drip,64.61,29.78,527.08,7.24,53626.56,59402.0
7473,Maharashtra,Pune,2024,Zaid,Sugarcane,1636.16,23.7,79.9,Red,Drip,178.08,36.13,122.71,1.9,22955.12,4114.0
7474,Maharashtra,Pune,2024,Kharif,Barley,1345.33,29.3,79.6,Sandy,Rain-fed,283.34,31.98,2342.64,4.31,27278.23,122477.0
7475,Maharashtra,Pune,2024,Kharif,Millets,1901.4,20.9,81.8,Laterite,Rain-fed,66.69,36.5,4601.86,1.64,14025.25,68402.0
7476,Maharashtra,Pune,2024,Kharif,Sugarcane,1830.95,27.5,84.6,Black,Sprinkler,163.42,53.69,2835.31,8.49,32950.69,285406.0
7477,Maharashtra,Pune,2024,Rabi,Sugarcane,1434.94,26.3,59.5,Alluvial,Tube Well,197.08,50.12,2533.86,7.88,40558.41,231334.0
7478,Maharashtra,Pune,2024,Kharif,Rice,936.59,32.1,75.4,Sandy,Drip,272.14,42.23,2228.11,1.88,59603.99,72188.0
7479,Maharashtra,Pune,2024,Kharif,Sugarcane,1824.61,31.4,88.5,Red,Tube Well,90.23,56.55,3684.51,1.23,46218.61,60794.00000000001
7480,Maharashtra,Pune,2024,Kharif,Rice,658.13,18.1,83.5,Red,Tube Well,221.71,59.43,464.17,3.54,48184.99,19677.0
7481,Maharashtra,Pune,2024,Rabi,Millets,1090.82,34.4,37.0,Red,Sprinkler,387.23,7.88,3539.22,2.18,32013.38,83585.0
7482,Maharashtra,Pune,2024,Rabi,Sugarcane,402.63,20.5,35.6,Alluvial,Canal,378.67,31.45,3530.19,6.29,49734.12,212752.0
7483,Maharashtra,Pune,2024,Kharif,Maize,1580.41,21.4,49.9,Laterite,Tube Well,268.64,22.07,1774.93,2.06,52702.61,40923.0
7484,Maharashtra,Pune,2024,Rabi,Rice,1921.64,35.3,39.1,Alluvial,Drip,98.76,29.7,2463.28,8.13,19871.63,315459.0
7485,Maharashtra,Pune,2024,Zaid,Pulses,757.77,27.2,67.5,Laterite,Sprinkler,138.88,9.37,3124.52,3.28,23823.2,88359.0
7486,Maharashtra,Pune,2024,Rabi,Millets,1318.8,19.3,51.5,Laterite,Rain-fed,195.12,41.9,4029.6,5.27,21490.41,215702.0
7487,Maharashtra,Pune,2024,Zaid,Millets,437.97,29.7,79.8,Sandy,Rain-fed,146.21,56.56,4301.95,5.41,23563.57,317471.0
7488,Maharashtra,Pune,2024,Rabi,Barley,895.24,20.8,39.1,Sandy,Canal,166.91,52.94,2711.77,1.67,21492.33,72952.0
7489,Maharashtra,Nashik,2024,Zaid,Sugarcane,1720.64,32.3,42.3,Red,Tube Well,250.71,38.55,4466.84,2.53,48153.97,182792.0
7490,Maharashtra,Nashik,2024,Rabi,Rice,1239.54,27.7,62.7,Black,Drip,329.41,9.54,3689.7,8.12,19081.6,256460.0
7491,Maharashtra,Nashik,2024,Rabi,Barley,1836.42,26.0,57.3,Red,Drip,123.28,31.07,3046.9,3.25,56353.6,173548.0
7492,Maharashtra,Nashik,2024,Zaid,Pulses,817.58,22.9,89.4,Sandy,Canal,340.15,36.91,2847.67,6.71,53922.01,199946.0
7493,Maharashtra,Nashik,2024,Zaid,Barley,1477.87,27.5,86.9,Sandy,Drip,269.0,13.23,213.95,7.81,28496.5,24334.0
7494,Maharashtra,Nashik,2024,Zaid,Wheat,1638.11,37.2,40.3,Sandy,Canal,433.7,12.48,241.51,2.58,40290.63,5351.0
7495,Maharashtra,Nashik,2024,Rabi,Pulses,1956.41,21.7,63.9,Laterite,Rain-fed,200.6,51.53,2398.89,4.72,19126.62,176924.0
7496,Maharashtra,Nashik,2024,Rabi,Barley,1946.26,34.8,49.6,Black,Canal,417.23,59.26,1337.73,7.7,64100.96,133994.0
7497,Maharashtra,Nashik,2024,Kharif,Barley,1691.31,28.6,89.9,Black,Sprinkler,351.42,41.68,3093.06,2.86,24244.3,81535.0
7498,Maharashtra,Nashik,2024,Kharif,Millets,943.47,27.0,56.5,Red,Drip,169.36,58.08,3419.52,1.41,19463.24,81623.0
7499,Maharashtra,Nashik,2024,Kharif,Sugarcane,610.77,26.4,35.6,Red,Sprinkler,70.69,48.67,4118.61,7.72,32449.86,417767.0
7500,Maharashtra,Nashik,2024,Kharif,Millets,2126.89,25.3,39.4,Laterite,Sprinkler,50.22,10.49,1444.05,5.57,59546.14,133509.0
7501,Maharashtra,Nashik,2024,Kharif,Millets,1305.52,27.5,36.5,Alluvial,Rain-fed,381.78,19.25,371.78,4.39,35608.16,24759.0
7502,Maharashtra,Nashik,2024,Zaid,Maize,1849.48,31.4,60.5,Alluvial,Canal,203.1,25.56,3512.57,6.83,24292.27,387940.0
7503,Maharashtra,Nashik,2024,Kharif,Millets,1791.65,24.1,38.0,Sandy,Rain-fed,375.34,14.49,202.06,2.03,25820.32,6870.0
7504,Maharashtra,Nashik,2024,Zaid,Rice,2171.51,26.0,84.4,Sandy,Tube Well,124.75,15.96,1906.05,8.44,13429.09,281604.0
7505,Maharashtra,Nashik,2024,Kharif,Maize,940.73,28.2,62.0,Black,Tube Well,179.19,48.99,910.96,8.04,27332.11,119231.0
7506,Maharashtra,Nashik,2024,Kharif,Sugarcane,2188.93,36.9,43.7,Sandy,Tube Well,217.26,30.2,1410.55,4.68,47113.27,54851.0
7507,Maharashtra,Nagpur,2024,Kharif,Barley,837.04,19.9,65.3,Alluvial,Rain-fed,287.08,13.88,121.7,3.56,25264.28,7027.0
7508,Maharashtra,Nagpur,2024,Zaid,Wheat,584.97,20.8,75.1,Laterite,Rain-fed,181.12,54.47,387.34,1.51,56398.81,10272.0
7509,Maharashtra,Nagpur,2024,Zaid,Barley,1890.23,32.0,62.4,Red,Tube Well,149.31,10.23,1081.21,5.14,43696.48,97407.0
7510,Maharashtra,Nagpur,2024,Kharif,Millets,1544.55,35.2,74.9,Laterite,Rain-fed,261.43,8.65,583.98,1.39,15826.99,9266.0
7511,Maharashtra,Nagpur,2024,Kharif,Wheat,1142.24,33.6,58.9,Sandy,Canal,191.03,45.39,4939.7,1.82,27161.1,134196.0
7512,Maharashtra,Nagpur,2024,Zaid,Cotton,1975.95,36.2,46.8,Laterite,Sprinkler,410.02,8.54,3260.98,5.43,31768.38,219482.00000000003
7513,Maharashtra,Nagpur,2024,Kharif,Cotton,826.33,24.8,47.2,Red,Canal,147.68,29.41,1222.07,4.54,18401.55,44996.0
7514,Maharashtra,Nagpur,2024,Kharif,Maize,1716.59,37.2,58.5,Black,Canal,195.9,34.69,4240.25,2.44,33333.28,172143.0
7515,Maharashtra,Nagpur,2024,Rabi,Maize,1901.15,23.1,35.8,Red,Canal,434.62,19.46,3531.81,3.99,28579.6,245021.99999999997
7516,Maharashtra,Nagpur,2024,Rabi,Sugarcane,635.51,21.5,88.0,Sandy,Sprinkler,404.48,53.16,449.07,5.16,25421.05,26702.0
7517,Maharashtra,Nagpur,2024,Zaid,Maize,2155.41,23.6,62.7,Black,Sprinkler,257.72,11.36,4865.52,5.62,55982.14,415425.0
7518,Maharashtra,Nagpur,2024,Kharif,Maize,1758.53,19.5,49.2,Alluvial,Rain-fed,208.9,33.52,3490.66,6.22,34178.77,188173.0
7519,Maharashtra,Nagpur,2024,Rabi,Rice,1896.42,28.1,64.0,Black,Rain-fed,309.08,34.64,4673.3,4.15,17193.91,253809.0
7520,Maharashtra,Nagpur,2024,Kharif,Sugarcane,920.26,31.5,78.7,Sandy,Drip,168.94,17.55,4169.24,4.92,16252.47,349152.0
7521,Maharashtra,Nagpur,2024,Rabi,Millets,1994.01,29.6,76.4,Red,Tube Well,65.31,20.01,143.79,8.32,22341.72,10938.0
7522,Maharashtra,Nagpur,2024,Kharif,Pulses,525.42,34.4,72.7,Red,Rain-fed,296.09,20.22,166.79,4.15,51517.24,6531.0
7523,Maharashtra,Nagpur,2024,Kharif,Millets,1183.65,37.0,37.9,Black,Drip,440.82,15.25,515.2,3.37,26794.69,19046.0
7524,Maharashtra,Nagpur,2024,Rabi,Barley,1486.5,30.9,61.6,Red,Drip,313.21,39.24,4116.9,2.46,40540.75,118349.0
7525,Maharashtra,Aurangabad,2024,Rabi,Millets,1953.04,31.0,80.5,Laterite,Rain-fed,228.92,6.99,1959.32,2.96,58955.24,59147.0
7526,Maharashtra,Aurangabad,2024,Rabi,Rice,543.4,20.5,41.9,Black,Tube Well,172.22,16.31,3058.23,4.72,13244.89,135451.0
7527,Maharashtra,Aurangabad,2024,Rabi,Sugarcane,1750.96,35.7,39.7,Red,Drip,393.03,23.5,2861.6,6.74,31666.6,293668.0
7528,Maharashtra,Aurangabad,2024,Kharif,Barley,567.77,23.4,43.6,Laterite,Drip,122.85,29.19,2559.96,2.46,61530.17,102205.0
7529,Maharashtra,Aurangabad,2024,Zaid,Maize,1688.8,27.1,54.6,Sandy,Tube Well,151.0,14.57,3946.23,2.33,34722.1,94515.0
7530,Maharashtra,Aurangabad,2024,Kharif,Wheat,1280.55,34.6,63.5,Alluvial,Rain-fed,308.59,10.44,4755.85,5.86,20853.72,435328.0
7531,Maharashtra,Aurangabad,2024,Kharif,Pulses,775.11,21.8,55.8,Black,Tube Well,191.66,47.24,2883.58,1.5,22707.46,74260.0
7532,Maharashtra,Aurangabad,2024,Kharif,Millets,1487.08,24.1,78.3,Black,Tube Well,131.02,42.43,3979.47,2.47,50298.55,149347.0
7533,Maharashtra,Aurangabad,2024,Rabi,Rice,1274.78,18.9,55.0,Alluvial,Tube Well,255.95,31.54,4735.46,5.76,24425.23,387459.0
7534,Maharashtra,Aurangabad,2024,Rabi,Barley,452.12,24.4,37.2,Sandy,Canal,429.86,46.69,3307.59,2.8,31248.69,90882.0
7535,Maharashtra,Aurangabad,2024,Zaid,Cotton,600.24,22.2,42.4,Black,Canal,322.0,31.64,1589.89,6.75,43720.83,132889.0
7536,Maharashtra,Aurangabad,2024,Kharif,Sugarcane,633.53,33.1,40.7,Sandy,Rain-fed,69.21,16.3,4202.37,5.09,60358.64,367790.0
7537,Maharashtra,Aurangabad,2024,Rabi,Barley,2063.02,31.8,46.2,Sandy,Sprinkler,282.93,13.35,1142.08,1.72,21708.02,28632.0
7538,Maharashtra,Aurangabad,2024,Rabi,Maize,1520.54,31.0,53.4,Sandy,Rain-fed,222.3,50.33,2633.06,4.11,37816.18,94405.0
7539,Maharashtra,Aurangabad,2024,Kharif,Millets,904.3,25.8,66.3,Alluvial,Tube Well,115.86,18.71,2343.86,7.34,62192.67,299264.0
7540,Maharashtra,Aurangabad,2024,Kharif,Cotton,838.61,37.0,47.4,Sandy,Drip,134.29,34.55,3607.67,3.15,42863.25,141747.0
7541,Maharashtra,Aurangabad,2024,Zaid,Rice,1714.2,36.3,62.6,Black,Rain-fed,203.49,16.7,541.54,2.23,12290.45,12728.0
7542,Maharashtra,Aurangabad,2024,Zaid,Barley,838.26,24.0,77.9,Black,Sprinkler,123.59,43.71,2173.44,6.34,13398.39,118525.0
7543,Maharashtra,Kolhapur,2024,Kharif,Barley,2164.82,37.4,83.2,Alluvial,Tube Well,61.81,26.73,3205.14,6.04,20133.92,243873.99999999997
7544,Maharashtra,Kolhapur,2024,Rabi,Barley,711.75,29.5,85.7,Black,Rain-fed,213.0,54.57,1471.07,2.52,60919.87,61559.0
7545,Maharashtra,Kolhapur,2024,Kharif,Rice,1485.73,31.0,57.7,Black,Canal,247.35,53.42,1974.25,6.47,40607.49,152929.0
7546,Maharashtra,Kolhapur,2024,Rabi,Sugarcane,762.37,33.9,44.6,Black,Drip,416.47,57.62,1962.1,1.41,44249.4,42081.0
7547,Maharashtra,Kolhapur,2024,Kharif,Maize,2149.28,19.2,84.6,Alluvial,Sprinkler,95.74,58.83,3482.21,4.39,30748.01,270907.0
7548,Maharashtra,Kolhapur,2024,Rabi,Barley,470.02,31.1,41.3,Sandy,Canal,173.09,45.51,1662.68,3.26,43836.35,72120.0
7549,Maharashtra,Kolhapur,2024,Rabi,Barley,1014.41,21.4,43.9,Red,Rain-fed,171.43,58.94,3359.14,1.76,27525.46,56232.00000000001
7550,Maharashtra,Kolhapur,2024,Zaid,Barley,1150.3,23.5,74.9,Sandy,Canal,240.25,30.22,338.94,5.25,13145.45,20883.0
7551,Maharashtra,Kolhapur,2024,Kharif,Cotton,1040.34,30.5,50.2,Black,Rain-fed,250.66,15.03,554.54,5.13,44211.28,28272.000000000004
7552,Maharashtra,Kolhapur,2024,Rabi,Maize,1391.1,29.9,46.6,Red,Canal,206.12,26.85,2132.38,1.42,57415.83,38404.0
7553,Maharashtra,Kolhapur,2024,Rabi,Pulses,866.13,30.5,39.9,Laterite,Drip,411.13,38.83,1854.33,7.02,15396.72,178213.0
7554,Maharashtra,Kolhapur,2024,Rabi,Rice,1773.9,35.6,78.9,Laterite,Tube Well,388.54,59.4,3070.92,8.28,12283.12,243005.00000000003
7555,Maharashtra,Kolhapur,2024,Rabi,Barley,963.23,22.5,62.8,Sandy,Sprinkler,125.91,32.92,1680.22,7.37,25912.2,118106.0
7556,Maharashtra,Kolhapur,2024,Kharif,Maize,1253.61,28.1,41.8,Black,Sprinkler,448.08,24.31,3902.26,5.09,64879.43,168890.0
7557,Maharashtra,Kolhapur,2024,Zaid,Wheat,2002.34,26.9,54.5,Laterite,Tube Well,266.24,55.16,357.97,4.56,19717.05,17000.0
7558,Maharashtra,Kolhapur,2024,Kharif,Cotton,654.67,36.7,74.6,Sandy,Canal,185.8,33.73,2230.47,1.97,13699.66,70637.0
7559,Maharashtra,Kolhapur,2024,Rabi,Sugarcane,1245.64,32.7,44.2,Black,Tube Well,145.47,38.44,319.69,2.3,63275.84,11206.0
7560,Maharashtra,Kolhapur,2024,Zaid,Sugarcane,1015.88,28.9,89.8,Red,Sprinkler,281.73,54.46,3427.03,3.1,36528.77,120724.0
7561,Karnataka,Bengaluru,2024,Kharif,Cotton,1795.76,20.2,67.6,Black,Tube Well,103.63,33.03,797.93,5.18,59778.78,46864.0
7562,Karnataka,Bengaluru,2024,Kharif,Cotton,1717.29,29.9,49.4,Black,Sprinkler,215.1,45.75,2022.44,7.34,39726.12,187521.0
7563,Karnataka,Bengaluru,2024,Rabi,Sugarcane,1820.52,25.7,65.6,Black,Sprinkler,339.69,56.56,4845.74,4.54,17189.73,208204.0
7564,Karnataka,Bengaluru,2024,Kharif,Maize,2047.16,18.7,70.1,Laterite,Tube Well,236.69,58.58,214.18,5.89,54445.16,16102.000000000002
7565,Karnataka,Bengaluru,2024,Zaid,Wheat,1249.62,35.0,37.0,Alluvial,Tube Well,118.86,33.76,2358.3,7.69,20526.03,278442.0
7566,Karnataka,Bengaluru,2024,Rabi,Wheat,2139.03,24.1,74.3,Alluvial,Canal,65.5,48.6,3277.55,5.48,20686.59,281239.0
7567,Karnataka,Bengaluru,2024,Zaid,Sugarcane,2141.88,29.3,38.6,Alluvial,Drip,201.94,53.64,4316.9,2.7,61308.49,104949.0
7568,Karnataka,Bengaluru,2024,Zaid,Pulses,1575.32,21.9,54.4,Alluvial,Tube Well,331.62,58.82,821.29,4.79,51666.5,41693.0
7569,Karnataka,Bengaluru,2024,Rabi,Maize,408.0,26.7,62.7,Alluvial,Tube Well,396.57,57.83,1157.23,7.34,30563.85,134850.0
7570,Karnataka,Bengaluru,2024,Kharif,Maize,2194.98,24.0,62.3,Red,Rain-fed,94.27,18.61,574.7,2.87,42393.89,21304.0
7571,Karnataka,Bengaluru,2024,Kharif,Sugarcane,2199.58,27.1,70.5,Red,Sprinkler,126.1,8.67,1091.38,1.61,31587.93,20210.0
7572,Karnataka,Bengaluru,2024,Rabi,Rice,1288.38,24.9,71.3,Sandy,Tube Well,298.63,8.78,2408.28,3.9,19383.96,84664.0
7573,Karnataka,Bengaluru,2024,Rabi,Cotton,1227.6,18.9,44.9,Sandy,Rain-fed,61.05,47.96,2782.53,8.22,37204.01,243806.0
7574,Karnataka,Bengaluru,2024,Kharif,Barley,2089.01,19.2,50.8,Red,Drip,309.27,26.96,1750.87,8.18,53496.25,161191.0
7575,Karnataka,Bengaluru,2024,Zaid,Barley,835.73,27.6,44.1,Red,Tube Well,136.76,46.01,3251.48,2.38,55444.58,105608.0
7576,Karnataka,Bengaluru,2024,Zaid,Barley,1345.77,19.5,81.3,Red,Drip,359.46,17.44,177.77,5.04,45374.52,12441.0
7577,Karnataka,Bengaluru,2024,Kharif,Sugarcane,1277.13,18.8,43.6,Black,Rain-fed,325.23,14.49,3824.52,5.09,26378.18,161909.0
7578,Karnataka,Bengaluru,2024,Rabi,Sugarcane,2101.55,23.3,50.7,Laterite,Canal,225.48,32.54,4639.88,7.23,25122.1,376043.0
7579,Karnataka,Mysuru,2024,Zaid,Millets,1262.85,28.4,56.6,Laterite,Tube Well,418.12,15.53,2374.34,5.09,58035.1,183305.0
7580,Karnataka,Mysuru,2024,Kharif,Rice,1485.65,37.2,60.1,Laterite,Tube Well,92.1,15.62,158.03,5.97,24291.64,14835.0
7581,Karnataka,Mysuru,2024,Zaid,Millets,2051.29,21.5,61.4,Alluvial,Tube Well,210.77,32.36,1192.02,2.77,20875.53,45335.0
7582,Karnataka,Mysuru,2024,Rabi,Pulses,1612.9,26.6,41.4,Laterite,Tube Well,375.27,47.06,2888.97,3.55,36983.4,110981.0
7583,Karnataka,Mysuru,2024,Kharif,Barley,581.39,30.5,40.7,Sandy,Drip,293.28,52.54,219.92,5.92,24738.24,22660.0
7584,Karnataka,Mysuru,2024,Kharif,Cotton,1945.65,25.1,85.7,Laterite,Canal,173.1,27.12,2478.81,7.66,51006.24,251037.0
7585,Karnataka,Mysuru,2024,Rabi,Barley,1849.09,33.2,44.0,Black,Rain-fed,229.55,40.18,322.24,2.5,16895.83,9966.0
7586,Karnataka,Mysuru,2024,Rabi,Sugarcane,724.78,24.8,74.4,Laterite,Canal,313.28,26.57,242.69,1.86,31591.14,5211.0
7587,Karnataka,Mysuru,2024,Kharif,Millets,721.98,36.3,71.3,Laterite,Tube Well,399.75,26.32,2616.77,2.87,64084.83,98740.0
7588,Karnataka,Mysuru,2024,Zaid,Cotton,1989.4,32.8,81.5,Red,Tube Well,199.75,49.38,3619.39,4.05,32774.79,245089.0
7589,Karnataka,Mysuru,2024,Zaid,Pulses,517.45,26.9,88.2,Alluvial,Sprinkler,193.22,14.23,442.34,3.16,47344.17,12801.0
7590,Karnataka,Mysuru,2024,Kharif,Wheat,1531.76,35.5,66.5,Laterite,Tube Well,58.98,7.32,4502.58,6.53,25803.44,491293.0
7591,Karnataka,Mysuru,2024,Zaid,Sugarcane,1018.2,29.1,47.0,Sandy,Drip,238.18,39.9,339.05,4.05,39177.13,20459.0
7592,Karnataka,Mysuru,2024,Rabi,Sugarcane,1994.55,34.5,83.0,Laterite,Sprinkler,140.07,55.89,2481.75,2.24,33486.79,74373.0
7593,Karnataka,Mysuru,2024,Rabi,Barley,1523.96,27.9,67.9,Black,Sprinkler,403.23,25.63,1273.13,5.86,41670.37,109357.0
7594,Karnataka,Mysuru,2024,Zaid,Maize,847.97,34.0,47.8,Sandy,Sprinkler,99.83,52.71,4426.06,7.68,40669.22,444849.0
7595,Karnataka,Mysuru,2024,Zaid,Millets,434.31,20.6,56.9,Laterite,Tube Well,129.66,58.51,1302.38,3.62,55786.65,83455.0
7596,Karnataka,Mysuru,2024,Zaid,Rice,910.32,20.7,78.7,Sandy,Rain-fed,181.63,12.84,3313.05,3.54,47876.11,162509.0
7597,Karnataka,Hubli,2024,Rabi,Sugarcane,759.53,31.5,84.1,Alluvial,Rain-fed,210.46,39.92,2447.52,5.26,25663.98,174317.0
7598,Karnataka,Hubli,2024,Zaid,Pulses,1412.23,29.7,56.5,Alluvial,Rain-fed,69.78,57.24,3353.84,2.6,50534.67,83711.0
7599,Karnataka,Hubli,2024,Rabi,Pulses,429.7,27.3,40.5,Laterite,Sprinkler,100.15,32.7,4209.31,3.31,26305.9,191092.0
7600,Karnataka,Hubli,2024,Rabi,Pulses,1569.57,36.3,87.8,Laterite,Drip,377.1,13.48,3815.36,7.39,60110.6,305627.0
7601,Karnataka,Hubli,2024,Zaid,Barley,1454.62,19.8,69.7,Black,Drip,381.32,15.65,3862.89,1.3,14422.67,79200.0
7602,Karnataka,Hubli,2024,Zaid,Pulses,430.55,21.3,63.8,Black,Rain-fed,323.51,24.64,3794.69,5.79,47045.24,335976.0
7603,Karnataka,Hubli,2024,Rabi,Rice,522.91,19.2,46.2,Laterite,Drip,312.32,49.44,4268.89,2.63,54435.9,168786.0
7604,Karnataka,Hubli,2024,Zaid,Pulses,2108.22,28.8,54.3,Laterite,Rain-fed,321.7,49.79,3058.63,8.05,54720.09,423602.00000000006
7605,Karnataka,Hubli,2024,Kharif,Maize,1515.81,27.5,78.1,Alluvial,Rain-fed,313.07,34.37,1072.72,7.89,41396.83,143696.0
7606,Karnataka,Hubli,2024,Rabi,Sugarcane,961.15,18.1,44.4,Sandy,Rain-fed,174.67,46.65,4289.52,8.42,44229.73,599274.0
7607,Karnataka,Hubli,2024,Rabi,Cotton,1498.78,18.8,87.9,Sandy,Sprinkler,55.54,42.0,306.16,7.38,19836.94,22257.0
7608,Karnataka,Hubli,2024,Rabi,Sugarcane,1792.45,33.8,41.3,Black,Sprinkler,381.35,47.29,3720.24,3.45,32172.73,157701.0
7609,Karnataka,Hubli,2024,Kharif,Maize,1539.83,36.9,40.6,Alluvial,Canal,202.58,46.05,3653.49,7.75,55194.14,464010.00000000006
7610,Karnataka,Hubli,2024,Kharif,Sugarcane,1369.97,24.0,49.1,Red,Drip,411.83,21.8,3573.26,6.48,49607.46,412260.00000000006
7611,Karnataka,Hubli,2024,Rabi,Pulses,2179.1,25.7,65.1,Black,Sprinkler,176.06,13.41,4959.71,6.82,21398.52,300987.0
7612,Karnataka,Hubli,2024,Zaid,Wheat,947.75,27.0,59.9,Red,Rain-fed,345.19,48.9,3280.95,5.64,16503.84,186688.0
7613,Karnataka,Hubli,2024,Zaid,Wheat,808.74,33.7,38.1,Alluvial,Tube Well,70.34,39.39,3110.35,2.57,53880.38,90244.0
7614,Karnataka,Hubli,2024,Kharif,Rice,1923.93,29.1,86.1,Black,Tube Well,239.17,12.67,1149.95,5.82,46656.67,103146.0
7615,Karnataka,Belagavi,2024,Kharif,Millets,1443.29,22.9,63.0,Alluvial,Sprinkler,277.13,10.47,2147.81,1.8,32369.53,55983.00000000001
7616,Karnataka,Belagavi,2024,Zaid,Maize,1576.27,29.5,74.8,Red,Rain-fed,339.49,35.24,4405.62,2.74,29470.12,214837.0
7617,Karnataka,Belagavi,2024,Zaid,Cotton,1003.62,26.4,48.1,Sandy,Tube Well,264.1,25.55,480.97,6.38,20773.85,37931.0
7618,Karnataka,Belagavi,2024,Zaid,Barley,1933.4,32.1,41.5,Laterite,Sprinkler,144.79,10.41,1333.41,3.39,18087.77,38349.0
7619,Karnataka,Belagavi,2024,Rabi,Wheat,1167.3,27.1,56.8,Red,Sprinkler,77.82,59.57,1347.85,7.87,57656.25,147795.0
7620,Karnataka,Belagavi,2024,Rabi,Sugarcane,1217.45,30.4,81.0,Alluvial,Tube Well,75.26,53.72,4004.94,7.9,17371.62,358736.0
7621,Karnataka,Belagavi,2024,Zaid,Cotton,805.24,35.7,74.0,Sandy,Rain-fed,363.49,23.01,3857.38,4.04,35064.9,198315.0
7622,Karnataka,Belagavi,2024,Kharif,Millets,2186.4,35.6,53.2,Laterite,Rain-fed,206.39,12.99,3778.75,5.03,29519.22,282373.0
7623,Karnataka,Belagavi,2024,Rabi,Millets,412.25,21.0,43.5,Sandy,Tube Well,184.28,24.0,2330.64,6.88,55186.35,130426.0
7624,Karnataka,Belagavi,2024,Kharif,Barley,595.93,28.8,76.1,Black,Canal,95.96,41.51,708.35,2.73,27529.33,33424.0
7625,Karnataka,Belagavi,2024,Rabi,Pulses,490.77,34.7,48.6,Red,Tube Well,385.67,31.69,3354.64,7.31,25549.39,375632.0
7626,Karnataka,Belagavi,2024,Kharif,Millets,2139.55,32.8,68.4,Laterite,Tube Well,339.58,5.45,1053.86,2.12,31899.85,37860.0
7627,Karnataka,Belagavi,2024,Rabi,Rice,1636.82,33.7,88.1,Alluvial,Tube Well,362.84,7.73,3580.06,2.12,56689.55,69693.0
7628,Karnataka,Belagavi,2024,Kharif,Maize,1473.92,32.4,80.9,Red,Sprinkler,362.78,24.42,1043.33,3.29,37899.24,41106.0
7629,Karnataka,Belagavi,2024,Kharif,Maize,1566.04,26.9,82.8,Laterite,Drip,449.79,16.02,4411.25,3.03,24120.49,225121.99999999997
7630,Karnataka,Belagavi,2024,Zaid,Cotton,2090.37,28.2,66.5,Laterite,Tube Well,70.41,5.26,4134.6,8.14,13529.07,584053.0
7631,Karnataka,Belagavi,2024,Kharif,Rice,1530.42,33.1,60.5,Black,Sprinkler,429.13,15.04,4344.38,2.12,47469.61,142077.0
7632,Karnataka,Belagavi,2024,Zaid,Pulses,1587.45,23.6,35.4,Red,Canal,367.01,47.85,3757.33,6.45,30876.14,278562.0
7633,Karnataka,Mangalore,2024,Kharif,Rice,873.89,24.7,38.1,Sandy,Canal,369.08,41.48,3292.85,2.79,51929.33,76231.0
7634,Karnataka,Mangalore,2024,Rabi,Wheat,1608.84,26.8,61.4,Black,Drip,313.8,28.85,1928.85,1.46,27271.56,31145.0
7635,Karnataka,Mangalore,2024,Kharif,Wheat,1769.06,21.9,68.1,Sandy,Sprinkler,426.51,23.42,3611.68,2.99,39363.41,186428.0
7636,Karnataka,Mangalore,2024,Zaid,Rice,1697.4,35.2,45.2,Alluvial,Canal,58.6,33.7,353.15,1.72,21121.61,7314.0
7637,Karnataka,Mangalore,2024,Kharif,Rice,1108.37,26.3,63.3,Red,Rain-fed,359.83,29.33,3267.97,2.97,15311.48,171063.0
7638,Karnataka,Mangalore,2024,Rabi,Pulses,456.49,29.1,77.4,Alluvial,Canal,88.45,44.44,3427.82,5.07,39221.24,269255.0
7639,Karnataka,Mangalore,2024,Kharif,Rice,1635.06,26.9,86.3,Laterite,Sprinkler,280.16,56.12,3505.07,5.46,55004.44,161646.0
7640,Karnataka,Mangalore,2024,Kharif,Wheat,2024.89,32.7,79.9,Sandy,Sprinkler,253.14,24.94,795.43,7.55,41930.86,72705.0
7641,Karnataka,Mangalore,2024,Zaid,Barley,948.52,29.5,45.1,Black,Rain-fed,165.57,15.35,1458.05,2.94,44917.24,58441.0
7642,Karnataka,Mangalore,2024,Kharif,Pulses,926.06,25.1,66.4,Black,Rain-fed,396.3,35.91,3122.22,2.34,34778.06,94201.0
7643,Karnataka,Mangalore,2024,Rabi,Wheat,720.5,34.2,60.2,Sandy,Sprinkler,313.41,24.83,1032.44,7.78,54285.14,131268.0
7644,Karnataka,Mangalore,2024,Rabi,Pulses,796.64,23.4,75.8,Alluvial,Tube Well,203.76,37.41,2070.39,3.98,52267.56,137495.0
7645,Karnataka,Mangalore,2024,Rabi,Sugarcane,1131.99,34.4,74.1,Red,Drip,184.82,8.03,4749.72,3.55,52426.67,279273.0
7646,Karnataka,Mangalore,2024,Kharif,Rice,650.91,32.3,46.0,Alluvial,Rain-fed,166.65,9.74,3430.23,2.89,58557.0,88469.0
7647,Karnataka,Mangalore,2024,Zaid,Pulses,2061.34,18.7,61.0,Red,Canal,361.9,52.55,777.07,7.23,57392.61,69068.0
7648,Karnataka,Mangalore,2024,Kharif,Millets,2160.6,33.8,49.6,Laterite,Rain-fed,291.37,44.19,3981.87,8.14,53769.3,437105.0
7649,Karnataka,Mangalore,2024,Rabi,Wheat,1107.37,33.3,65.1,Black,Rain-fed,403.43,39.69,1978.06,6.26,58107.07,192903.0
7650,Karnataka,Mangalore,2024,Rabi,Pulses,1484.38,27.7,54.5,Laterite,Drip,357.52,42.09,1278.59,7.22,36916.9,80210.0
7651,Tamil Nadu,Chennai,2024,Rabi,Millets,1254.13,34.6,35.0,Black,Sprinkler,319.53,30.19,2997.67,3.37,54277.81,113083.0
7652,Tamil Nadu,Chennai,2024,Kharif,Rice,426.42,26.6,56.8,Sandy,Tube Well,120.94,48.5,4330.96,3.21,23754.37,232233.0
7653,Tamil Nadu,Chennai,2024,Zaid,Sugarcane,1958.33,30.7,52.6,Red,Sprinkler,434.27,42.84,2335.51,6.8,20086.22,138720.0
7654,Tamil Nadu,Chennai,2024,Rabi,Rice,2115.99,18.3,47.9,Black,Canal,402.93,37.74,2787.47,5.54,40819.52,255139.0
7655,Tamil Nadu,Chennai,2024,Kharif,Pulses,2188.18,25.4,83.2,Red,Drip,401.01,21.31,3098.56,2.3,53562.77,121160.99999999999
7656,Tamil Nadu,Chennai,2024,Rabi,Cotton,1525.08,19.7,39.8,Black,Rain-fed,367.81,51.2,2680.61,7.79,29440.83,194700.0
7657,Tamil Nadu,Chennai,2024,Zaid,Barley,722.43,21.5,41.2,Black,Rain-fed,53.92,30.78,257.48,2.09,58969.91,8367.0
7658,Tamil Nadu,Chennai,2024,Rabi,Rice,501.97,38.0,72.1,Alluvial,Sprinkler,84.93,49.75,3803.31,6.83,58319.49,261538.0
7659,Tamil Nadu,Chennai,2024,Zaid,Barley,1615.84,31.1,77.2,Sandy,Sprinkler,101.32,38.15,4542.89,6.85,39330.72,291866.0
7660,Tamil Nadu,Chennai,2024,Rabi,Sugarcane,1765.25,23.9,39.3,Laterite,Tube Well,117.87,30.38,2317.81,1.73,44991.27,34668.0
7661,Tamil Nadu,Chennai,2024,Rabi,Maize,1326.54,26.8,82.7,Black,Drip,248.04,55.72,1968.55,2.81,36087.63,57292.99999999999
7662,Tamil Nadu,Chennai,2024,Kharif,Pulses,2135.81,36.2,42.8,Sandy,Rain-fed,344.31,6.68,2678.69,1.69,45044.17,64202.0
7663,Tamil Nadu,Chennai,2024,Kharif,Barley,1743.31,36.2,64.4,Black,Rain-fed,256.28,55.59,1715.39,8.01,31577.66,136481.0
7664,Tamil Nadu,Chennai,2024,Kharif,Maize,1973.86,19.2,56.8,Laterite,Rain-fed,244.85,33.62,2656.2,7.7,58665.55,267521.0
7665,Tamil Nadu,Chennai,2024,Zaid,Cotton,1616.0,25.8,56.6,Laterite,Tube Well,101.0,21.71,3033.28,7.07,21657.66,200159.0
7666,Tamil Nadu,Chennai,2024,Rabi,Rice,1790.56,32.0,35.4,Black,Sprinkler,240.86,33.86,688.34,5.43,22998.87,59404.0
7667,Tamil Nadu,Chennai,2024,Kharif,Barley,1155.74,22.2,43.4,Alluvial,Canal,251.27,34.91,650.33,2.31,51270.24,18085.0
7668,Tamil Nadu,Chennai,2024,Zaid,Wheat,1488.65,18.0,67.3,Sandy,Rain-fed,228.39,42.05,1964.73,5.58,20389.78,175404.0
7669,Tamil Nadu,Coimbatore,2024,Rabi,Millets,2084.8,31.7,77.8,Sandy,Rain-fed,370.22,6.17,4382.32,2.93,31579.58,217304.0
7670,Tamil Nadu,Coimbatore,2024,Zaid,Millets,1137.31,28.0,86.8,Sandy,Canal,333.92,38.03,709.8,8.06,27466.03,81261.0
7671,Tamil Nadu,Coimbatore,2024,Kharif,Millets,913.11,32.1,42.7,Black,Drip,400.77,6.99,2888.27,2.62,45081.39,109910.99999999999
7672,Tamil Nadu,Coimbatore,2024,Zaid,Maize,1675.99,29.4,51.3,Laterite,Drip,221.39,17.93,1150.35,1.84,33340.29,17207.0
7673,Tamil Nadu,Coimbatore,2024,Kharif,Rice,1051.8,37.9,70.2,Sandy,Rain-fed,352.62,6.85,2637.44,6.99,49753.75,314470.0
7674,Tamil Nadu,Coimbatore,2024,Zaid,Barley,833.25,33.2,80.7,Laterite,Sprinkler,374.87,50.15,3314.52,3.69,32711.83,129249.0
7675,Tamil Nadu,Coimbatore,2024,Zaid,Rice,690.45,19.0,53.1,Alluvial,Tube Well,425.53,34.63,2752.04,2.02,61537.33,64076.0
7676,Tamil Nadu,Coimbatore,2024,Zaid,Rice,748.85,34.6,54.0,Black,Sprinkler,56.16,22.76,2959.01,8.22,48878.78,236087.0
7677,Tamil Nadu,Coimbatore,2024,Rabi,Cotton,1216.34,21.9,35.5,Alluvial,Rain-fed,213.17,37.23,3056.22,7.44,22720.71,364566.0
7678,Tamil Nadu,Coimbatore,2024,Kharif,Wheat,2113.84,27.2,59.1,Red,Tube Well,219.24,40.5,3581.08,6.07,50131.65,189162.0
7679,Tamil Nadu,Coimbatore,2024,Zaid,Maize,1080.17,26.7,54.6,Alluvial,Drip,418.6,52.63,1992.24,4.56,26932.34,162074.0
7680,Tamil Nadu,Coimbatore,2024,Zaid,Maize,1893.94,18.9,81.0,Laterite,Canal,104.82,45.28,256.95,7.84,52782.18,19651.0
7681,Tamil Nadu,Coimbatore,2024,Kharif,Maize,2017.17,37.1,66.5,Alluvial,Drip,91.83,37.91,4393.05,2.04,37799.0,106684.99999999999
7682,Tamil Nadu,Coimbatore,2024,Rabi,Barley,1019.91,31.9,81.5,Sandy,Rain-fed,344.26,16.48,4954.3,3.37,64520.85,287305.0
7683,Tamil Nadu,Coimbatore,2024,Kharif,Wheat,2167.16,26.0,73.8,Red,Sprinkler,440.31,23.91,2741.07,1.76,55943.76,50673.0
7684,Tamil Nadu,Coimbatore,2024,Zaid,Rice,952.85,36.9,69.0,Laterite,Rain-fed,75.06,32.72,2694.45,2.25,22891.97,74945.0
7685,Tamil Nadu,Coimbatore,2024,Rabi,Wheat,479.01,25.8,43.6,Black,Drip,245.22,9.72,859.94,1.28,60085.93,15943.0
7686,Tamil Nadu,Coimbatore,2024,Kharif,Rice,500.09,26.7,73.8,Alluvial,Drip,395.15,11.54,2271.21,4.11,26131.52,100081.0
7687,Tamil Nadu,Madurai,2024,Zaid,Pulses,527.28,22.3,86.2,Black,Drip,350.02,44.28,2631.48,3.23,46200.59,99838.0
7688,Tamil Nadu,Madurai,2024,Kharif,Millets,2164.18,22.5,40.7,Sandy,Drip,205.6,23.78,1316.66,3.87,49515.99,78098.0
7689,Tamil Nadu,Madurai,2024,Kharif,Maize,499.07,19.1,47.4,Alluvial,Sprinkler,389.16,8.42,236.08,2.4,64131.27,8304.0
7690,Tamil Nadu,Madurai,2024,Rabi,Millets,1389.01,33.0,74.1,Red,Rain-fed,377.03,21.05,951.99,1.21,13153.63,19481.0
7691,Tamil Nadu,Madurai,2024,Rabi,Millets,855.31,26.5,83.1,Sandy,Drip,276.9,6.15,4809.57,6.77,50187.27,297317.0
7692,Tamil Nadu,Madurai,2024,Kharif,Wheat,1222.86,28.4,44.0,Sandy,Drip,230.18,18.68,3740.75,4.06,17264.33,151091.0
7693,Tamil Nadu,Madurai,2024,Rabi,Millets,594.53,22.4,60.0,Sandy,Tube Well,153.81,23.63,896.33,7.77,31082.75,63140.0
7694,Tamil Nadu,Madurai,2024,Kharif,Cotton,1504.02,29.1,59.0,Red,Rain-fed,325.37,27.83,1485.95,5.67,23310.92,135715.0
7695,Tamil Nadu,Madurai,2024,Zaid,Pulses,500.15,21.4,50.2,Sandy,Rain-fed,443.32,33.94,1234.26,7.74,15996.19,130200.0
7696,Tamil Nadu,Madurai,2024,Zaid,Millets,483.72,24.8,58.7,Laterite,Drip,201.24,40.42,2270.26,2.49,29092.92,63033.00000000001
7697,Tamil Nadu,Madurai,2024,Zaid,Pulses,445.97,38.0,66.7,Laterite,Rain-fed,419.95,42.44,3360.85,3.67,37428.14,98918.0
7698,Tamil Nadu,Madurai,2024,Zaid,Millets,1141.67,24.5,42.6,Laterite,Canal,209.46,16.5,2773.31,3.09,20392.71,92029.0
7699,Tamil Nadu,Madurai,2024,Rabi,Rice,959.03,23.3,63.1,Laterite,Sprinkler,145.16,6.45,2670.13,4.7,46765.5,137435.0
7700,Tamil Nadu,Madurai,2024,Kharif,Millets,623.08,23.5,35.4,Laterite,Sprinkler,318.57,22.88,1645.67,5.67,52863.87,75232.0
7701,Tamil Nadu,Madurai,2024,Zaid,Barley,1668.98,22.1,38.5,Red,Sprinkler,305.95,37.43,630.54,6.92,46341.28,58745.00000000001
7702,Tamil Nadu,Madurai,2024,Rabi,Barley,958.97,25.6,52.9,Sandy,Rain-fed,314.99,38.77,3638.27,5.61,15960.46,226956.0
7703,Tamil Nadu,Madurai,2024,Rabi,Millets,505.7,34.1,83.2,Black,Tube Well,150.58,36.66,3015.32,6.61,58715.46,191053.0
7704,Tamil Nadu,Madurai,2024,Zaid,Wheat,631.7,25.4,78.8,Red,Rain-fed,175.09,23.08,3815.92,3.76,64526.0,131629.0
7705,Tamil Nadu,Salem,2024,Rabi,Wheat,559.52,30.1,55.3,Alluvial,Drip,417.75,33.67,3230.89,5.62,24689.29,326203.0
7706,Tamil Nadu,Salem,2024,Kharif,Cotton,1958.19,18.9,44.3,Laterite,Rain-fed,412.93,25.05,2126.97,2.97,15140.09,108223.0
7707,Tamil Nadu,Salem,2024,Kharif,Rice,1298.18,37.8,61.3,Alluvial,Canal,449.27,18.79,3821.33,4.56,13530.53,207598.99999999997
7708,Tamil Nadu,Salem,2024,Kharif,Pulses,1408.3,33.6,69.7,Alluvial,Drip,374.07,7.87,2285.85,8.22,49347.12,186220.0
7709,Tamil Nadu,Salem,2024,Rabi,Cotton,679.68,30.7,77.6,Laterite,Canal,132.17,26.72,4536.45,4.11,60487.56,245346.99999999997
7710,Tamil Nadu,Salem,2024,Zaid,Barley,1471.96,31.2,62.3,Black,Sprinkler,326.41,41.66,603.39,2.81,28817.59,25899.0
7711,Tamil Nadu,Salem,2024,Kharif,Cotton,605.68,26.8,41.7,Red,Sprinkler,215.73,15.66,4900.13,1.89,29497.97,122043.0
7712,Tamil Nadu,Salem,2024,Rabi,Barley,788.19,27.6,71.7,Sandy,Canal,248.87,7.59,3197.87,2.06,55534.56,54520.00000000001
7713,Tamil Nadu,Salem,2024,Kharif,Maize,2197.22,32.9,58.5,Black,Sprinkler,350.88,27.86,2820.54,7.5,59663.32,284474.0
7714,Tamil Nadu,Salem,2024,Kharif,Pulses,1954.9,22.5,60.9,Red,Drip,368.04,8.9,2009.05,2.74,26401.46,56589.0
7715,Tamil Nadu,Salem,2024,Zaid,Rice,1760.5,23.9,38.7,Sandy,Drip,444.11,40.25,3989.39,7.23,48688.24,364182.0
7716,Tamil Nadu,Salem,2024,Rabi,Wheat,2119.52,22.7,72.9,Red,Canal,63.44,9.32,3870.65,2.42,25820.13,78193.0
7717,Tamil Nadu,Salem,2024,Rabi,Pulses,1538.43,25.9,37.2,Sandy,Tube Well,344.29,9.64,1342.87,4.06,50731.33,59604.99999999999
7718,Tamil Nadu,Salem,2024,Zaid,Barley,590.49,24.3,69.7,Red,Rain-fed,146.75,54.14,2105.88,2.13,14633.76,70131.0
7719,Tamil Nadu,Salem,2024,Kharif,Rice,1382.78,33.1,62.7,Alluvial,Rain-fed,376.38,33.3,3302.17,3.14,41757.41,179695.0
7720,Tamil Nadu,Salem,2024,Zaid,Rice,406.52,30.0,54.0,Sandy,Sprinkler,262.09,44.58,4267.98,6.65,16715.24,486797.99999999994
7721,Tamil Nadu,Salem,2024,Kharif,Millets,1130.18,31.9,81.9,Black,Sprinkler,312.86,19.36,4967.93,4.52,19255.83,255255.00000000003
7722,Tamil Nadu,Salem,2024,Zaid,Barley,1662.8,32.2,41.8,Red,Sprinkler,213.69,13.08,2748.22,7.85,25469.53,360939.0
7723,Tamil Nadu,Tiruchirappalli,2024,Kharif,Maize,1704.45,18.8,48.6,Sandy,Rain-fed,199.39,39.75,2025.29,2.13,18952.61,62629.0
7724,Tamil Nadu,Tiruchirappalli,2024,Rabi,Cotton,1905.14,37.3,45.6,Laterite,Canal,78.45,37.98,2758.06,5.43,47229.62,218838.0
7725,Tamil Nadu,Tiruchirappalli,2024,Zaid,Millets,517.87,27.9,79.0,Red,Tube Well,316.53,9.73,2079.39,1.42,17533.99,45550.0
7726,Tamil Nadu,Tiruchirappalli,2024,Zaid,Barley,1008.79,28.2,54.3,Alluvial,Canal,210.32,8.72,3167.99,5.97,20409.71,157114.0
7727,Tamil Nadu,Tiruchirappalli,2024,Rabi,Barley,1461.28,26.4,45.7,Alluvial,Canal,376.18,47.43,3417.31,6.47,27200.3,248412.0
7728,Tamil Nadu,Tiruchirappalli,2024,Kharif,Wheat,1691.28,33.0,47.6,Black,Sprinkler,225.27,42.83,1474.71,6.47,47217.14,81127.0
7729,Tamil Nadu,Tiruchirappalli,2024,Kharif,Rice,1567.29,29.3,74.5,Alluvial,Canal,228.18,36.07,3038.36,2.05,38005.43,65372.0
7730,Tamil Nadu,Tiruchirappalli,2024,Zaid,Rice,1944.58,32.6,86.8,Red,Sprinkler,67.94,37.73,1148.4,1.36,60330.32,27587.0
7731,Tamil Nadu,Tiruchirappalli,2024,Kharif,Maize,1816.56,33.2,71.6,Red,Drip,152.0,32.87,2000.81,3.33,21284.77,105534.99999999999
7732,Tamil Nadu,Tiruchirappalli,2024,Kharif,Pulses,943.68,37.9,56.3,Black,Rain-fed,388.67,52.01,1232.03,4.81,36980.2,60022.0
7733,Tamil Nadu,Tiruchirappalli,2024,Rabi,Barley,1423.6,36.8,56.4,Black,Tube Well,88.04,20.71,2015.59,7.67,59365.63,184090.0
7734,Tamil Nadu,Tiruchirappalli,2024,Kharif,Barley,1560.47,30.7,38.4,Alluvial,Sprinkler,175.71,15.36,2884.23,6.47,23008.16,283703.0
7735,Tamil Nadu,Tiruchirappalli,2024,Zaid,Sugarcane,1460.62,33.9,85.2,Alluvial,Sprinkler,244.31,20.92,3730.65,2.13,39995.37,135458.0
7736,Tamil Nadu,Tiruchirappalli,2024,Kharif,Cotton,1977.64,34.4,73.0,Black,Sprinkler,122.06,32.75,3671.95,2.48,17898.78,152604.0
7737,Tamil Nadu,Tiruchirappalli,2024,Kharif,Millets,607.89,33.5,89.2,Black,Tube Well,164.42,34.2,3310.11,4.75,47999.39,209317.0
7738,Tamil Nadu,Tiruchirappalli,2024,Rabi,Sugarcane,1787.52,21.6,79.4,Alluvial,Drip,193.31,59.18,1232.33,8.09,33985.11,154544.0
7739,Tamil Nadu,Tiruchirappalli,2024,Kharif,Millets,2009.72,26.2,81.5,Alluvial,Drip,322.41,47.1,303.86,3.22,34160.19,16357.0
7740,Tamil Nadu,Tiruchirappalli,2024,Zaid,Cotton,2150.23,29.3,50.1,Black,Canal,298.15,46.79,2817.08,7.91,31492.9,221998.99999999997
7741,Rajasthan,Jaipur,2024,Zaid,Millets,1016.55,30.7,69.7,Alluvial,Canal,55.21,45.51,1737.07,5.81,57893.77,137154.0
7742,Rajasthan,Jaipur,2024,Kharif,Sugarcane,1523.44,22.1,67.7,Red,Sprinkler,262.41,45.65,4612.14,2.9,25365.85,139342.0
7743,Rajasthan,Jaipur,2024,Zaid,Sugarcane,1565.97,26.2,54.4,Black,Canal,191.43,19.41,2243.18,3.53,30867.47,119055.0
7744,Rajasthan,Jaipur,2024,Rabi,Sugarcane,2050.04,33.3,65.5,Sandy,Drip,381.85,46.25,4903.68,1.25,12593.27,56139.0
7745,Rajasthan,Jaipur,2024,Kharif,Wheat,601.75,30.0,40.3,Sandy,Drip,363.97,27.72,4037.21,4.39,18623.54,153141.0
7746,Rajasthan,Jaipur,2024,Rabi,Sugarcane,2009.5,37.8,88.2,Alluvial,Drip,332.37,59.21,342.18,4.09,59787.49,13269.999999999998
7747,Rajasthan,Jaipur,2024,Zaid,Cotton,1626.94,30.2,67.6,Alluvial,Sprinkler,303.27,42.3,2660.14,5.62,52999.17,125934.99999999999
7748,Rajasthan,Jaipur,2024,Zaid,Rice,840.94,20.6,88.3,Black,Tube Well,79.49,10.69,4293.82,6.46,48738.12,350368.0
7749,Rajasthan,Jaipur,2024,Kharif,Wheat,423.83,31.8,87.0,Red,Drip,91.33,46.67,1852.44,2.6,21082.51,70720.0
7750,Rajasthan,Jaipur,2024,Kharif,Wheat,796.36,26.1,63.2,Red,Canal,195.79,46.15,3830.38,2.51,26961.76,147486.0
7751,Rajasthan,Jaipur,2024,Zaid,Rice,1876.59,22.9,80.3,Red,Canal,151.01,35.92,3922.31,1.56,52680.85,51922.0
7752,Rajasthan,Jaipur,2024,Rabi,Maize,2099.65,36.1,58.2,Laterite,Canal,287.99,31.42,2820.47,3.19,59302.74,161657.0
7753,Rajasthan,Jaipur,2024,Kharif,Wheat,1445.55,21.0,77.8,Red,Sprinkler,161.25,25.48,2710.93,4.44,43109.39,173212.0
7754,Rajasthan,Jaipur,2024,Zaid,Rice,1590.95,35.6,46.5,Alluvial,Drip,363.71,57.71,1930.6,6.5,17354.77,209752.0
7755,Rajasthan,Jaipur,2024,Zaid,Barley,1401.35,27.8,41.0,Black,Canal,302.36,10.7,286.91,4.49,41743.79,11294.0
7756,Rajasthan,Jaipur,2024,Kharif,Wheat,883.82,22.8,78.4,Alluvial,Tube Well,224.33,13.64,2498.74,2.07,35093.47,51573.0
7757,Rajasthan,Jaipur,2024,Zaid,Pulses,656.52,37.6,46.1,Laterite,Sprinkler,419.23,41.84,4984.23,6.28,21852.88,495776.0
7758,Rajasthan,Jaipur,2024,Zaid,Barley,1131.62,22.8,54.1,Alluvial,Tube Well,248.57,46.57,3899.2,4.26,24392.14,262684.0
7759,Rajasthan,Jodhpur,2024,Zaid,Maize,918.75,33.4,67.1,Black,Sprinkler,181.74,16.7,770.8,6.91,64448.46,57479.0
7760,Rajasthan,Jodhpur,2024,Kharif,Cotton,658.39,22.9,80.1,Laterite,Drip,134.01,15.36,1695.88,7.46,26586.93,169600.0
7761,Rajasthan,Jodhpur,2024,Zaid,Sugarcane,409.07,29.9,59.9,Alluvial,Sprinkler,249.25,54.38,4164.94,5.97,40166.72,219127.0
7762,Rajasthan,Jodhpur,2024,Zaid,Millets,688.12,33.2,49.1,Laterite,Tube Well,103.38,36.63,3600.27,7.64,54612.03,275362.0
7763,Rajasthan,Jodhpur,2024,Zaid,Millets,803.13,35.2,78.3,Black,Drip,139.22,56.38,4918.94,5.87,18220.75,279357.0
7764,Rajasthan,Jodhpur,2024,Kharif,Rice,1972.1,34.0,50.5,Laterite,Rain-fed,67.62,31.83,4056.74,7.21,43601.85,444582.0
7765,Rajasthan,Jodhpur,2024,Kharif,Rice,1734.52,27.4,81.0,Laterite,Rain-fed,186.18,50.83,297.3,6.92,36940.16,34343.0
7766,Rajasthan,Jodhpur,2024,Zaid,Maize,1208.12,18.5,86.5,Black,Canal,283.7,58.94,3105.46,8.39,60093.93,315521.0
7767,Rajasthan,Jodhpur,2024,Rabi,Rice,1706.51,29.8,55.0,Sandy,Canal,236.07,33.28,2795.27,7.89,13907.01,192952.0
7768,Rajasthan,Jodhpur,2024,Zaid,Millets,768.48,24.8,57.0,Laterite,Sprinkler,352.58,17.35,4225.06,5.15,53304.47,384378.0
7769,Rajasthan,Jodhpur,2024,Rabi,Cotton,2139.04,19.0,87.9,Red,Sprinkler,356.9,35.77,2563.62,5.7,37649.2,137981.0
7770,Rajasthan,Jodhpur,2024,Kharif,Pulses,1085.45,22.4,56.1,Alluvial,Sprinkler,214.67,35.89,1028.93,7.82,40570.56,95956.0
7771,Rajasthan,Jodhpur,2024,Kharif,Maize,1791.59,19.7,87.8,Laterite,Canal,89.96,51.26,4701.83,5.5,12548.3,387988.0
7772,Rajasthan,Jodhpur,2024,Kharif,Maize,973.1,21.2,49.8,Sandy,Drip,270.9,5.88,2968.33,5.5,18318.54,211956.0
7773,Rajasthan,Jodhpur,2024,Zaid,Barley,2074.08,19.1,50.2,Black,Rain-fed,266.55,54.14,4674.93,6.12,44090.53,255954.0
7774,Rajasthan,Jodhpur,2024,Zaid,Millets,1330.77,26.2,87.4,Laterite,Sprinkler,327.08,58.75,2840.5,2.37,27171.59,58858.00000000001
7775,Rajasthan,Jodhpur,2024,Rabi,Barley,1089.32,30.8,78.5,Alluvial,Tube Well,439.87,44.95,4930.08,8.39,41958.74,687454.0
7776,Rajasthan,Jodhpur,2024,Rabi,Wheat,1869.71,24.0,53.9,Laterite,Drip,438.56,38.73,3572.46,8.39,62763.37,290306.0
7777,Rajasthan,Udaipur,2024,Kharif,Cotton,1034.63,30.8,86.6,Laterite,Rain-fed,53.71,20.1,324.28,6.97,49855.07,24466.0
7778,Rajasthan,Udaipur,2024,Zaid,Cotton,867.88,21.9,81.0,Red,Rain-fed,180.76,50.32,1562.34,3.4,35324.77,45579.0
7779,Rajasthan,Udaipur,2024,Kharif,Wheat,894.39,27.8,45.9,Alluvial,Canal,243.2,41.19,1705.62,7.45,42511.99,216544.0
7780,Rajasthan,Udaipur,2024,Zaid,Cotton,1245.44,23.8,64.6,Laterite,Canal,185.41,54.28,3865.14,4.93,18782.69,285060.0
7781,Rajasthan,Udaipur,2024,Kharif,Rice,1222.66,29.2,47.7,Laterite,Rain-fed,439.89,24.66,1393.38,2.19,40304.84,47922.0
7782,Rajasthan,Udaipur,2024,Zaid,Rice,1024.94,35.9,68.7,Alluvial,Drip,213.41,52.26,4805.47,8.08,45608.73,490667.0
7783,Rajasthan,Udaipur,2024,Zaid,Wheat,588.18,35.4,63.0,Laterite,Canal,165.89,12.88,4388.09,4.91,60697.14,340904.0
7784,Rajasthan,Udaipur,2024,Rabi,Pulses,1949.3,30.5,53.3,Laterite,Tube Well,199.81,33.89,788.2,1.93,34852.16,26685.000000000004
7785,Rajasthan,Udaipur,2024,Rabi,Maize,1205.0,29.5,87.8,Laterite,Drip,185.02,19.13,4552.61,7.64,18164.31,482254.0
7786,Rajasthan,Udaipur,2024,Zaid,Sugarcane,1860.97,22.8,57.4,Alluvial,Drip,131.94,36.78,111.3,1.21,23626.43,1495.0
7787,Rajasthan,Udaipur,2024,Zaid,Wheat,924.88,24.0,48.7,Black,Canal,181.85,58.98,4922.44,4.15,45442.2,242378.00000000003
7788,Rajasthan,Udaipur,2024,Kharif,Barley,435.34,36.4,35.2,Black,Drip,402.72,29.53,4026.72,5.88,58422.54,212925.0
7789,Rajasthan,Udaipur,2024,Zaid,Millets,2039.37,23.3,60.9,Sandy,Sprinkler,198.6,11.58,1594.78,5.02,63500.77,124332.0
7790,Rajasthan,Udaipur,2024,Zaid,Wheat,1653.01,33.7,59.2,Red,Tube Well,64.01,39.92,1422.09,2.98,60948.98,44420.0
7791,Rajasthan,Udaipur,2024,Kharif,Cotton,423.25,36.2,40.5,Sandy,Drip,103.22,28.58,4891.23,6.99,59165.35,282403.0
7792,Rajasthan,Udaipur,2024,Rabi,Wheat,1521.55,20.9,63.2,Sandy,Canal,393.89,12.14,292.66,3.81,13283.74,12855.000000000002
7793,Rajasthan,Udaipur,2024,Zaid,Millets,1869.67,31.5,76.9,Black,Sprinkler,304.3,19.61,1012.41,1.73,20830.65,15841.999999999998
7794,Rajasthan,Udaipur,2024,Rabi,Wheat,2124.64,29.2,55.9,Black,Rain-fed,88.13,18.21,183.43,2.37,15699.26,4501.0
7795,Rajasthan,Kota,2024,Zaid,Sugarcane,1369.93,23.7,58.8,Alluvial,Drip,182.53,13.1,377.89,1.97,51820.04,8940.0
7796,Rajasthan,Kota,2024,Kharif,Sugarcane,1888.32,30.7,84.3,Black,Sprinkler,352.55,44.58,1833.83,1.33,41703.74,23697.0
7797,Rajasthan,Kota,2024,Kharif,Pulses,587.75,28.7,70.6,Black,Sprinkler,57.5,8.56,4853.19,2.69,64533.21,207508.0
7798,Rajasthan,Kota,2024,Zaid,Rice,1483.93,20.6,56.8,Laterite,Drip,163.86,11.94,2665.25,4.33,26854.49,168397.0
7799,Rajasthan,Kota,2024,Kharif,Millets,1246.74,19.9,55.7,Red,Tube Well,99.39,46.9,322.57,7.7,39739.67,38956.0
7800,Rajasthan,Kota,2024,Rabi,Millets,1640.62,32.8,39.8,Red,Tube Well,123.4,6.25,4481.62,6.36,24463.12,329672.0
7801,Rajasthan,Kota,2024,Rabi,Rice,1211.91,31.2,66.5,Alluvial,Rain-fed,233.88,59.95,3443.83,6.26,37927.07,335415.0
7802,Rajasthan,Kota,2024,Zaid,Rice,2014.75,35.5,88.3,Sandy,Drip,112.09,19.54,4028.81,6.8,53549.83,238567.0
7803,Rajasthan,Kota,2024,Kharif,Pulses,1803.71,35.7,79.2,Black,Sprinkler,215.03,18.38,4059.48,1.52,20021.91,56658.00000000001
7804,Rajasthan,Kota,2024,Zaid,Rice,1746.51,29.8,88.9,Sandy,Rain-fed,367.43,45.0,3301.67,4.32,53313.13,224375.0
7805,Rajasthan,Kota,2024,Zaid,Millets,1230.92,22.7,71.0,Laterite,Tube Well,114.8,16.41,972.31,3.76,46785.11,34720.0
7806,Rajasthan,Kota,2024,Kharif,Wheat,1124.96,27.0,53.6,Laterite,Sprinkler,137.39,24.04,1842.51,6.84,22854.34,117376.0
7807,Rajasthan,Kota,2024,Zaid,Sugarcane,1834.9,24.6,77.0,Red,Rain-fed,369.79,51.34,2582.27,7.72,38760.21,267474.0
7808,Rajasthan,Kota,2024,Rabi,Wheat,1977.58,33.3,43.9,Sandy,Canal,447.74,26.77,4613.8,3.0,15184.67,200397.0
7809,Rajasthan,Kota,2024,Kharif,Wheat,895.02,29.2,52.9,Laterite,Drip,175.9,31.75,4971.28,4.7,50076.52,221873.99999999997
7810,Rajasthan,Kota,2024,Rabi,Maize,782.46,33.6,64.3,Black,Canal,63.45,44.0,1230.34,3.89,41386.02,59686.0
7811,Rajasthan,Kota,2024,Zaid,Maize,818.94,34.1,81.6,Red,Rain-fed,373.14,28.44,1995.31,4.11,27005.43,95816.0
7812,Rajasthan,Kota,2024,Zaid,Sugarcane,1853.02,28.9,74.7,Sandy,Rain-fed,340.79,55.75,1890.75,7.04,39032.46,213719.99999999997
7813,Rajasthan,Ajmer,2024,Kharif,Millets,1789.66,20.3,73.0,Black,Rain-fed,161.36,24.8,2532.31,5.94,57795.41,158796.0
7814,Rajasthan,Ajmer,2024,Zaid,Pulses,810.58,24.0,54.7,Red,Tube Well,141.03,52.74,3512.32,7.41,64215.48,321694.0
7815,Rajasthan,Ajmer,2024,Kharif,Maize,1166.55,31.7,82.1,Red,Tube Well,191.69,27.7,2046.47,3.82,29631.11,129074.0
7816,Rajasthan,Ajmer,2024,Zaid,Wheat,1316.43,18.1,52.7,Sandy,Sprinkler,377.07,35.47,2567.83,1.27,30638.75,45271.0
7817,Rajasthan,Ajmer,2024,Rabi,Sugarcane,894.92,30.0,56.7,Red,Sprinkler,75.56,41.76,1512.39,3.15,18882.22,38382.0
7818,Rajasthan,Ajmer,2024,Rabi,Maize,850.13,32.2,75.4,Red,Sprinkler,286.93,33.01,4517.32,6.96,26260.72,534717.0
7819,Rajasthan,Ajmer,2024,Rabi,Pulses,502.99,37.3,71.8,Red,Sprinkler,367.8,19.16,4822.54,7.31,26134.83,521258.0
7820,Rajasthan,Ajmer,2024,Rabi,Maize,872.18,31.0,67.7,Black,Rain-fed,431.83,56.06,4167.54,2.09,14244.58,76914.0
7821,Rajasthan,Ajmer,2024,Kharif,Sugarcane,817.76,26.1,61.1,Laterite,Sprinkler,91.47,14.63,3692.98,5.07,57941.85,331178.0
7822,Rajasthan,Ajmer,2024,Zaid,Rice,434.64,33.9,63.7,Red,Drip,151.56,58.87,4395.24,3.41,38344.05,162176.0
7823,Rajasthan,Ajmer,2024,Rabi,Maize,1032.54,25.9,68.5,Alluvial,Drip,119.03,42.19,3797.23,6.25,59894.86,404441.0
7824,Rajasthan,Ajmer,2024,Zaid,Maize,1289.85,28.0,80.5,Laterite,Canal,179.78,42.64,4692.26,4.1,20756.12,161731.0
7825,Rajasthan,Ajmer,2024,Zaid,Pulses,1332.22,36.6,66.3,Laterite,Rain-fed,182.46,31.17,1024.82,2.66,51833.13,31064.999999999996
7826,Rajasthan,Ajmer,2024,Rabi,Maize,1966.48,34.9,54.9,Alluvial,Tube Well,231.59,26.12,2948.72,1.79,43924.8,81709.0
7827,Rajasthan,Ajmer,2024,Kharif,Millets,1044.73,27.4,50.4,Sandy,Tube Well,297.19,26.34,4780.28,1.23,28106.08,48963.0
7828,Rajasthan,Ajmer,2024,Rabi,Wheat,642.27,37.3,56.5,Alluvial,Rain-fed,136.98,21.82,2105.49,7.21,39212.92,264935.0
7829,Rajasthan,Ajmer,2024,Kharif,Millets,938.3,34.9,77.2,Alluvial,Drip,226.11,58.12,344.34,1.83,14305.66,7115.000000000001
7830,Rajasthan,Ajmer,2024,Kharif,Millets,1694.44,26.7,40.9,Red,Sprinkler,253.77,47.61,802.5,8.33,45734.59,97171.0
7831,West Bengal,Kolkata,2024,Rabi,Barley,1016.46,28.8,38.6,Laterite,Drip,378.42,54.16,1401.87,7.9,29357.15,125786.99999999999
7832,West Bengal,Kolkata,2024,Zaid,Pulses,1939.79,32.1,79.7,Laterite,Drip,325.28,29.3,2261.12,5.29,15856.42,98523.0
7833,West Bengal,Kolkata,2024,Kharif,Cotton,664.28,23.5,88.2,Sandy,Drip,356.89,46.34,3722.24,7.15,55450.38,243260.0
7834,West Bengal,Kolkata,2024,Kharif,Barley,787.07,19.1,77.5,Sandy,Canal,430.3,24.88,767.02,7.03,42610.24,76578.0
7835,West Bengal,Kolkata,2024,Kharif,Maize,653.54,19.3,75.5,Sandy,Rain-fed,320.94,14.07,3348.67,2.7,20746.2,95634.0
7836,West Bengal,Kolkata,2024,Zaid,Barley,1904.86,32.0,81.4,Laterite,Rain-fed,271.56,23.2,2664.44,6.76,17607.02,273447.0
7837,West Bengal,Kolkata,2024,Kharif,Wheat,2101.1,19.7,69.0,Sandy,Tube Well,180.68,32.35,1171.4,2.45,43890.01,26885.000000000004
7838,West Bengal,Kolkata,2024,Zaid,Barley,1384.37,27.6,42.2,Alluvial,Sprinkler,133.92,18.6,707.77,7.61,37439.59,66641.0
7839,West Bengal,Kolkata,2024,Kharif,Maize,1569.99,34.8,81.8,Black,Rain-fed,339.98,55.53,814.27,2.91,42332.71,40301.0
7840,West Bengal,Kolkata,2024,Zaid,Barley,750.61,23.1,86.3,Alluvial,Sprinkler,385.01,28.82,429.11,3.39,14353.3,20954.0
7841,West Bengal,Kolkata,2024,Kharif,Millets,1603.61,21.9,38.7,Sandy,Tube Well,202.8,31.94,683.77,3.86,46341.91,32933.0
7842,West Bengal,Kolkata,2024,Kharif,Wheat,1942.22,22.3,50.6,Red,Tube Well,322.85,47.67,2950.96,7.81,17790.01,227158.0
7843,West Bengal,Kolkata,2024,Kharif,Pulses,960.66,18.4,81.7,Sandy,Sprinkler,443.61,13.14,551.85,7.12,59094.08,37910.0
7844,West Bengal,Kolkata,2024,Zaid,Barley,500.14,34.7,36.4,Red,Drip,425.56,14.92,2615.25,7.34,43573.47,160624.0
7845,West Bengal,Kolkata,2024,Zaid,Wheat,1527.09,31.5,87.7,Alluvial,Canal,254.77,10.85,664.82,5.83,28335.66,69091.0
7846,West Bengal,Kolkata,2024,Kharif,Millets,1794.7,19.2,68.2,Sandy,Drip,122.66,28.03,3284.26,4.11,58892.54,227973.0
7847,West Bengal,Kolkata,2024,Kharif,Sugarcane,1595.4,18.3,46.3,Red,Tube Well,279.29,37.83,2833.58,5.94,12732.35,249757.00000000003
7848,West Bengal,Kolkata,2024,Zaid,Cotton,606.8,22.3,53.1,Sandy,Drip,416.09,41.24,2289.15,4.76,24415.82,87491.0
7849,West Bengal,Howrah,2024,Zaid,Millets,1535.66,20.8,38.9,Sandy,Rain-fed,440.34,45.09,1176.24,1.88,22284.6,18211.0
7850,West Bengal,Howrah,2024,Zaid,Wheat,1302.55,22.1,75.4,Red,Tube Well,330.21,37.75,1301.79,6.82,47213.83,120945.0
7851,West Bengal,Howrah,2024,Kharif,Sugarcane,894.64,34.4,59.1,Sandy,Drip,265.25,34.48,3377.02,6.28,40290.36,222578.00000000003
7852,West Bengal,Howrah,2024,Kharif,Sugarcane,541.23,35.1,63.0,Alluvial,Drip,221.07,16.59,1025.77,5.58,42144.26,60652.0
7853,West Bengal,Howrah,2024,Zaid,Sugarcane,1182.04,34.2,56.7,Red,Sprinkler,131.95,18.73,2867.22,6.12,64812.93,142881.0
7854,West Bengal,Howrah,2024,Rabi,Barley,565.76,36.4,53.6,Laterite,Rain-fed,331.27,49.57,1076.2,1.94,22846.62,18302.0
7855,West Bengal,Howrah,2024,Kharif,Wheat,1876.29,23.1,81.8,Laterite,Tube Well,381.9,43.46,704.79,4.2,56764.59,40540.0
7856,West Bengal,Howrah,2024,Rabi,Rice,696.28,21.5,44.2,Red,Sprinkler,194.38,50.62,4327.23,6.74,53929.78,273936.0
7857,West Bengal,Howrah,2024,Rabi,Millets,1554.87,35.3,46.2,Red,Sprinkler,448.91,15.17,824.77,4.66,14258.19,34279.0
7858,West Bengal,Howrah,2024,Rabi,Wheat,1970.04,31.6,46.0,Laterite,Drip,246.52,40.64,1216.05,6.57,41546.11,132370.0
7859,West Bengal,Howrah,2024,Rabi,Wheat,1672.74,18.1,56.3,Sandy,Canal,280.88,42.8,2461.84,1.91,36621.39,70716.0
7860,West Bengal,Howrah,2024,Rabi,Sugarcane,1768.27,19.0,52.6,Laterite,Tube Well,133.68,16.5,3061.54,2.76,63361.14,107508.99999999999
7861,West Bengal,Howrah,2024,Rabi,Sugarcane,760.35,25.8,82.6,Alluvial,Drip,305.41,58.03,2737.05,7.93,59864.62,259246.0
7862,West Bengal,Howrah,2024,Zaid,Sugarcane,1728.79,20.7,58.0,Red,Drip,259.1,11.7,3418.26,2.63,37316.4,120397.0
7863,West Bengal,Howrah,2024,Rabi,Barley,904.39,20.7,70.5,Alluvial,Tube Well,386.3,46.72,3373.18,3.89,21580.73,151707.0
7864,West Bengal,Howrah,2024,Rabi,Rice,1096.61,34.6,56.3,Red,Canal,147.2,31.79,3945.45,5.36,53811.09,271487.0
7865,West Bengal,Howrah,2024,Rabi,Cotton,1351.99,19.5,43.1,Sandy,Drip,319.4,28.81,3268.12,2.68,25301.29,145479.0
7866,West Bengal,Howrah,2024,Zaid,Millets,1406.11,35.1,67.4,Laterite,Canal,108.09,24.87,4400.54,3.85,59242.54,218683.0
7867,West Bengal,Darjeeling,2024,Rabi,Sugarcane,712.08,31.7,89.3,Alluvial,Sprinkler,139.49,17.81,101.15,2.74,25105.74,4272.0
7868,West Bengal,Darjeeling,2024,Zaid,Rice,1835.69,34.8,72.5,Sandy,Sprinkler,97.31,55.82,4843.48,2.06,37424.81,101507.0
7869,West Bengal,Darjeeling,2024,Zaid,Sugarcane,699.36,24.4,40.5,Black,Sprinkler,270.69,41.53,1908.51,5.18,54417.53,174643.0
7870,West Bengal,Darjeeling,2024,Rabi,Maize,994.46,34.3,77.8,Sandy,Rain-fed,238.02,30.67,3578.88,4.31,17188.21,149310.0
7871,West Bengal,Darjeeling,2024,Zaid,Sugarcane,591.53,37.6,50.1,Black,Drip,439.14,5.77,2160.93,1.52,32086.06,52564.0
7872,West Bengal,Darjeeling,2024,Zaid,Sugarcane,1138.92,18.4,86.9,Red,Canal,430.59,44.28,630.36,8.31,13006.23,47899.0
7873,West Bengal,Darjeeling,2024,Zaid,Sugarcane,869.9,37.3,85.7,Alluvial,Tube Well,337.0,34.16,931.32,3.63,16289.18,40117.0
7874,West Bengal,Darjeeling,2024,Kharif,Rice,2036.44,31.4,85.7,Laterite,Drip,145.31,15.63,3158.18,5.72,59657.38,179317.0
7875,West Bengal,Darjeeling,2024,Zaid,Pulses,762.61,30.2,70.2,Black,Drip,275.03,50.33,404.84,8.5,48957.0,32306.0
7876,West Bengal,Darjeeling,2024,Zaid,Sugarcane,1940.09,23.6,49.5,Laterite,Drip,224.7,8.4,2174.19,7.43,12083.25,290163.0
7877,West Bengal,Darjeeling,2024,Zaid,Barley,867.69,30.7,68.8,Sandy,Canal,357.41,32.35,803.49,2.16,39866.45,24436.0
7878,West Bengal,Darjeeling,2024,Rabi,Pulses,1786.4,25.8,37.9,Sandy,Drip,427.86,10.79,3444.16,7.6,26186.94,256434.0
7879,West Bengal,Darjeeling,2024,Rabi,Pulses,1091.06,20.6,40.7,Black,Tube Well,130.95,25.45,1950.18,6.19,17616.81,183112.0
7880,West Bengal,Darjeeling,2024,Kharif,Millets,1384.16,29.4,50.3,Sandy,Canal,117.55,59.98,3142.42,6.8,41761.73,224729.0
7881,West Bengal,Darjeeling,2024,Kharif,Sugarcane,786.34,27.2,41.0,Laterite,Rain-fed,256.54,45.03,1035.38,6.2,51646.35,102689.00000000001
7882,West Bengal,Darjeeling,2024,Rabi,Pulses,861.37,35.2,87.7,Black,Canal,137.65,38.74,3247.28,5.52,57302.02,148295.0
7883,West Bengal,Darjeeling,2024,Zaid,Wheat,717.83,25.4,41.8,Alluvial,Drip,326.64,47.8,4472.25,2.64,38132.65,150822.0
7884,West Bengal,Darjeeling,2024,Kharif,Cotton,1763.17,34.1,36.7,Sandy,Canal,392.55,22.93,4959.57,3.44,44689.55,138631.0
7885,West Bengal,Siliguri,2024,Zaid,Wheat,1581.91,36.9,80.0,Black,Tube Well,160.8,18.65,3270.89,6.24,42657.62,333390.0
7886,West Bengal,Siliguri,2024,Kharif,Sugarcane,679.78,29.5,64.7,Black,Drip,57.66,38.36,2260.3,4.91,63699.18,158689.0
7887,West Bengal,Siliguri,2024,Kharif,Sugarcane,1255.98,35.5,45.1,Alluvial,Rain-fed,276.56,55.86,3513.41,2.89,62403.5,115702.0
7888,West Bengal,Siliguri,2024,Kharif,Rice,462.22,28.6,68.1,Sandy,Tube Well,95.23,41.54,3884.05,4.92,48473.52,333592.0
7889,West Bengal,Siliguri,2024,Kharif,Wheat,1094.16,36.1,85.5,Black,Tube Well,110.04,31.32,1932.03,3.23,21657.21,67995.0
7890,West Bengal,Siliguri,2024,Zaid,Wheat,1988.69,34.2,69.4,Laterite,Rain-fed,276.27,23.94,3338.55,4.59,57280.96,250351.00000000003
7891,West Bengal,Siliguri,2024,Rabi,Pulses,1502.35,21.4,59.8,Sandy,Rain-fed,353.64,49.06,4233.39,2.04,58168.83,125106.0
7892,West Bengal,Siliguri,2024,Rabi,Wheat,1408.62,35.0,73.0,Red,Canal,404.69,38.51,2403.79,2.23,39035.08,96467.0
7893,West Bengal,Siliguri,2024,Zaid,Rice,912.78,22.1,38.5,Laterite,Canal,145.71,47.36,863.4,1.84,50885.21,22657.0
7894,West Bengal,Siliguri,2024,Kharif,Wheat,1207.38,19.1,52.2,Sandy,Sprinkler,186.56,25.59,4393.34,7.98,62355.4,587571.0
7895,West Bengal,Siliguri,2024,Zaid,Rice,1285.91,23.4,58.4,Sandy,Sprinkler,116.89,44.48,3084.26,6.85,19408.14,222157.00000000003
7896,West Bengal,Siliguri,2024,Zaid,Maize,631.74,26.8,75.9,Black,Drip,72.34,41.55,1175.94,2.64,55425.21,30301.0
7897,West Bengal,Siliguri,2024,Zaid,Maize,462.0,23.0,37.8,Red,Sprinkler,262.18,45.49,1967.86,8.22,20548.22,182337.0
7898,West Bengal,Siliguri,2024,Kharif,Rice,1885.23,34.5,44.1,Red,Tube Well,263.86,16.66,3754.91,8.42,30870.44,426699.0
7899,West Bengal,Siliguri,2024,Zaid,Pulses,1744.71,23.2,68.9,Laterite,Rain-fed,224.02,11.19,2552.43,2.56,35194.01,82246.0
7900,West Bengal,Siliguri,2024,Zaid,Sugarcane,900.71,29.2,36.7,Red,Rain-fed,349.24,24.82,154.82,2.74,53554.15,6122.0
7901,West Bengal,Siliguri,2024,Rabi,Barley,1833.15,33.2,56.8,Alluvial,Drip,370.89,41.69,3826.57,2.18,25689.16,113793.0
7902,West Bengal,Siliguri,2024,Kharif,Sugarcane,1752.91,18.5,65.9,Laterite,Tube Well,374.13,19.33,3180.08,1.43,53348.55,52921.0
7903,West Bengal,Malda,2024,Rabi,Sugarcane,2096.52,21.9,82.0,Laterite,Canal,339.23,48.68,3588.47,8.25,21758.22,298705.0
7904,West Bengal,Malda,2024,Rabi,Cotton,1335.83,18.6,75.7,Laterite,Tube Well,416.28,40.5,1715.78,4.28,54280.56,110136.99999999999
7905,West Bengal,Malda,2024,Zaid,Sugarcane,1398.44,32.2,38.9,Laterite,Canal,138.13,20.59,2120.04,2.53,18445.41,84093.0
7906,West Bengal,Malda,2024,Rabi,Sugarcane,1538.65,34.1,71.7,Sandy,Tube Well,365.86,45.73,3902.17,3.34,40967.48,163067.0
7907,West Bengal,Malda,2024,Zaid,Sugarcane,528.22,27.4,65.0,Sandy,Drip,248.08,43.0,2813.46,2.08,53185.56,51000.0
7908,West Bengal,Malda,2024,Rabi,Wheat,665.28,24.8,35.2,Alluvial,Tube Well,261.29,53.34,3017.98,4.17,17530.19,200895.0
7909,West Bengal,Malda,2024,Kharif,Barley,1875.71,21.9,48.9,Red,Drip,111.44,23.0,1056.83,6.16,26993.0,83857.0
7910,West Bengal,Malda,2024,Zaid,Millets,774.9,18.3,86.3,Black,Canal,157.99,26.12,895.21,2.24,45790.53,32566.000000000004
7911,West Bengal,Malda,2024,Rabi,Sugarcane,522.14,37.1,60.6,Sandy,Drip,265.92,35.27,761.55,2.13,19541.29,21038.0
7912,West Bengal,Malda,2024,Rabi,Maize,1487.74,22.5,37.0,Red,Rain-fed,66.52,58.12,3727.78,5.64,12417.98,373291.0
7913,West Bengal,Malda,2024,Rabi,Maize,518.04,25.6,80.7,Black,Sprinkler,435.08,28.56,1976.03,5.99,37430.44,188990.0
7914,West Bengal,Malda,2024,Zaid,Sugarcane,1404.96,34.3,49.1,Alluvial,Tube Well,200.26,55.12,1498.71,1.48,39630.11,28401.0
7915,West Bengal,Malda,2024,Kharif,Cotton,733.78,18.1,55.1,Black,Canal,376.65,25.63,3827.11,7.81,22543.86,397495.0
7916,West Bengal,Malda,2024,Rabi,Wheat,1158.76,34.5,47.0,Laterite,Drip,326.7,39.39,4715.14,5.64,55851.15,423916.0
7917,West Bengal,Malda,2024,Rabi,Maize,2041.25,18.1,47.8,Black,Tube Well,170.02,31.51,128.4,6.05,52399.35,9334.0
7918,West Bengal,Malda,2024,Kharif,Millets,1807.69,23.5,78.9,Sandy,Tube Well,159.68,37.74,1072.27,1.63,35368.32,30241.000000000004
7919,West Bengal,Malda,2024,Kharif,Pulses,2110.36,22.8,75.3,Sandy,Rain-fed,141.9,31.65,3422.47,7.29,14507.63,389441.0
7920,West Bengal,Malda,2024,Zaid,Cotton,484.59,28.4,51.8,Red,Canal,190.19,7.09,2140.39,5.25,47390.98,197488.0
